# Object Export From Tinkercad Server 2015

mtllib obj.mtl

o obj_0
v -26.685 		61.977 		24.649
v -26.619 		61.911 		25.264
v -26.514 		61.805 		25.838
v -26.372 		61.664 		26.362
v -26.199 		61.489 		26.828
v -22.587 		57.587 		0
v 43.587 		-8.587 		0
v 13.889 		36.872 		38.279
v -22.587 		-8.587 		0
v -26.199 		61.489 		21.172
v 13.881 		36.979 		37.754
v -26.372 		61.664 		21.638
v -26.514 		61.805 		22.162
v -26.619 		61.911 		22.736
v -26.685 		61.977 		23.351
v -26.707 		62 		24
v 13.665 		36.936 		37.847
v -26 		58.519 		20.7779
v 13.772 		36.959 		37.798
v 13.834 		37.05 		37.254
v 13.701 		37.029 		37.3
v 6.71 		30.699 		32.437
v 5 		30.848 		32.437
v 3.29 		30.699 		32.437
v -0.7939 		31 		27
v -3.1509 		30.5 		27
v -3.569 		30.905 		27
v -3.58 		30.9143 		27
v 13.771 		36.678 		38.939
v 3.884 		14.67 		40.894
v 3.67 		13.456 		39.785
v 13.934 		36.736 		38.811
v 13.878 		36.718 		38.851
v 8.368 		30.254 		35.563
v 8.42 		30.397 		34
v 6.632 		30.254 		37.078
v 5 		30.397 		37.078
v 13.822 		36.699 		38.893
v 13.647 		36.808 		38.419
v -26.199 		-13.489 		26.828
v -26.685 		-13.977 		24.649
v -26.619 		-13.911 		25.264
v -26.514 		-13.805 		25.838
v -26.372 		-13.664 		26.362
v -26 		-9.519 		20.7779
v 47 		-9.519 		20.0487
v -26.199 		-13.489 		21.172
v -26.372 		-13.664 		21.638
v -26.514 		-13.805 		22.162
v -26.619 		-13.911 		22.736
v -26.685 		-13.977 		23.351
v -26.707 		-14 		24
v 13.806 		36.852 		38.322
v 13.726 		36.831 		38.368
v 47 		-9.519 		7.68
v 3.368 		30.254 		37.078
v 1.58 		30.397 		34
v 13.836 		37.102 		36.742
v 0.67 		13.5 		38.5
v 13.679 		37.08 		36.789
v 0.302 		12.862 		37.078
v 46.8918 		-10.24 		20.1034
v 46.931 		-10.099 		20.081
v 46.969 		-9.907 		20.0594
v 13.886 		37.133 		36.225
v 2.038 		12.862 		38.5
v 46.982 		-9.7979 		20.052
v 46.992 		-9.714 		20.0502
v 13.705 		37.112 		36.269
v 13.78 		37.121 		35.745
v 46.508 		-11 		20.4052
v 46.526 		-10.977 		20.3877
v 46.634 		-10.816 		20.2827
v 9.699 		12.862 		30.922
v 46.715 		-10.6726 		20.204
v 46.73 		-10.646 		20.1955
v 11.04 		13.802 		30.922
v 13.901 		37.107 		35.221
v 46.811 		-10.469 		20.1493
v 46.879 		-10.286 		20.1106
v 13.676 		37.084 		35.267
v 12.199 		14.96 		30.922
v 9.33 		13.5 		29.5
v 13.744 		36.967 		34.263
v -26 		58.519 		7.68
v 10.567 		14.366 		29.5
v 13.821 		37.048 		34.74
v 13.957 		36.884 		33.744
v 11.634 		15.433 		29.5
v 13.853 		36.607 		32.81
v 13.904 		36.757 		33.274
v 13.138 		16.302 		30.922
v 13.669 		36.861 		33.789
v 13.804 		36.433 		32.352
v 13.76 		36.238 		31.905
v 12.544 		14.67 		32.437
v 11.33 		13.456 		32.437
v 1.632 		30.254 		35.563
v -26 		-9.519 		7.68
v 13.529 		16.076 		32.437
v 13.6392 		35.8436 		38.4248
v 13.6812 		35.84 		38.4691
v 13.6157 		35.8457 		38.4
v 8.216 		30.482 		29.359
v 13.6065 		35.8465 		38.3903
v 13.605 		35.8466 		38.3887
v 8.574 		30.456 		30.646
v 8.6374 		30.3657 		30.5259
v 8.6392 		30.399 		30.5426
v 8.6435 		30.4823 		30.5844
v 8.6288 		30.2001 		30.4426
v 8.6436 		30.4837 		30.5852
v 8.6452 		30.5 		30.5942
v 8.586 		30.164 		28.865
v 15.185 		35.595 		39.647
v 13.8919 		35.8169 		38.6893
v 13.9195 		35.8127 		38.7177
v 13.9445 		35.8089 		38.7432
v 15.204 		35.59 		39.659
v 13.8596 		35.8219 		38.656
v 13.961 		35.8064 		38.7601
v 15.221 		35.585 		39.672
v 15.167 		35.599 		39.636
v 15.107 		35.61 		39.608
v 8.6287 		30.1995 		30.4423
v 13.8579 		35.8221 		38.6543
v 13.824 		35.8273 		38.6196
v 8.215 		30.034 		29.157
v 13.67 		35.774 		38.742
v -25.997 		-13.286 		27.228
v -25.769 		-13.058 		27.554
v -25.52 		-12.808 		27.796
v -25.253 		-12.54 		27.948
v 8.556 		30.062 		30.445
v -25.997 		-13.286 		20.772
v 8.6215 		29.999 		30.3457
v 8.6227 		30.0873 		30.3861
v -25.52 		-12.808 		20.204
v -25.253 		-12.54 		20.052
v 13.8 		35.821 		38.632
v 8.6286 		30.1973 		30.4412
v -25.769 		-13.058 		20.446
v 13.734 		35.798 		38.685
v 8.368 		30.254 		32.437
v -25.997 		61.286 		27.228
v -25.769 		61.058 		27.554
v 46 		-8.587 		7.135
v 46.931 		-10.099 		7.68
v 46.969 		-9.907 		7.68
v 12.0368 		30.45 		27
v 12.036 		30.473 		27.008
v 46.992 		-9.714 		7.68
v 12.0681 		30.4769 		27
v 12.0989 		30.5 		27
v 46.985 		-9.713 		7.626
v 13.593 		13.9007 		27
v 11.8735 		30.2806 		27
v 11.6017 		29.999 		27
v 46.992 		-9.519 		7.626
v 8.83 		14.366 		28.215
v 46.962 		-9.712 		7.573
v 11.571 		30.407 		27.147
v 46.969 		-9.519 		7.573
v 9.5161 		15.9963 		27
v 46.924 		-9.709 		7.521
v 9.924 		15.132 		28.215
v 9.5161 		15.9963 		27
v 46.931 		-9.519 		7.521
v 46.871 		-9.705 		7.47
v 9.4903 		16.0306 		27
v 46.879 		-9.519 		7.47
v 10.868 		16.076 		28.215
v 9.4198 		16.1245 		27
v -25.997 		61.286 		20.772
v 8.214 		15.433 		27.106
v -25.769 		61.058 		20.446
v 46.804 		-9.699 		7.42
v -25.52 		60.808 		27.796
v -25.253 		60.54 		27.948
v 9.274 		16.3187 		27
v 46.811 		-9.519 		7.42
v 9.132 		16.076 		27.106
v 46.723 		-9.693 		7.371
v 9.246 		16.356 		27
v 46.73 		-9.519 		7.371
v 46.628 		-9.685 		7.325
v 46.634 		-9.519 		7.325
v 9.2438 		16.3589 		27
v 9.0239 		16.2048 		27
v 8.214 		15.6376 		27
v 9.203 		16.384 		27
v 9.225 		16.384 		27
v 46.52 		-9.677 		7.28
v 46.526 		-9.519 		7.28
v 46.4 		-9.667 		7.238
v 46.406 		-9.519 		7.238
v 46.268 		-9.657 		7.199
v 46.273 		-9.519 		7.199
v 7.962 		12.862 		29.5
v 46.924 		-10.097 		7.626
v 46.962 		-9.906 		7.626
v 46.902 		-10.091 		7.573
v 5 		14.572 		27.106
v 46.939 		-9.903 		7.573
v 11.113 		30.332 		27.307
v 10.666 		30.249 		27.487
v 46.865 		-10.083 		7.521
v 46.902 		-9.897 		7.521
v 5 		14.7402 		27
v 10.227 		30.157 		27.688
v 6.0868 		14.8356 		27
v 6.0864 		14.8356 		27
v 5.1022 		14.7491 		27
v 9.801 		30.057 		27.908
v 46.813 		-10.07 		7.47
v 6.2382 		14.8762 		27
v 6.186 		14.8622 		27
v 46.85 		-9.888 		7.47
v 8.973 		30.288 		28.589
v 6.116 		14.67 		27.106
v 9.374 		30.404 		28.331
v 15.148 		35.603 		39.625
v 46.699 		-10.228 		7.42
v 46.748 		-10.054 		7.42
v 46.783 		-9.878 		7.42
v 15.128 		35.606 		39.616
v 13.8213 		35.8277 		38.6168
v 7.862 		30.344 		29.668
v 13.8195 		35.8278 		38.6149
v 46.621 		-10.202 		7.371
v 46.669 		-10.035 		7.371
v 46.702 		-9.865 		7.371
v 6.632 		30.254 		30.922
v 46.608 		-9.85 		7.325
v 5 		30.397 		30.922
v 46.502 		-9.833 		7.28
v 46.354 		-9.96 		7.238
v 15.087 		35.613 		39.6
v 46.382 		-9.814 		7.238
v 3.368 		30.254 		30.922
v 15.045 		35.617 		39.588
v 15.023 		35.619 		39.583
v 46.225 		-9.929 		7.199
v 15.001 		35.62 		39.58
v 46.252 		-9.794 		7.199
v 46.531 		-10.173 		7.325
v 1.632 		30.254 		32.437
v 46.576 		-10.013 		7.325
v 46.428 		-10.14 		7.28
v 46.471 		-9.988 		7.28
v 46.313 		-10.102 		7.238
v 15.045 		35.757 		39.424
v 46.14 		-10.191 		7.199
v 46.188 		-10.061 		7.199
v 15.0012 		35.6686 		39.4348
v 15.0013 		35.6687 		39.4346
v 15 		35.6683 		39.4359
v -25.7928 		59.5088 		20.48
v -25.811 		59.469 		20.5061
v -25.8396 		59.392 		20.547
v 15.0091 		35.6711 		39.4272
v 15.0125 		35.6721 		39.424
v -25.879 		59.286 		20.6033
v 46.086 		-9.896 		7.163
v -25.931 		59.099 		20.6776
v 46.111 		-9.771 		7.163
v -25.969 		58.907 		20.732
v -25.992 		58.714 		20.7649
v 46.125 		-9.646 		7.163
v -25.997 		58.5921 		20.772
v -25.253 		60.54 		20.052
v -25.52 		60.808 		20.204
v -22.181 		-9.181 		27.561
v 13.7534 		35.8337 		38.5453
v 13.7672 		35.8325 		38.5598
v 13.7024 		35.8382 		38.4913
v -22.016 		-9.016 		27.386
v 13.7869 		35.8307 		38.5806
v 13.8134 		35.8284 		38.6085
v -22.373 		-9.373 		27.711
v -25.1241 		60.4106 		20.0282
v -25 		60.508 		20.0461
v -23.081 		-10.081 		27.98
v -25.13 		60.406 		20.0293
v -22.827 		-9.827 		27.924
v -25.253 		60.2916 		20.052
v -25.273 		60.273 		20.0634
v -25.406 		60.13 		20.1391
v -25.52 		59.9846 		20.204
v -25.526 		59.977 		20.2098
v -25.634 		59.816 		20.3148
v -25.73 		59.646 		20.4081
v -25.769 		59.5608 		20.446
v 13.8749 		33.4196 		37.888
v 46.13 		-9.519 		7.163
v 7.1414 		15.1181 		27
v 0.23 		29.999 		27
v 7.2892 		15.1869 		27
v 7.2345 		15.1614 		27
v 7.199 		14.96 		27.106
v 46.008 		-10.136 		7.163
v 46.052 		-10.017 		7.163
v 4.809 		21 		43.8
v 46.526 		-10.977 		7.68
v 46.634 		-10.816 		7.68
v 46.73 		-10.646 		7.68
v 46.811 		-10.469 		7.68
v 46.879 		-10.286 		7.68
v 46.804 		-10.466 		7.626
v 46.871 		-10.284 		7.626
v 46.783 		-10.457 		7.573
v -22.59 		-9.59 		27.833
v 46.85 		-10.277 		7.573
v 5 		13.34 		28.215
v 46.748 		-10.442 		7.521
v 46.813 		-10.265 		7.521
v 13.717 		36.021 		31.466
v 46.699 		-10.422 		7.47
v 46.763 		-10.248 		7.47
v 13.678 		35.782 		31.039
v -23.349 		-10.349 		28
v -23.871 		-10.871 		27.924
v -23.617 		-10.617 		27.98
v 46.723 		-10.642 		7.626
v 13.608 		35.244 		30.222
v 13.641 		35.524 		30.624
v 5.594 		22.632 		42.863
v 46.702 		-10.632 		7.573
v 5.3145 		22.7067 		42.863
v 5.298 		22.6875 		42.8648
v 5.4146 		22.528 		42.8746
v 5.4025 		22.6832 		42.863
v 46.669 		-10.614 		7.521
v 5.302 		22.71 		42.863
v 5.1593 		22.528 		42.8784
v 5 		22.737 		42.863
v 4.699 		22.71 		42.863
v 4.406 		22.632 		42.863
v 5.4147 		22.8641 		42.8199
v -25.13 		60.406 		7.68
v -25.273 		60.273 		7.68
v -25.406 		60.13 		7.68
v -25.526 		59.977 		7.68
v 13.944 		32.819 		27.793
v 13.949 		33.217 		28.08
v 13.956 		33.6 		28.386
v -25.086 		60.354 		7.521
v -25.052 		60.313 		7.47
v 8.1299 		15.5787 		27
v -25.008 		60.262 		7.42
v -25.082 		60.082 		7.371
v -25.015 		60.015 		7.325
v 6.33 		13.456 		28.215
v -25.125 		60.4 		7.626
v -25.268 		60.268 		7.626
v -25.111 		60.382 		7.573
v 7.62 		13.802 		28.215
v -25.252 		60.252 		7.573
v 13.942 		31.983 		27.279
v 13.942 		32.407 		27.526
v -25.225 		60.225 		7.521
v 13.944 		31.547 		27.053
v -25.188 		60.188 		7.47
v -21.882 		-8.882 		27.189
v -21.7932 		-8.7932 		27
v 0.302 		12.862 		30.922
v 13.961 		45.4342 		27
v 13.605 		45.757 		27
v 13.605 		48.4156 		27
v 13.961 		48.1149 		27
v 0.67 		13.5 		29.5
v -25.313 		60.052 		7.47
v 13.605 		33.4194 		27
v 13.961 		33.16 		27
v 13.9453 		31.4311 		27
v 13.961 		31.434 		27
v 13.9325 		31.4273 		27
v 13.605 		31.3298 		27
v 13.6605 		31.346 		27
v -25.4 		60.125 		7.626
v 2.038 		12.862 		29.5
v -25.52 		59.973 		7.626
v -25.382 		60.111 		7.573
v -25.502 		59.96 		7.573
v -25.354 		60.086 		7.521
v -25.471 		59.937 		7.521
v 13.6919 		25.8806 		34.2229
v 13.6418 		25.9894 		34.2171
v 13.747 		25.761 		34.2289
v 13.8613 		25.5132 		34.2413
v 13.961 		25.2967 		34.2528
v 0.011 		13.615 		27
v -25.428 		59.906 		7.47
v 13.605 		26.0447 		34.2015
v 1.786 		15.433 		27.106
v 46.621 		-10.59 		7.47
v 13.66 		21 		38.5
v 6.144 		20.7783 		42.9079
v 6.1778 		20.7927 		42.9056
v 46.637 		-10.396 		7.42
v 6.71 		20.699 		42.863
v 6.6729 		21 		42.8681
v 6.737 		21 		42.863
v 13.83 		24.214 		37.078
v 6.1766 		21.2078 		42.9057
v 6.71 		21.302 		42.863
v 6.144 		21.2217 		42.9079
v 6.632 		21.594 		42.863
v 46.531 		-10.752 		7.47
v 6.504 		21.868 		42.863
v 13.83 		17.786 		37.078
v 6.33 		22.116 		42.863
v 46.561 		-10.365 		7.371
v 46.404 		-10.48 		7.325
v 46.473 		-10.329 		7.325
v 46.373 		-10.287 		7.28
v 46.308 		-10.431 		7.28
v 2.802 		14.96 		27.106
v 46.2 		-10.376 		7.238
v 46.262 		-10.241 		7.238
v 46.082 		-10.316 		7.199
v 5.5017 		21.504 		42.9437
v 5.4933 		21.5879 		42.9394
v 6.116 		22.33 		42.863
v 46.473 		-10.717 		7.42
v 46.561 		-10.56 		7.42
v 13.8 		20.481 		28.672
v 5.4867 		21.6601 		42.9351
v 5.4723 		21.8184 		42.9255
v 46.404 		-10.674 		7.371
v 5.868 		22.504 		42.863
v 46.489 		-10.523 		7.371
v 5.4397 		22.208 		42.8986
v 13.711 		22.961 		27.02
v 13.8406 		22.9714 		27
v 13.961 		22.9439 		27
v 13.703 		23.0092 		27
v 13.7453 		22.9976 		27
v 13.605 		23.0444 		27
v 5 		22.3448 		42.8939
v 46.323 		-10.625 		7.325
v 4.8025 		22.1217 		42.9101
v 46.143 		-10.699 		7.28
v 46.231 		-10.568 		7.28
v 4.6523 		21.9553 		42.9198
v 13.949 		21.684 		27.71
v 46.128 		-10.505 		7.238
v 13.683 		21.657 		27.764
v 4.5386 		21.8323 		42.9248
v 4.517 		21.837 		42.9238
v 4.132 		22.504 		42.863
v 4.3809 		21.8677 		42.9156
v 4.2464 		21.8981 		42.9075
v 4.096 		21.9333 		42.8971
v 46.628 		-10.812 		7.626
v 13.893 		20.874 		28.317
v 46.608 		-10.8 		7.573
v 13.671 		20.848 		28.373
v 46.52 		-10.973 		7.626
v 46.502 		-10.96 		7.573
v 46.471 		-10.937 		7.521
v 5.5001 		20.48 		42.9429
v 5.5017 		20.4965 		42.9437
v 46.576 		-10.78 		7.521
v 5.565 		20.5259 		42.9418
v 13.786 		21.259 		28.031
v 46.428 		-10.906 		7.47
v 5.6435 		20.5612 		42.9383
v 5.7092 		20.5907 		42.9354
v 5.8978 		20.6732 		42.9246
v 13.867 		22.098 		27.459
v 46.373 		-10.866 		7.42
v 13.788 		22.524 		27.229
v 46.2 		-10.955 		7.371
v 46.308 		-10.819 		7.371
v 5.8978 		21.3268 		42.9246
v 5.7092 		21.4093 		42.9354
v 5.565 		21.4741 		42.9418
v 46.128 		-10.893 		7.325
v 5.5017 		21.5035 		42.9437
v 46.231 		-10.763 		7.325
v 3.8429 		20.8597 		42.9077
v 3.8021 		20.7891 		42.904
v 3.9241 		21 		42.9151
v 46.045 		-10.628 		7.238
v -19.459 		-3.635 		27
v 3.264 		21 		42.863
v 3.29 		20.699 		42.863
v 46.015 		-10.436 		7.199
v 3.6324 		20.5022 		42.8852
v 3.619 		20.48 		42.8835
v 3.884 		22.33 		42.863
v 3.8073 		22.0008 		42.8771
v 46.045 		-10.823 		7.28
v 3.67 		22.116 		42.863
v 3.6206 		22.0456 		42.863
v 3.4583 		21.7873 		42.863
v 3.6327 		21.4977 		42.8852
v 3.368 		21.594 		42.863
v 3.8018 		21.2116 		42.904
v 3.29 		21.302 		42.863
v 47 		58.519 		7.68
v 3.191 		22.176 		42.8
v 3.3723 		22.1448 		42.8
v 3.278 		22.0104 		42.8
v 3.304 		21.9791 		42.8095
v 3.3043 		21.9787 		42.8096
v -25.14 		60.14 		7.42
v -25.262 		60.008 		7.42
v 3.3763 		21.8891 		42.8346
v -25.2 		59.955 		7.371
v 3.884 		14.67 		27.106
v -25.045 		59.823 		7.28
v -25.045 		59.628 		7.238
v 0.9761 		16.2048 		27
v 0.9761 		16.2049 		27
v 1.8701 		15.5787 		27
v 1.0602 		16.146 		27
v -25.015 		59.436 		7.199
v 2.8595 		15.1181 		27
v 1.9631 		15.5353 		27
v 3.9132 		14.8356 		27
v 3.9131 		14.8356 		27
v 2.9586 		15.0914 		27
v -25.576 		59.78 		7.521
v -25.531 		59.752 		7.47
v 4.0154 		14.8266 		27
v 0.076 		15.132 		28.215
v 1.17 		14.366 		28.215
v 0.868 		16.076 		27.106
v -25.373 		59.866 		7.42
v -25.473 		59.717 		7.42
v -25.308 		59.819 		7.371
v 0.797 		16.384 		27
v -25.404 		59.674 		7.371
v -25.128 		59.893 		7.325
v 2.38 		13.802 		28.215
v -25.231 		59.763 		7.325
v 3.67 		13.456 		28.215
v -25.143 		59.699 		7.28
v -25.561 		59.56 		7.42
v -25.489 		59.523 		7.371
v -3.529 		16.076 		35.563
v -25.323 		59.625 		7.325
v -25.404 		59.48 		7.325
v -3.529 		16.076 		32.437
v -25.231 		59.568 		7.28
v -25.308 		59.431 		7.28
v -25.128 		59.505 		7.238
v 13.83 		17.786 		30.922
v 13.937 		19.441 		29.759
v -3.138 		16.302 		37.078
v -25.634 		59.816 		7.68
v -25.73 		59.646 		7.68
v -25.811 		59.469 		7.68
v -25.628 		59.812 		7.626
v 13.911 		19.775 		29.37
v -25.608 		59.8 		7.573
v -2.66 		14.572 		34
v -25.723 		59.642 		7.626
v -2.544 		14.67 		35.563
v -25.804 		59.466 		7.626
v 13.933 		20.13 		28.988
v -1.428 		13.34 		34
v -25.702 		59.632 		7.573
v -2.198 		14.96 		37.078
v -1.33 		13.456 		35.563
v -21.882 		56.882 		27.189
v -21.7932 		56.7932 		27
v -1.04 		13.802 		37.078
v 13.6686 		19.4713 		29.7739
v 13.8406 		19.0408 		30.312
v 13.8185 		19.0873 		30.2474
v -1.634 		15.433 		38.5
v -21.7932 		24.576 		27
v 13.9552 		18.8003 		30.6473
v 13.8975 		18.921 		30.4788
v 13.9412 		18.8293 		30.6066
v 13.9472 		18.8168 		30.6241
v 13.904 		19.107 		30.203
v -21.7932 		6.5235 		27
v 15.3018 		35.8101 		39.168
v -21.7932 		3.2016 		27
v 15.2916 		35.7836 		39.168
v 6.33 		19.884 		42.863
v 6.504 		20.132 		42.863
v 6.632 		20.406 		42.863
v 15.281 		35.743 		39.207
v 13.807 		19.416 		29.812
v -6.193 		35.431 		27
v -5 		34.658 		27
v -7.469 		36.185 		27
v -8.192 		36.5198 		27
v 13.7041 		19.371 		29.8907
v 13.6953 		19.3931 		29.863
v -5.8279 		32.768 		27
v -6.189 		33.055 		27
v -7.31 		33.779 		27
v -8.192 		34.2979 		27
v 13.7133 		19.3479 		29.9196
v -9.629 		37.115 		27
v -8.9995 		36.864 		27
v -10.583 		37.328 		27
v -11.549 		37.485 		27
v -12.301 		37.524 		27
v 15.321 		35.736 		39.224
v -13.049 		37.505 		27
v -13.837 		37.318 		27
v -14.589 		37.045 		27
v 15.2572 		35.7482 		39.1907
v 15.2508 		35.7466 		39.1969
v -14.7838 		36.864 		27
v 15.2733 		35.7524 		39.1749
v -8.538 		36.68 		27
v 15.2804 		35.7542 		39.168
v -8.459 		34.455 		27
v -9.359 		34.861 		27
v -10.279 		35.215 		27
v -11.06 		35.382 		27
v -11.849 		35.505 		27
v -12.288 		35.5202 		27
v 13.757 		19.75 		29.424
v 13.606 		19.722 		29.484
v 4.096 		20.0671 		42.8971
v 4.2467 		20.1022 		42.9075
v 15.2497 		35.7463 		39.198
v -15.112 		36.559 		27
v -15.579 		36.005 		27
v -15.923 		35.388 		27
v 4.517 		20.1631 		42.9238
v -16.219 		34.745 		27
v -16.384 		34.1811 		27
v 4.132 		19.496 		42.863
v -12.37 		35.523 		27
v -12.889 		35.505 		27
v -13.203 		35.43 		27
v -13.499 		35.315 		27
v -13.769 		35.057 		27
v -14.009 		34.765 		27
v -14.204 		34.378 		27
v -14.369 		33.975 		27
v -14.513 		33.459 		27
v -14.629 		32.935 		27
v -14.6427 		32.768 		27
v 15.36 		35.729 		39.243
v 4.6465 		20.0509 		42.9201
v 4.6523 		20.0447 		42.9198
v 4.5386 		20.1677 		42.9248
v 13.755 		20.105 		29.042
v 4.8025 		19.8783 		42.9101
v 5 		19.6551 		42.8939
v 5.1732 		19.456 		42.877
v 5.4134 		19.456 		42.8734
v 5.4397 		19.792 		42.8986
v 5.4723 		20.1816 		42.9255
v 5.868 		19.496 		42.863
v 5.4933 		20.4121 		42.9394
v 6.116 		19.67 		42.863
v 15.1732 		35.7227 		39.271
v 15.1884 		35.7274 		39.2564
v 15.2105 		35.7341 		39.2354
v 15.2302 		35.7402 		39.2165
v 15.2333 		35.7412 		39.2135
v 4.406 		19.368 		42.863
v 4.699 		19.29 		42.863
v 15.1672 		35.7208 		39.2766
v 15.1467 		35.7143 		39.2961
v 5 		19.264 		42.863
v 5.298 		19.3125 		42.8648
v 15.1343 		35.7104 		39.3079
v 5.302 		19.29 		42.863
v 5.4025 		19.3168 		42.863
v 5.3145 		19.2933 		42.863
v 5.594 		19.368 		42.863
v 15.1324 		35.7097 		39.3098
v 5.4147 		19.1359 		42.8199
v 15.1247 		35.7073 		39.317
v 15.1268 		35.708 		39.315
v 15.104 		35.7009 		39.3368
v 15.1075 		35.7019 		39.3335
v 15.113 		35.7036 		39.3282
v 13.6262 		19.5584 		29.6773
v 15.0703 		35.6906 		39.3691
v 15.0801 		35.6936 		39.3597
v 3.368 		20.406 		42.863
v 3.4581 		20.2131 		42.863
v 15.0667 		35.6895 		39.3725
v 3.6202 		19.955 		42.863
v 3.8082 		20 		42.8772
v 3.67 		19.884 		42.863
v 15.0514 		35.6846 		39.387
v 15.0524 		35.685 		39.386
v 3.884 		19.67 		42.863
v 3.191 		19.825 		42.8
v 46.811 		59.469 		7.68
v 46.73 		59.646 		7.68
v 15.0887 		35.6962 		39.3515
v 46.634 		59.816 		7.68
v 46.526 		59.977 		7.68
v 46.406 		60.13 		7.68
v 46.273 		60.273 		7.68
v 15.0179 		35.6739 		39.4188
v 15.0277 		35.677 		39.4095
v 15.035 		35.6793 		39.4026
v 46.13 		60.406 		7.68
v 13.66 		16 		34
v 3.3032 		20.0207 		42.8093
v 46.268 		60.268 		7.626
v 3.3717 		19.8559 		42.8
v 3.3228 		19.9256 		42.8
v 46.125 		60.4 		7.626
v 13.605 		13.8848 		27
v 13.961 		13.4137 		27
v 3.2778 		19.9899 		42.8
v 15.3378 		35.7685 		39.1118
v 15.3413 		35.7694 		39.1084
v 46.252 		60.252 		7.573
v 45.938 		59.938 		7.28
v 15.3095 		35.7616 		39.1395
v 46.111 		60.382 		7.573
v 45.954 		59.744 		7.238
v 46.225 		60.225 		7.521
v 45.853 		59.853 		7.238
v 46.086 		60.354 		7.521
v 45.853 		59.659 		7.199
v 8.42 		21 		42.457
v 46.188 		60.188 		7.47
v 8.368 		21.594 		42.457
v 45.938 		59.55 		7.199
v 8.214 		22.17 		42.457
v 46.52 		59.973 		7.626
v 46.4 		60.125 		7.626
v 8.214 		19.83 		42.457
v 45.955 		59.251 		7.163
v 46.502 		59.96 		7.573
v 8.368 		20.406 		42.457
v 46.382 		60.111 		7.573
v 46.471 		59.937 		7.521
v 46.354 		60.086 		7.521
v 46.428 		59.906 		7.47
v 46.313 		60.052 		7.47
v 7.962 		22.71 		42.457
v 15.3095 		35.7616 		39.1395
v 7.62 		23.199 		42.457
v -0.567 		14.366 		38.5
v 46.262 		60.008 		7.42
v 15.2946 		35.7578 		39.1541
v 7.199 		23.62 		42.457
v 6.71 		23.962 		42.457
v 46.14 		60.14 		7.42
v 15.36 		35.774 		39.09
v 6.17 		24.214 		42.457
v 46.2 		59.955 		7.371
v 46.082 		60.082 		7.371
v 15.2827 		35.7548 		39.1657
v -0.868 		16.076 		39.785
v 46.628 		59.812 		7.626
v 5.594 		24.368 		42.457
v 46.608 		59.8 		7.573
v 5 		24.42 		42.457
v 4.406 		24.368 		42.457
v 46.804 		59.466 		7.626
v 46.723 		59.642 		7.626
v 15.872 		36.1599 		38.6956
v 46.783 		59.457 		7.573
v 3.83 		24.214 		42.457
v 15.872 		35.9411 		38.605
v 46.702 		59.632 		7.573
v 15.9795 		35.8967 		38.4703
v 15.9849 		35.8973 		38.4647
v 3.29 		23.962 		42.457
v 16.089 		36.0134 		38.4
v 2.802 		23.62 		42.457
v 15.9483 		35.8932 		38.5026
v 2.38 		23.199 		42.457
v 15.934 		35.886 		38.543
v 46.748 		59.442 		7.521
v 16.076 		35.847 		38.641
v 46.669 		59.614 		7.521
v 16.007 		35.867 		38.591
v 16.0474 		35.9044 		38.4
v 46.699 		59.422 		7.47
v -25.783 		59.457 		7.573
v 2.038 		22.71 		42.457
v -25.669 		59.614 		7.521
v -1.634 		15.433 		29.5
v -25.748 		59.442 		7.521
v -0.567 		14.366 		29.5
v 15.9183 		35.8896 		38.5337
v 1.58 		21 		42.457
v 15.872 		35.8813 		38.5804
v 15.8911 		35.8847 		38.5611
v -25.621 		59.59 		7.47
v 1.786 		22.17 		42.457
v -25.699 		59.422 		7.47
v 1.632 		21.594 		42.457
v -2.269 		13.408 		27
v -2.899 		14.295 		27
v -0.617 		14.531 		27
v -1.259 		15.435 		27
v -2.0071 		16.384 		27
v -0.868 		16.076 		28.215
v -25.637 		59.396 		7.42
v -25.082 		59.316 		7.199
v 7.62 		18.802 		42.457
v 7.962 		19.29 		42.457
v -3.138 		16.302 		30.922
v -2.198 		14.96 		30.922
v -25.2 		59.376 		7.238
v -25.262 		59.241 		7.238
v -25.14 		59.191 		7.199
v 6.17 		17.786 		42.457
v -1.04 		13.802 		30.922
v 6.71 		18.038 		42.457
v 7.199 		18.38 		42.457
v -25.561 		59.365 		7.371
v 15.8178 		35.8717 		38.635
v 15.7197 		35.8542 		38.7339
v 15.7519 		35.8599 		38.7014
v -25.473 		59.329 		7.325
v -25.531 		59.173 		7.325
v -25.373 		59.287 		7.28
v 15.692 		35.8492 		38.7618
v 15.664 		35.8442 		38.7901
v -25.428 		59.14 		7.28
v 4.406 		17.632 		42.457
v 5 		17.58 		42.457
v 15.6416 		35.84 		38.8125
v 5.594 		17.632 		42.457
v 45.893 		59.361 		7.163
v 16.384 		35.992 		38.0717
v 16.357 		35.893 		38.286
v 45.906 		58.97 		7.13
v 16.0585 		35.9182 		38.3938
v 16.27 		35.918 		38.222
v 45.973 		58.634 		7.13
v -16.425 		34.041 		27
v 16.3709 		35.9326 		38.0614
v 16.384 		35.9333 		38.0475
v 16.2994 		35.9291 		38.1373
v 45.96 		58.748 		7.13
v 45.937 		58.86 		7.13
v 16.239 		35.926 		38.2015
v -16.589 		33.325 		27
v -16.6466 		32.768 		27
v 46.621 		59.59 		7.47
v 45.977 		58.519 		7.13
v 16.0844 		35.9086 		38.3617
v 16.2065 		35.9223 		38.2351
v 46 		57.587 		7.135
v 45.977 		57.8768 		7.13
v 45.97 		57.965 		7.1287
v 46.637 		59.396 		7.42
v 45.744 		59.954 		7.238
v -5 		32.1099 		27
v -15.922 		28.956 		27
v -16.384 		29.8413 		27
v -15.299 		27.965 		27
v 46.576 		59.78 		7.521
v -13.825 		26.016 		27
v -14.676 		32.361 		27
v -14.689 		31.785 		27
v -14.63 		31.117 		27
v -14.509 		30.465 		27
v -14.085 		29.726 		27
v -13.599 		29.015 		27
v -12.228 		27.221 		27
v -10.799 		25.475 		27
v 46.531 		59.752 		7.47
v 16.206 		35.803 		38.752
v 45.55 		59.938 		7.199
v -12.279 		24.125 		27
v -5 		16.8533 		27
v -6.209 		18.285 		27
v -6.2868 		18.3647 		27
v -10.238 		22.163 		27
v -7.172 		19.272 		27
v -8.159 		20.235 		27
v 45.76 		59.76 		7.199
v -25.576 		59.013 		7.325
v -5.73 		20.654 		27
v -5 		19.9107 		27
v -6.739 		21.645 		27
v -8.787 		23.545 		27
v 45.659 		59.853 		7.199
v -25.471 		58.988 		7.28
v -16.667 		32.571 		27
v -25.313 		59.102 		7.238
v -25.354 		58.96 		7.238
v -25.188 		59.061 		7.199
v -25.225 		58.929 		7.199
v 14.998 		36.718 		39.038
v 45.823 		59.466 		7.163
v -25.502 		58.833 		7.28
v 45.744 		59.566 		7.163
v 45.659 		59.659 		7.163
v -25.52 		58.677 		7.28
v -16.699 		31.815 		27
v -25.526 		58.519 		7.28
v -16.62 		30.89 		27
v -25.382 		58.815 		7.238
v -16.459 		29.985 		27
v -25.4 		58.667 		7.238
v 45.628 		59.466 		7.13
v 14.951 		36.72 		39.031
v -25.406 		58.519 		7.238
v -15.551 		8.465 		27
v -25.252 		58.794 		7.199
v -16.384 		8.7325 		27
v -8.029 		4.285 		27
v -7.6494 		4.096 		27
v -25.268 		58.657 		7.199
v 14.855 		36.723 		39.022
v -6.573 		3.56 		27
v -5.089 		2.895 		27
v -7.485 		1.787 		27
v -25.273 		58.519 		7.199
v -5.849 		1.045 		27
v -5.052 		0.823 		27
v 45.566 		59.744 		7.163
v -11.189 		6.365 		27
v -9.616 		5.314 		27
v 14.903 		36.722 		39.025
v -11.7678 		6.7092 		27
v -11.944 		6.814 		27
v -12.709 		7.245 		27
v -13.479 		7.628 		27
v -14.259 		7.985 		27
v 45.819 		59.181 		7.13
v -10.691 		3.633 		27
v -12.279 		4.695 		27
v -12.989 		5.114 		27
v -13.709 		5.515 		27
v -14.389 		5.851 		27
v -15.079 		6.165 		27
v -16.218 		6.584 		27
v -16.384 		6.6375 		27
v -9.089 		2.595 		27
v 45.763 		59.281 		7.13
v -25.008 		59.136 		7.163
v -25.052 		59.017 		7.163
v 45.699 		59.376 		7.13
v -25.086 		58.896 		7.163
v 45.866 		59.077 		7.13
v 45.752 		58.92 		7.1
v -25.111 		58.771 		7.163
v -25.125 		58.646 		7.163
v -25.13 		58.519 		7.163
v -25.879 		59.286 		7.68
v 45.8 		58.722 		7.1
v -25.931 		59.099 		7.68
v -25.969 		58.907 		7.68
v -25.992 		58.714 		7.68
v 45.78 		58.822 		7.1
v -25.871 		59.284 		7.626
v -25.85 		59.277 		7.573
v -2.544 		14.67 		32.437
v -25.813 		59.265 		7.521
v -1.33 		13.456 		32.437
v -25.763 		59.248 		7.47
v 45.882 		58.333 		7.1123
v -25.924 		59.097 		7.626
v -25.962 		58.906 		7.626
v 45.871 		58.871 		27.924
v 45.617 		58.617 		27.98
v 2.38 		18.802 		42.457
v 16.142 		35.826 		38.695
v 46.473 		59.717 		7.42
v 1.632 		20.406 		42.457
v 46.373 		59.866 		7.42
v 45.349 		58.349 		28
v 45.081 		58.081 		27.98
v 1.786 		19.83 		42.457
v 46.404 		59.674 		7.371
v 2.038 		19.29 		42.457
v 46.308 		59.819 		7.371
v 15.63 		35.823 		38.884
v 46.231 		59.763 		7.325
v 2.802 		18.38 		42.457
v 46.128 		59.893 		7.325
v 46.143 		59.699 		7.28
v 15.5863 		35.8294 		38.8681
v 15.5885 		35.8299 		38.8659
v 15.5903 		35.8304 		38.8642
v 15.5414 		35.8183 		38.912
v 15.5454 		35.8193 		38.9081
v 45.251 		59.955 		7.163
v 15.574 		35.8264 		38.8801
v 44.827 		57.827 		27.924
v 15.591 		35.8305 		38.8635
v 46.561 		59.56 		7.42
v 46.489 		59.523 		7.371
v 44.59 		57.59 		27.833
v 44.373 		57.373 		27.711
v 46.404 		59.48 		7.325
v 15.5934 		35.831 		38.861
v 45.466 		59.823 		7.163
v 46.323 		59.625 		7.325
v 46.308 		59.431 		7.28
v 45.361 		59.893 		7.163
v 46.231 		59.568 		7.28
v 3.29 		18.038 		42.457
v 3.83 		17.786 		42.457
v 15.6378 		35.8393 		38.8164
v 44.181 		57.181 		27.561
v 44.016 		57.016 		27.386
v 43.882 		56.882 		27.189
v 43.7932 		56.7932 		27
v 14.759 		36.722 		39.022
v -25.902 		59.091 		7.573
v 14.807 		36.723 		39.02
v -25.939 		58.903 		7.573
v -25.865 		59.083 		7.521
v -25.902 		58.897 		7.521
v 14.664 		36.717 		39.03
v 14.711 		36.72 		39.024
v -25.813 		59.07 		7.47
v -25.85 		58.888 		7.47
v 8.214 		24.83 		41.794
v 12.5 		25.33 		38.5
v -16.859 		8.885 		27
v 14.616 		36.713 		39.036
v 13.138 		25.699 		37.078
v -25.699 		59.228 		7.42
v -17.948 		9.041 		27
v -25.748 		59.054 		7.42
v 46.128 		59.505 		7.238
v -19.039 		9.095 		27
v -25.621 		59.202 		7.371
v -19.806 		8.866 		27
v -25.669 		59.035 		7.371
v 9.699 		29.138 		37.078
v -20.48 		8.5966 		27
v 8.214 		29.83 		37.078
v -20.559 		8.565 		27
v -20.773 		8.446 		27
v -20.959 		8.295 		27
v -21.0145 		8.192 		27
v -25.985 		58.713 		7.626
v -25.992 		58.519 		7.626
v -17.369 		6.955 		27
v -25.962 		58.712 		7.573
v -18.098 		7.052 		27
v -18.829 		7.085 		27
v -19.172 		6.992 		27
v -19.479 		6.835 		27
v -19.696 		6.439 		27
v -19.869 		6.005 		27
v -19.941 		5.698 		27
v -19.989 		5.385 		27
v -19.999 		4.955 		27
v -19.989 		4.525 		27
v -19.9395 		4.096 		27
v -25.969 		58.519 		7.573
v 9.924 		25.132 		40.894
v 46.052 		60.313 		7.47
v -25.924 		58.709 		7.521
v -25.931 		58.519 		7.521
v 11.634 		24.83 		39.785
v 10.868 		25.924 		39.785
v -25.871 		58.705 		7.47
v -21.1084 		8.018 		27
v -25.879 		58.519 		7.47
v 46.008 		60.262 		7.42
v -21.372 		7.529 		27
v -21.4629 		7.3323 		27
v -21.6521 		6.9231 		27
v -21.739 		6.735 		27
v -21.7534 		6.6787 		27
v 45.376 		59.699 		7.13
v -25.783 		58.878 		7.42
v 46.015 		60.015 		7.325
v -25.804 		58.699 		7.42
v -25.811 		58.519 		7.42
v 45.55 		59.55 		7.13
v -25.702 		58.865 		7.371
v 45.466 		59.628 		7.13
v -25.723 		58.693 		7.371
v 46.045 		59.823 		7.28
v -25.73 		58.519 		7.371
v 45.436 		59.436 		7.1
v -25.608 		58.85 		7.325
v -21.4629 		2.2611 		27
v -21.6521 		2.7996 		27
v -25.628 		58.685 		7.325
v -21.7534 		3.0883 		27
v -21.078 		1.165 		27
v -21.1084 		1.2514 		27
v 46.045 		59.628 		7.238
v -20.6645 		0 		27
v -25.634 		58.519 		7.325
v -19.939 		4.092 		27
v -19.8665 		3.7051 		27
v -19.111 		1.576 		27
v -18.5518 		0 		27
v 46.015 		59.436 		7.199
v -19.859 		3.665 		27
v 45.625 		59.197 		7.1
v 45.568 		59.281 		7.1
v 46.992 		58.714 		7.68
v -18.427 		-3.248 		27
v -18.432 		-3.2522 		27
v -18.209 		-2.975 		27
v 46.969 		58.907 		7.68
v -18.133 		-2.468 		27
v 46.931 		59.099 		7.68
v -18.119 		-1.945 		27
v 46.879 		59.286 		7.68
v -18.219 		-1.226 		27
v -18.369 		-0.515 		27
v -18.432 		-0.3375 		27
v 46.871 		59.284 		7.626
v 45.717 		59.015 		7.1
v -20.247 		-2.357 		27
v -20.129 		-2.015 		27
v -20.203 		-1.478 		27
v -20.329 		-0.945 		27
v -20.48 		-0.5196 		27
v -20.359 		-2.695 		27
v -20.252 		-3.028 		27
v 45.674 		59.108 		7.1
v -20.079 		-3.335 		27
v 46.85 		59.277 		7.573
v -19.935 		-3.4229 		27
v -19.784 		-3.515 		27
v -19.7155 		-3.5403 		27
v -19.074 		-3.586 		27
v -18.699 		-3.475 		27
v 46.813 		59.265 		7.521
v 46.763 		59.248 		7.47
v 45.505 		59.361 		7.1
v -25 		57.587 		7.135
v 46.962 		58.906 		7.626
v 46.924 		59.097 		7.626
v 45.7524 		58.6458 		7.0914
v 45.737 		58.683 		7.0897
v 45.7614 		58.624 		7.0924
v 45.816 		58.519 		7.1
v 46.939 		58.903 		7.573
v 45.816 		58.4923 		7.1
v 45.8675 		58.368 		7.1096
v 45.812 		58.621 		7.1
v 46.902 		59.091 		7.573
v 46.902 		58.897 		7.521
v 45.8053 		58.5182 		7.0984
v 45.8049 		58.519 		7.0983
v 45.802 		58.5262 		7.0979
v 45.7642 		58.6173 		7.0927
v 46.865 		59.083 		7.521
v 46.85 		58.888 		7.47
v 46.813 		59.07 		7.47
v 46.748 		59.054 		7.42
v -4.5 		2.7374 		27
v 46.699 		59.228 		7.42
v 45.281 		59.763 		7.13
v 43.7932 		28.672 		27
v 45.181 		59.819 		7.13
v 46.669 		59.035 		7.371
v 46.621 		59.202 		7.371
v 14.569 		36.709 		39.046
v 14.523 		36.703 		39.058
v 46.561 		59.365 		7.371
v -4.949 		34.625 		27
v -4.5 		34.2673 		27
v -4.5 		31.6935 		27
v -4.863 		32.001 		27
v 46.531 		59.173 		7.325
v -4.848 		21 		35.563
v 46.473 		59.329 		7.325
v -4.698 		22.71 		35.563
v -5 		21 		34
v -4.848 		22.737 		34
v 46.428 		59.14 		7.28
v 14.88 		36.86 		38.551
v 46.373 		59.287 		7.28
v 14.952 		36.858 		38.556
v -4.698 		19.29 		35.563
v -4.848 		19.264 		34
v 46.262 		59.241 		7.238
v 46.2 		59.376 		7.238
v 46.14 		59.191 		7.199
v -4.848 		21 		32.437
v -4.698 		22.71 		32.437
v 46.082 		59.316 		7.199
v -4.698 		19.29 		32.437
v 14.808 		36.86 		38.548
v 14.592 		36.851 		38.562
v 14.664 		36.855 		38.555
v 46.576 		59.013 		7.325
v 14.522 		36.845 		38.574
v 46.471 		58.988 		7.28
v 45.077 		59.866 		7.13
v 9.132 		25.924 		40.894
v 9.924 		26.868 		39.785
v -4.6037 		16.384 		27
v 45.361 		59.505 		7.1
v -4.739 		19.645 		27
v -4.5 		19.3684 		27
v -4.5 		16.2596 		27
v -4.537 		16.305 		27
v 8.83 		27.634 		39.785
v 14.736 		36.858 		38.551
v 8.214 		26.567 		40.894
v 14.979 		37.171 		36.618
v 11.634 		26.567 		38.5
v 14.814 		37.17 		36.614
v 14.648 		37.167 		36.617
v 12.199 		27.04 		37.078
v 11.04 		28.199 		37.078
v 10.567 		27.634 		38.5
v 14.816 		37.189 		36.123
v 14.629 		37.185 		36.127
v 9.33 		28.5 		38.5
v 14.818 		37.183 		35.633
v 46.354 		58.96 		7.238
v 46.313 		59.102 		7.238
v 14.608 		37.179 		35.636
v 46.225 		58.929 		7.199
v 46.188 		59.061 		7.199
v 14.821 		37.153 		35.143
v 14.59 		37.148 		35.146
v 46.992 		58.519 		7.626
v 46.985 		58.713 		7.626
v 46.969 		58.519 		7.573
v 46.962 		58.712 		7.573
v 14.554 		37.016 		34.175
v 14.827 		37.021 		34.171
v 14.824 		37.099 		34.655
v 14.572 		37.094 		34.659
v 14.831 		36.919 		33.69
v 14.538 		36.913 		33.695
v -3.948 		2.6374 		27
v -4.491 		2.735 		27
v -4.239 		0.665 		27
v 45.281 		59.568 		7.1
v 45.197 		59.625 		7.1
v 45.5742 		58.9478 		7.0759
v 45.5702 		58.9542 		7.0757
v 45.6159 		58.88 		7.0784
v 45.568 		58.9578 		7.0756
v 13.529 		25.924 		35.563
v 45.431 		59.181 		7.074
v 45.539 		59.005 		7.0746
v 45.48 		59.108 		7.074
v 45.7206 		58.7097 		7.0877
v 45.7232 		58.7055 		7.088
v 45.6915 		58.757 		7.0848
v 45.6681 		58.795 		7.0825
v 45.6296 		58.8576 		7.0794
v 45.6182 		58.8762 		7.0785
v -4.397 		21 		37.078
v -4.254 		22.632 		37.078
v 43.7534 		34.816 		27
v 46.931 		58.519 		7.521
v -4.254 		19.368 		37.078
v -4.254 		24.368 		35.563
v -4.397 		24.42 		34
v 13.2319 		26.8797 		34.1712
v 42.833 		26.675 		27
v 45.108 		59.674 		7.1
v 12.661 		27.428 		34
v 13.3535 		26.422 		34.0958
v 13.5222 		26.1689 		34.1663
v 13.1897 		26.6676 		34.0271
v 13.1257 		26.7638 		34
v -4.397 		17.58 		34
v 45.181 		59.431 		7.074
v 46.924 		58.709 		7.521
v 12.6433 		27.4131 		33.763
v 12.7097 		27.3236 		33.7955
v 46.879 		58.519 		7.47
v 12.8669 		27.1121 		33.8729
v -4.254 		17.632 		35.563
v 13.0276 		26.8957 		33.9516
v 46.871 		58.705 		7.47
v 12.5457 		27.5014 		33.6954
v 12.3759 		27.6549 		33.577
v 45.376 		59.251 		7.074
v 12.288 		27.7344 		33.516
v 45.316 		59.316 		7.074
v 46.811 		58.519 		7.42
v 46.804 		58.699 		7.42
v 45.251 		59.376 		7.074
v 46.783 		58.878 		7.42
v 45.4048 		59.1621 		7.07
v 45.4271 		59.136 		7.0705
v 12.544 		27.33 		35.563
v 45.3958 		59.1727 		7.0699
v 45.3487 		59.2278 		7.0696
v 45.293 		59.293 		7.07
v 45.2938 		59.292 		7.0699
v 46.73 		58.519 		7.371
v 45.3391 		59.239 		7.0696
v 46.723 		58.693 		7.371
v -4.397 		21 		30.922
v 46.702 		58.865 		7.371
v 45.523 		59.031 		7.074
v 45.5301 		59.0154 		7.074
v 46.634 		58.519 		7.325
v 45.5187 		59.0288 		7.0734
v 46.628 		58.685 		7.325
v 45.4613 		59.0959 		7.0712
v 45.461 		59.0963 		7.0712
v 45.5172 		59.0305 		7.0733
v 46.608 		58.85 		7.325
v 45.4545 		59.1039 		7.0711
v -4.254 		22.632 		30.922
v 44.97 		59.906 		7.13
v 44.86 		59.937 		7.13
v 44.748 		59.96 		7.13
v -4.254 		24.368 		32.437
v 46.526 		58.519 		7.28
v 45.015 		59.717 		7.1
v 46.52 		58.677 		7.28
v 44.92 		59.752 		7.1
v 46.502 		58.833 		7.28
v 46.406 		58.519 		7.238
v 46.4 		58.667 		7.238
v 14.834 		36.794 		33.215
v 14.522 		36.788 		33.22
v 46.382 		58.815 		7.238
v 14.847 		36.282 		31.837
v 46.273 		58.519 		7.199
v 46.268 		58.657 		7.199
v 46.252 		58.794 		7.199
v 14.842 		36.475 		32.287
v 14.838 		36.647 		32.747
v 14.509 		36.64 		32.753
v 46.13 		58.519 		7.163
v 45.108 		59.48 		7.074
v 46.125 		58.646 		7.163
v 46.111 		58.771 		7.163
v 46.086 		58.896 		7.163
v 45.1621 		59.4048 		7.07
v 45.1771 		59.392 		7.0699
v 45.0963 		59.461 		7.0712
v 45.0966 		59.4607 		7.0712
v 45.1522 		59.4133 		7.0702
v 45.0897 		59.4667 		7.0714
v 45.056 		59.4954 		7.0725
v 45.2824 		59.302 		7.0699
v 45.2283 		59.3483 		7.0696
v 45.2278 		59.3487 		7.0696
v 14.9401 		36.101 		39.68
v 45.2165 		59.3583 		7.0696
v 44.634 		59.973 		7.13
v 46.008 		59.136 		7.163
v 46.052 		59.017 		7.163
v 44.519 		59.977 		7.13
v 44.822 		59.78 		7.1
v 44.722 		59.8 		7.1
v 45.031 		59.523 		7.074
v 45.0154 		59.5301 		7.074
v 45.005 		59.539 		7.0746
v 11.5265 		28.4233 		32.9878
v 11.6974 		28.2687 		33.1062
v 45.0207 		59.5256 		7.0738
v 11.3572 		28.5764 		32.87
v 11.8672 		28.1151 		33.2241
v 12.0366 		27.9618 		33.3418
v 12.0391 		27.9596 		33.3436
v 12.2067 		27.808 		33.4596
v 45.0288 		59.5187 		7.0734
v 45.0274 		59.5199 		7.0735
v 11.3553 		28.5775 		32.8685
v 11.3246 		28.596 		32.8428
v 16.359 		36.025 		31.539
v 15.985 		36.047 		31.477
v 15.609 		36.061 		31.433
v 11.428 		28.661 		34
v 15.231 		36.068 		31.405
v 16.034 		35.809 		31.051
v 15.644 		35.824 		31.004
v 15.25 		35.831 		30.976
v 11.2853 		28.6196 		32.81
v 11.235 		28.6499 		32.768
v 16.081 		35.551 		30.636
v 16.125 		35.273 		30.234
v 15.676 		35.566 		30.588
v 15.707 		35.288 		30.185
v 15.735 		34.991 		29.795
v 16.165 		34.975 		29.845
v 11.33 		28.544 		35.563
v 10 		29.66 		34
v 15.269 		35.574 		30.558
v 15.304 		34.999 		29.763
v 15.287 		35.296 		30.154
v 9.924 		29.529 		35.563
v 16.269 		33.973 		28.774
v 14.9075 		36.096 		39.7132
v 16.238 		34.324 		29.114
v 14.9014 		35.9999 		39.68
v 7.5 		25.33 		41.794
v 6.71 		25.699 		41.794
v 5.868 		25.924 		41.794
v 5 		26 		41.794
v 14.9153 		35.84 		39.5987
v 4.132 		25.924 		41.794
v 3.29 		25.699 		41.794
v -4.254 		19.368 		30.922
v -4.254 		17.632 		32.437
v -3.948 		18.7297 		27
v -3.879 		2.625 		27
v 15.811 		33.989 		28.72
v 15.788 		34.341 		29.062
v 16.203 		34.659 		29.473
v 15.763 		34.675 		29.42
v -3.58 		33.5344 		27
v 15.32 		34.683 		29.388
v -3.66 		26 		34
v 15.35 		33.998 		28.687
v 15.335 		34.349 		29.03
v 16.344 		32.823 		27.858
v 16.323 		33.221 		28.146
v 16.298 		33.604 		28.451
v 15.85 		33.238 		28.09
v 15.831 		33.622 		28.395
v 15.867 		32.841 		27.802
v 15.386 		32.849 		27.767
v 15.375 		33.247 		28.055
v 14.8391 		36.096 		39.7872
v 2.5 		25.33 		41.794
v -3.66 		21 		38.5
v 1.786 		24.83 		41.794
v -3.83 		24.214 		37.078
v -3.83 		17.786 		37.078
v 7.962 		29.138 		38.5
v 6.504 		29.529 		38.5
v 44.621 		59.812 		7.1
v 44.8277 		59.648 		7.0809
v 44.8205 		59.6525 		7.0812
v 44.795 		59.6681 		7.0825
v 44.7122 		59.719 		7.0876
v 44.7097 		59.7206 		7.0877
v 44.7502 		59.6957 		7.0852
v 44.683 		59.737 		7.0897
v 44.9596 		59.5669 		7.0756
v 44.9542 		59.5702 		7.0757
v 44.89 		59.6097 		7.078
v 44.8789 		59.6165 		7.0784
v 44.8762 		59.6182 		7.0785
v 15.363 		33.63 		28.362
v 5 		29.66 		38.5
v 44.678 		59.7391 		7.09
v 44.6173 		59.7642 		7.0927
v 44.5968 		59.7727 		7.0938
v 44.544 		59.7946 		7.0969
v 44.519 		59.816 		7.1
v 44.4923 		59.816 		7.1
v 44.333 		59.882 		7.1123
v 44.519 		59.8049 		7.0983
v 44.241 		59.904 		7.1164
v 44.032 		59.954 		7.1257
v 43.965 		59.97 		7.1287
v 43.8768 		59.977 		7.13
v 43.587 		60 		7.135
v -3.83 		24.214 		30.922
v 45.737 		58.683 		0.68
v 45.539 		59.005 		0.68
v 45.293 		59.293 		0.68
v 45.711 		58.669 		0.573
v 45.515 		58.988 		0.573
v 45.272 		59.272 		0.573
v -25.997 		-9.5921 		20.772
v -25.992 		-9.714 		20.7649
v -3.66 		21 		29.5
v -25.969 		-9.907 		20.732
v -25.931 		-10.099 		20.6776
v -25.8918 		-10.24 		20.6216
v -25.879 		-10.286 		20.6033
v -25.811 		-10.469 		20.5061
v -25.7928 		-10.5088 		20.48
v 45.444 		58.936 		0.47
v 45.21 		59.21 		0.47
v -3.83 		17.786 		30.922
v 45.107 		59.107 		0.371
v -25.769 		-10.5608 		20.446
v -25.73 		-10.646 		20.4081
v -25.634 		-10.816 		20.3148
v 45.632 		58.629 		0.47
v -25.526 		-10.977 		20.2098
v 45.503 		58.563 		0.371
v -25.52 		-10.9846 		20.204
v -25.406 		-11.13 		20.1391
v 45.326 		58.851 		0.371
v -25.273 		-11.273 		20.0634
v 45.326 		58.474 		0.28
v -25.253 		-11.2916 		20.052
v -25.13 		-11.406 		20.0293
v 45.166 		58.735 		0.28
v -25 		-11.508 		20.0053
v 46 		57.587 		0.68
v 45.97 		57.965 		0.68
v 45.882 		58.333 		0.68
v 45.97 		57.587 		0.573
v 45.941 		57.96 		0.573
v 45.854 		58.324 		0.573
v 45.854 		57.946 		0.47
v 45.77 		58.296 		0.47
v 45.711 		57.924 		0.371
v 45.632 		58.252 		0.371
v 45.515 		57.893 		0.28
v 45.444 		58.191 		0.28
v 45.21 		58.115 		0.199
v 45.107 		58.362 		0.199
v 16.431 		18.736 		30.874
v 14.592 		35.9569 		39.5168
v -3.791 		18.548 		27
v 45.882 		57.587 		0.47
v -3.66 		16 		34
v 45.737 		57.587 		0.371
v 45.539 		57.587 		0.28
v 45.293 		57.587 		0.199
v 45.272 		57.854 		0.199
v 45.005 		59.539 		0.68
v 44.683 		59.737 		0.68
v 44.333 		59.882 		0.68
v 44.988 		59.515 		0.573
v 21.135 		32.432 		31.893
v 44.669 		59.711 		0.573
v 21.016 		32.763 		32.167
v 45.081 		-10.081 		27.98
v 44.324 		59.854 		0.573
v 45.871 		-10.871 		27.924
v 45.617 		-10.617 		27.98
v 45.349 		-10.349 		28
v 44.181 		-9.181 		27.561
v 20.8316 		32.768 		31.9224
v 20.835 		32.7586 		31.9148
v 44.016 		-9.016 		27.386
v 20.8433 		32.7361 		31.8965
v 44.936 		59.444 		0.47
v 43.882 		-8.882 		27.189
v -25 		-8.587 		7.135
v 43.7932 		-8.7932 		27
v 20.9125 		32.5487 		31.744
v 44.629 		59.632 		0.47
v 44.827 		-9.827 		27.924
v 21.241 		32.088 		31.63
v 44.296 		59.77 		0.47
v -25.526 		-9.519 		7.28
v -25.52 		-9.677 		7.28
v 44.59 		-9.59 		27.833
v 44.373 		-9.373 		27.711
v 44.563 		59.503 		0.371
v -25.406 		-9.519 		7.238
v -25.4 		-9.667 		7.238
v 44.252 		59.632 		0.371
v 44.191 		59.444 		0.28
v -25.268 		-9.657 		7.199
v -25.273 		-9.519 		7.199
v 16.768 		18.973 		30.607
v 43.965 		59.97 		0.68
v 43.587 		60 		0.68
v 43.96 		59.941 		0.573
v 7.62 		28.199 		39.785
v 16.089 		18.52 		31.154
v 43.587 		59.97 		0.573
v 16.361 		18.761 		30.812
v 6.33 		28.544 		39.785
v 16.289 		18.785 		30.755
v 16.038 		18.539 		31.107
v 15.983 		18.557 		31.064
v 15.926 		18.574 		31.024
v 43.946 		59.854 		0.47
v 43.587 		59.882 		0.47
v 43.924 		59.711 		0.371
v 7.199 		27.04 		40.894
v 43.587 		59.737 		0.371
v 6.116 		27.33 		40.894
v 43.893 		59.515 		0.28
v 43.587 		59.539 		0.28
v 5 		27.428 		40.894
v 44.851 		59.326 		0.371
v 5 		28.661 		39.785
v 44.968 		58.968 		0.28
v 44.735 		59.166 		0.28
v 44.474 		59.326 		0.28
v 44.59 		58.968 		0.199
v 44.362 		59.107 		0.199
v 44.115 		59.21 		0.199
v 3.496 		29.529 		38.5
v 1.786 		29.83 		37.078
v 44.968 		58.59 		0.199
v 2.038 		29.138 		38.5
v 44.794 		58.794 		0.199
v 0.302 		29.138 		37.078
v 44.735 		58.421 		0.13
v 44.59 		58.59 		0.13
v 44.421 		58.735 		0.13
v -25.502 		-9.833 		7.28
v 44.231 		58.851 		0.13
v -25.382 		-9.814 		7.238
v 44.231 		58.474 		0.074
v -25.354 		-9.96 		7.238
v -25.252 		-9.794 		7.199
v 21.1311 		31.8035 		31.199
v 44.085 		58.563 		0.074
v 21.1439 		31.744 		31.1605
v -25.225 		-9.929 		7.199
v 21.0972 		31.9334 		31.2896
v 21.0988 		31.9273 		31.2854
v 21.1297 		31.809 		31.2028
v -25.576 		-10.013 		7.325
v 43.854 		59.272 		0.199
v -25.531 		-10.173 		7.325
v 43.587 		59.293 		0.199
v 21.0934 		31.948 		31.2999
v 44.026 		58.936 		0.13
v 21.0889 		31.9648 		31.3116
v 21.0372 		32.1603 		31.4484
v 43.809 		58.988 		0.13
v -25.471 		-9.988 		7.28
v 15.867 		18.589 		30.985
v -25.428 		-10.14 		7.28
v 43.587 		59.005 		0.13
v 20.9285 		32.5053 		31.7087
v 20.9645 		32.3913 		31.6226
v 43.926 		58.629 		0.074
v 43.759 		58.669 		0.074
v 20.9745 		32.3593 		31.5985
v 43.587 		58.683 		0.074
v 21.331 		31.732 		31.378
v 21.407 		31.366 		31.138
v 21.467 		30.989 		30.91
v 44.936 		58.026 		0.13
v 44.851 		58.231 		0.13
v 44.629 		57.926 		0.074
v 15.806 		18.604 		30.949
v 44.563 		58.085 		0.074
v 15.744 		18.617 		30.916
v 15.68 		18.629 		30.886
v 44.474 		58.231 		0.074
v 44.362 		58.362 		0.074
v 44.252 		57.926 		0.033
v 15.478 		18.658 		30.813
v 14.976 		35.4689 		39.96
v 44.191 		58.026 		0.033
v 15.614 		18.64 		30.858
v 44.115 		58.115 		0.033
v 15.546 		18.649 		30.835
v 14.935 		35.457 		40
v 15.409 		18.665 		30.796
v -25.313 		-10.102 		7.238
v 21.1908 		31.5246 		31.0186
v 21.2088 		31.4406 		30.9644
v 21.2097 		31.4363 		30.9616
v -25.188 		-10.061 		7.199
v 45.005 		57.587 		0.13
v 21.1603 		31.6675 		31.1109
v 44.988 		57.809 		0.13
v -25.14 		-10.191 		7.199
v 44.683 		57.587 		0.074
v 44.669 		57.759 		0.074
v 44.333 		57.587 		0.033
v 44.324 		57.704 		0.033
v 21.2729 		31.0581 		30.7369
v 21.2767 		31.0273 		30.72
v 44.296 		57.818 		0.033
v -25.13 		-9.519 		7.163
v -25.125 		-9.646 		7.163
v 44.026 		58.191 		0.033
v 43.926 		58.252 		0.033
v -25.086 		-9.896 		7.163
v 43.818 		58.296 		0.033
v -25.052 		-10.017 		7.163
v 43.704 		58.324 		0.033
v 43.587 		58.333 		0.033
v -25.008 		-10.136 		7.163
v -25.111 		-9.771 		7.163
v 43.809 		57.893 		0.008
v 43.759 		57.924 		0.008
v 14.912 		35.4649 		39.9781
v 43.704 		57.946 		0.008
v 21.2455 		31.2219 		30.8343
v 21.2479 		31.2075 		30.8258
v 21.267 		31.0935 		30.758
v 3.884 		27.33 		40.894
v 2.802 		27.04 		40.894
v 15.338 		18.67 		30.781
v 3.67 		28.544 		39.785
v 15.268 		18.674 		30.769
v 2.38 		28.199 		39.785
v -25.992 		-9.714 		7.68
v -25.969 		-9.907 		7.68
v -25.931 		-10.099 		7.68
v -25.985 		-9.713 		7.626
v -25.992 		-9.519 		7.626
v 15.124 		18.678 		30.756
v 43.646 		57.96 		0.008
v -25.969 		-9.519 		7.573
v -25.962 		-9.712 		7.573
v 15.196 		18.677 		30.761
v 43.587 		57.965 		0.008
v 1.17 		27.634 		39.785
v -25.931 		-9.519 		7.521
v -25.924 		-9.709 		7.521
v 43.965 		57.587 		0.008
v 43.96 		57.646 		0.008
v -25.879 		-9.519 		7.47
v -25.871 		-9.705 		7.47
v 43.946 		57.704 		0.008
v 43.924 		57.759 		0.008
v 15.052 		18.678 		30.753
v 43.893 		57.809 		0.008
v 1.786 		26.567 		40.894
v -25.804 		-9.699 		7.42
v 43.854 		57.854 		0.008
v -25.811 		-9.519 		7.42
v 15.401 		18.152 		31.747
v -25.73 		-9.519 		7.371
v -25.723 		-9.693 		7.371
v 43.587 		57.587 		0
v 0.076 		26.868 		39.785
v -25.628 		-9.685 		7.325
v 0.868 		25.924 		40.894
v -25.634 		-9.519 		7.325
v -25.962 		-9.906 		7.626
v 0.076 		25.132 		40.894
v -25.924 		-10.097 		7.626
v 0 		-8.7932 		27
v 0.67 		28.5 		38.5
v -25.939 		-9.903 		7.573
v -25.902 		-10.091 		7.573
v 15.054 		18 		32.06
v 21.492 		31.922 		30.121
v 21.414 		32.33 		30.382
v 21.128 		32.042 		29.83
v 21.053 		32.449 		30.095
v 20.678 		32.559 		29.825
v -25.902 		-9.897 		7.521
v -25.865 		-10.083 		7.521
v 21.32 		32.726 		30.657
v -25.85 		-9.888 		7.47
v -25.813 		-10.07 		7.47
v -25.783 		-9.878 		7.42
v -25.748 		-10.054 		7.42
v -25.699 		-10.228 		7.42
v 48.977 		61.977 		24.649
v 0 		29.66 		34
v 48.912 		61.911 		25.264
v 48.806 		61.805 		25.838
v 48.665 		61.664 		26.362
v 48.491 		61.489 		26.828
v 48.289 		61.286 		27.228
v 48.062 		61.058 		27.554
v 47.812 		60.808 		27.796
v 47.545 		60.54 		27.948
v 47.264 		60.257 		28
v 0.076 		29.529 		35.563
v -22.8768 		59.977 		7.13
v -23.519 		59.977 		7.13
v -22.587 		60 		7.135
v -22.965 		59.97 		7.1287
v -24.55 		59.938 		7.199
v -25.702 		-9.865 		7.371
v -25.669 		-10.035 		7.371
v 21.554 		31.502 		29.874
v 48.491 		61.489 		21.172
v 48.665 		61.664 		21.638
v 48.806 		61.805 		22.162
v 48.912 		61.911 		22.736
v 14.9404 		35.456 		39.9936
v 48.977 		61.977 		23.351
v 49 		62 		24
v 20.748 		32.154 		29.556
v -25.621 		-10.202 		7.371
v -25.608 		-9.85 		7.325
v 48.289 		61.286 		20.772
v 21.259 		30.756 		29.128
v 20.873 		30.871 		28.848
v 21.231 		31.194 		29.346
v 47.545 		60.54 		20.052
v 47.812 		60.808 		20.204
v 48.062 		61.058 		20.446
v 21.186 		31.623 		29.58
v -25.526 		-10.977 		7.68
v 14.9352 		35.456 		39.9994
v -25.406 		-11.13 		7.68
v -25.045 		-10.628 		7.238
v -25.082 		-10.316 		7.199
v 47.264 		60.257 		20
v 47 		58.519 		20.0487
v 20.804 		31.736 		29.304
v 20.845 		31.308 		29.068
v -25.015 		-10.436 		7.199
v -23.634 		59.973 		7.13
v -23.748 		59.96 		7.13
v -25.531 		-10.752 		7.47
v -23.86 		59.937 		7.13
v -23.97 		59.906 		7.13
v -25.561 		-10.365 		7.371
v 14.918 		35.4815 		39.936
v 14.912 		35.4766 		39.9481
v 21.292 		30.9028 		30.6518
v 21.3147 		30.72 		30.5514
v 14.912 		35.4676 		39.9712
v 21.512 		30.604 		30.696
v 21.541 		30.211 		30.496
v 21.554 		29.81 		30.309
v 14.912 		35.4674 		39.9718
v -25.473 		-10.329 		7.325
v -25.404 		-10.48 		7.325
v 21.3685 		29.8758 		30.1433
v 21.3686 		29.758 		30.0943
v 21.3688 		29.696 		30.0686
v -25.373 		-10.287 		7.28
v -25.308 		-10.431 		7.28
v 21.3592 		30.1071 		30.2492
v 21.3551 		30.209 		30.2959
v 21.3523 		30.2781 		30.3276
v -25.262 		-10.241 		7.238
v -25.2 		-10.376 		7.238
v 21.3206 		30.6723 		30.5252
v 21.3222 		30.6529 		30.5155
v 21.3391 		30.4427 		30.4101
v 21.3205 		30.6729 		30.5256
v 10 		21 		41.794
v -25.561 		-10.56 		7.42
v 21.552 		29.402 		30.137
v 21.534 		28.991 		29.98
v -25.473 		-10.717 		7.42
v 8.214 		17.17 		41.794
v 8.83 		17.786 		41.794
v -25.489 		-10.523 		7.371
v -24.251 		59.955 		7.163
v 9.33 		18.5 		41.794
v 9.699 		19.29 		41.794
v 21.354 		29.0547 		29.8194
v 21.3385 		28.8442 		29.7489
v 9.924 		20.132 		41.794
v -24.361 		59.893 		7.163
v -23.333 		59.882 		7.1123
v 9.924 		21.868 		41.794
v 21.337 		28.8239 		29.7421
v 21.3267 		28.686 		29.696
v 21.3626 		29.2848 		29.9054
v 21.3633 		29.3028 		29.9122
v 21.3692 		29.4676 		29.9738
v 21.3689 		29.6458 		30.0477
v 33.1145 		8.192 		27
v 33.111 		8.335 		27
v 33.057 		9.018 		27
v 32.971 		9.695 		27
v 32.768 		10.408 		27
v 21.272 		29.854 		28.741
v -25.404 		-10.674 		7.371
v 35.111 		8.425 		27
v 35.1127 		8.192 		27
v 21.273 		30.309 		28.926
v 35.05 		9.208 		27
v 34.951 		9.985 		27
v 34.682 		10.981 		27
v 34.676 		11 		27
v 32.851 		6.105 		27
v 33.001 		6.61 		27
v 33.111 		7.125 		27
v 33.126 		7.729 		27
v 33.006 		2.8977 		27
v 32.768 		2.6839 		27
v 33.19 		3.063 		27
v 33.2402 		3.1171 		27
v 33.831 		3.755 		27
v 34.285 		4.508 		27
v 34.681 		5.295 		27
v 34.909 		6.023 		27
v 35.081 		6.765 		27
v 35.117 		7.593 		27
v 21.3256 		28.672 		29.6913
v 9.699 		22.71 		41.794
v -23.722 		59.8 		7.1
v -23.822 		59.78 		7.1
v -23.92 		59.752 		7.1
v -25.323 		-10.625 		7.325
v 15.365 		18.164 		31.717
v 15.383 		18.158 		31.732
v -25.231 		-10.568 		7.28
v 9.33 		23.5 		41.794
v -25.143 		-10.699 		7.28
v -24.077 		59.866 		7.13
v -24.181 		59.819 		7.13
v -24.281 		59.763 		7.13
v -25.128 		-10.505 		7.238
v -24.466 		59.823 		7.163
v 15.746 		18.325 		31.445
v -24.566 		59.744 		7.163
v 15.637 		18.361 		31.357
v 8.83 		24.214 		41.794
v -24.376 		59.699 		7.13
v -25.045 		-10.823 		7.28
v 15.674 		18.35 		31.385
v 15.711 		18.338 		31.414
v -24.466 		59.628 		7.13
v -25.008 		-11.262 		7.42
v -25.082 		-11.082 		7.371
v -25.015 		-11.015 		7.325
v 13.529 		22.504 		38.5
v -23.519 		59.816 		7.1
v -23.4923 		59.816 		7.1
v -23.5182 		59.8053 		7.0984
v -23.519 		59.8049 		7.0983
v 15.557 		18.381 		31.308
v 15.597 		18.372 		31.332
v -23.5262 		59.802 		7.0979
v 15.515 		18.39 		31.286
v -23.552 		59.7913 		7.0964
v 12.661 		21 		39.785
v -23.621 		59.812 		7.1
v 15.472 		18.398 		31.266
v 15.428 		18.406 		31.248
v -24.015 		59.717 		7.1
v 13.138 		23.962 		38.5
v 20.354 		32.259 		29.3
v 20.289 		32.663 		29.57
v 19.947 		32.356 		29.061
v -23.6173 		59.7642 		7.0927
v 12.544 		22.33 		39.785
v -23.6458 		59.7524 		7.0914
v -23.683 		59.737 		7.0897
v 15.383 		18.412 		31.232
v -24.108 		59.674 		7.1
v 15.263 		18.188 		31.658
v 15.241 		18.192 		31.649
v -24.197 		59.625 		7.1
v 15.306 		18.18 		31.679
v -24.281 		59.568 		7.1
v 15.285 		18.185 		31.668
v -25.52 		-10.973 		7.626
v -25.502 		-10.96 		7.573
v -24.55 		59.55 		7.13
v -25.576 		-10.78 		7.521
v -24.361 		59.505 		7.1
v -25.471 		-10.937 		7.521
v -24.436 		59.436 		7.1
v 15.219 		18.195 		31.64
v 15.149 		18.202 		31.622
v 15.173 		18.2 		31.628
v 15.126 		18.203 		31.619
v -25.428 		-10.906 		7.47
v 15.196 		18.198 		31.633
v -25.4 		-11.125 		7.626
v -25.382 		-11.111 		7.573
v 11.04 		23.199 		40.894
v -25.252 		-11.252 		7.573
v 12.199 		23.62 		39.785
v -25.354 		-11.086 		7.521
v -25.225 		-11.225 		7.521
v -25.313 		-11.052 		7.47
v 10.567 		24.214 		40.894
v -25.188 		-11.188 		7.47
v -23.7055 		59.7232 		7.088
v -23.7097 		59.7206 		7.0877
v -23.757 		59.6915 		7.0848
v -23.795 		59.6681 		7.0825
v -23.8277 		59.648 		7.0809
v -23.8576 		59.6296 		7.0794
v -23.8762 		59.6182 		7.0785
v -23.9478 		59.5742 		7.0759
v -23.9542 		59.5702 		7.0757
v 16.384 		10.4074 		27
v 17.211 		9.445 		27
v 18.312 		8.242 		27
v 18.36 		8.192 		27
v 32.729 		10.545 		27
v 32.5784 		11 		27
v 11.428 		21 		40.894
v -24.005 		59.539 		7.0746
v -24.108 		59.48 		7.074
v 11.33 		22.116 		40.894
v 31.501 		4.185 		27
v 31.9 		4.57 		27
v 32.261 		4.995 		27
v 32.575 		5.54 		27
v 24.74 		3.542 		27
v 25.691 		3.335 		27
v 26.599 		3.305 		27
v 27.511 		3.335 		27
v 29.036 		3.528 		27
v 30.551 		3.775 		27
v 31.039 		3.952 		27
v 19.529 		32.445 		28.841
v 25.301 		1.365 		27
v 26.433 		1.312 		27
v 27.571 		1.335 		27
v 29.292 		1.539 		27
v 31.001 		1.815 		27
v 19.886 		32.759 		29.334
v 31.765 		2.084 		27
v 32.491 		2.435 		27
v 19.441 		7.065 		27
v 20.586 		6.021 		27
v 21.771 		5.025 		27
v 22.771 		4.39 		27
v 23.811 		3.825 		27
v 12.5 		16.67 		38.5
v 16.852 		6.876 		27
v 16.384 		7.3872 		27
v 18.051 		5.625 		27
v 18.1258 		5.5569 		27
v 19.27 		4.515 		27
v 20.531 		3.455 		27
v 21.713 		2.694 		27
v 22.941 		2.015 		27
v 24.107 		1.644 		27
v 20.407 		31.842 		29.045
v 15.8786 		11 		27
v 15.971 		10.888 		27
v 14.41 		9.65 		27
v 15.6495 		8.192 		27
v 14.976 		35.4555 		39.9543
v 19.996 		31.94 		28.804
v 0.495 		8.575 		27
v 0.191 		9.265 		27
v 2.721 		8.345 		27
v 2.393 		9.201 		27
v 2.031 		10.045 		27
v 1.602 		10.936 		27
v 1.5692 		11 		27
v 15.681 		8.155 		27
v 0.67 		4.096 		27
v 0.841 		4.365 		27
v 0.965 		4.675 		27
v 1.051 		4.995 		27
v 1.035 		5.834 		27
v 0.981 		6.675 		27
v 0.893 		7.279 		27
v 0.771 		7.875 		27
v 3.041 		4.685 		27
v 2.8617 		4.096 		27
v 3.039 		5.802 		27
v 2.971 		6.925 		27
v 2.867 		7.64 		27
v 20.446 		31.415 		28.807
v 0.16 		3.486 		27
v 0.451 		3.795 		27
v 0.656 		4.074 		27
v 0.432 		1.215 		27
v 0.991 		1.555 		27
v 1.459 		1.965 		27
v 1.901 		2.405 		27
v 2.244 		2.853 		27
v 2.551 		3.325 		27
v 2.831 		3.995 		27
v -25.373 		-10.866 		7.42
v -25.262 		-11.008 		7.42
v -0.189 		10.05 		27
v -0.589 		10.825 		27
v 21.222 		28.927 		28.424
v -25.14 		-11.14 		7.42
v 20.84 		29.04 		28.148
v -25.308 		-10.819 		7.371
v -2.749 		2.565 		27
v -1.619 		2.555 		27
v -1.23 		2.649 		27
v -0.849 		2.785 		27
v -0.492 		2.977 		27
v -0.149 		3.195 		27
v -25.2 		-10.955 		7.371
v 20.87 		29.507 		28.296
v -2.849 		0.575 		27
v -1.459 		0.555 		27
v -0.797 		0.703 		27
v -0.149 		0.915 		27
v 21.255 		29.393 		28.574
v -25.231 		-10.763 		7.325
v 20.885 		29.968 		28.461
v -25.128 		-10.893 		7.325
v 20.886 		30.423 		28.646
v 20.484 		30.075 		28.2
v -25.879 		-10.286 		7.68
v 20.485 		30.53 		28.384
v -25.811 		-10.469 		7.68
v -25.73 		-10.646 		7.68
v 34.518 		11.5 		27
v -25.634 		-10.816 		7.68
v 32.451 		11.385 		27
v 32.4041 		11.5 		27
v -25.871 		-10.284 		7.626
v -25.804 		-10.466 		7.626
v 15.4662 		11.5 		27
v 19.099 		32.525 		28.64
v 5 		11.152 		35.563
v 18.658 		32.597 		28.459
v 6.71 		11.302 		35.563
v -25.85 		-10.277 		7.573
v -25.783 		-10.457 		7.573
v 5 		11 		34
v 19.574 		32.029 		28.583
v 6.737 		11.152 		34
v 19.141 		32.11 		28.38
v -25.813 		-10.265 		7.521
v -25.748 		-10.442 		7.521
v 18.726 		31.757 		27.954
v -25.763 		-10.248 		7.47
v 18.697 		32.183 		28.197
v 3.29 		11.302 		35.563
v -25.699 		-10.422 		7.47
v 3.264 		11.152 		34
v 20.472 		30.977 		28.587
v 13.111 		11.207 		27
v 13.073 		11.259 		27
v 13.151 		11.155 		27
v 20.058 		31.076 		28.344
v 13.1518 		11.154 		27
v 5 		11.152 		32.437
v 6.71 		11.302 		32.437
v 19.632 		31.166 		28.12
v 20.034 		31.513 		28.565
v 3.29 		11.302 		32.437
v 19.608 		31.603 		28.342
v 19.204 		30.801 		27.712
v 19.193 		31.248 		27.915
v 19.172 		31.685 		28.138
v 18.746 		31.321 		27.731
v 15.345 		18.17 		31.704
v 15.326 		18.175 		31.691
v 18.756 		30.875 		27.527
v 18.209 		32.66 		28.297
v 18.244 		32.247 		28.034
v 17.783 		32.301 		27.892
v 17.753 		32.714 		28.156
v 13.138 		18.038 		38.5
v 15.101 		18.204 		31.616
v 17.288 		32.759 		28.036
v 18.27 		31.821 		27.79
v 15.005 		18.203 		31.616
v 13.529 		19.496 		38.5
v 15.029 		18.204 		31.613
v 15.077 		18.205 		31.613
v 15.053 		18.205 		31.613
v 16.841 		32.384 		27.67
v -24.181 		59.431 		7.074
v 12.544 		19.67 		39.785
v -25.723 		-10.642 		7.626
v -25.702 		-10.632 		7.573
v -24.505 		59.361 		7.1
v -25.669 		-10.614 		7.521
v -24.568 		59.281 		7.1
v -25.621 		-10.59 		7.47
v 34.371 		11.965 		27
v 34.3565 		12.001 		27
v -25.637 		-10.396 		7.42
v 32.1999 		12.001 		27
v 8.368 		11.746 		35.563
v -25.628 		-10.812 		7.626
v -25.608 		-10.8 		7.573
v -25.273 		-11.273 		7.68
v -25.13 		-11.406 		7.68
v -24.031 		59.523 		7.074
v -24.0154 		59.5301 		7.074
v 11.04 		18.802 		40.894
v -24.0288 		59.5187 		7.0734
v -24.0305 		59.5172 		7.0733
v -24.064 		59.4886 		7.0723
v -25.086 		-11.354 		7.521
v -24.0959 		59.4613 		7.0712
v -24.0963 		59.461 		7.0712
v -24.1039 		59.4545 		7.0711
v -24.1621 		59.4048 		7.07
v -25.052 		-11.313 		7.47
v -24.1727 		59.3958 		7.0699
v -24.1771 		59.392 		7.0699
v -24.251 		59.376 		7.074
v 11.33 		19.884 		40.894
v -24.316 		59.316 		7.074
v -25.268 		-11.268 		7.626
v -24.2278 		59.3487 		7.0696
v -24.293 		59.293 		7.07
v -24.292 		59.2938 		7.0699
v -25.125 		-11.4 		7.626
v -24.239 		59.3391 		7.0696
v -24.376 		59.251 		7.074
v 9.924 		16.868 		40.894
v 10.567 		17.786 		40.894
v -24.431 		59.181 		7.074
v 11.634 		17.17 		39.785
v 12.199 		18.38 		39.785
v 17.315 		32.347 		27.771
v 17.806 		31.877 		27.647
v 17.335 		31.923 		27.525
v 1.17 		24.214 		41.794
v 0.67 		23.5 		41.794
v -24.302 		59.2824 		7.0699
v -24.32 		59.2614 		7.0698
v 0.302 		22.71 		41.794
v -24.3487 		59.2278 		7.0696
v 16.859 		31.96 		27.424
v -24.3483 		59.2283 		7.0696
v -24.3584 		59.2165 		7.0696
v -24.4048 		59.1621 		7.07
v -24.4133 		59.1522 		7.0702
v -24.4271 		59.136 		7.0705
v -24.48 		59.108 		7.074
v -24.523 		59.031 		7.074
v -24.5301 		59.0154 		7.074
v -24.539 		59.005 		7.0746
v 18.288 		31.386 		27.567
v -24.5256 		59.0207 		7.0738
v 18.298 		30.939 		27.362
v -24.461 		59.0963 		7.0712
v -24.4607 		59.0966 		7.0712
v -24.4667 		59.0897 		7.0714
v -24.5187 		59.0288 		7.0734
v 17.832 		30.994 		27.219
v -24.5199 		59.0274 		7.0735
v -25.111 		-11.382 		7.573
v 17.823 		31.441 		27.423
v 17.359 		31.04 		27.096
v 17.35 		31.487 		27.3
v -25 		57.587 		0.68
v 16.872 		31.524 		27.199
v -24.5669 		58.9596 		7.0756
v 16.388 		31.552 		27.12
v -24.5702 		58.9542 		7.0757
v -24.576 		58.9448 		7.076
v 8.42 		11.603 		34
v 5 		11.603 		37.078
v 6.632 		11.746 		37.078
v 3.368 		11.746 		37.078
v -22.587 		60 		0.68
v -22.965 		59.97 		0.68
v -23.333 		59.882 		0.68
v -22.587 		59.97 		0.573
v -22.96 		59.941 		0.573
v -23.324 		59.854 		0.573
v 1.58 		11.603 		34
v -22.587 		59.882 		0.47
v -22.946 		59.854 		0.47
v -22.587 		59.737 		0.371
v -22.924 		59.711 		0.371
v 46.982 		59.974 		27.948
v -22.587 		59.539 		0.28
v -22.893 		59.515 		0.28
v 20.058 		29.712 		27.793
v 46.715 		59.706 		27.796
v 20.07 		30.174 		27.957
v -23.296 		59.77 		0.47
v 19.644 		30.264 		27.733
v 20.07 		30.629 		28.141
v -23.252 		59.632 		0.371
v 19.643 		30.719 		27.917
v 1.632 		11.746 		35.563
v 0 		21 		41.794
v -23.191 		59.444 		0.28
v 0.076 		21.868 		41.794
v -23.683 		59.737 		0.68
v -24.005 		59.539 		0.68
v 19.632 		29.802 		27.57
v -23.669 		59.711 		0.573
v 7.5 		16.67 		41.794
v -23.988 		59.515 		0.573
v 19.196 		29.883 		27.366
v 8.368 		11.746 		32.437
v 18.75 		29.956 		27.182
v -23.629 		59.632 		0.47
v -23.936 		59.444 		0.47
v 5 		11.603 		30.922
v 19.205 		30.346 		27.528
v -23.563 		59.503 		0.371
v 18.758 		30.419 		27.344
v 6.632 		11.746 		30.922
v 0.076 		20.132 		41.794
v -22.587 		59.293 		0.199
v -22.854 		59.272 		0.199
v 0.302 		19.29 		41.794
v 20.402 		28.673 		27.763
v 0.67 		18.5 		41.794
v 20.443 		29.146 		27.889
v -22.587 		59.005 		0.13
v -22.809 		58.988 		0.13
v 20.47 		29.614 		28.035
v -23.026 		58.936 		0.13
v 1.632 		11.746 		32.437
v 20.032 		29.244 		27.648
v 3.368 		11.746 		30.922
v -23.474 		59.326 		0.28
v 19.996 		28.77 		27.524
v 19.577 		28.859 		27.303
v -23.115 		59.21 		0.199
v -23.362 		59.107 		0.199
v 19.611 		29.333 		27.426
v 15.291 		18.422 		31.206
v 15.244 		18.426 		31.196
v 15.337 		18.417 		31.218
v -23.231 		58.851 		0.13
v 15.196 		18.428 		31.188
v -23.421 		58.735 		0.13
v 19.147 		28.939 		27.102
v 15.149 		18.43 		31.182
v 19.177 		29.414 		27.224
v -22.587 		58.683 		0.074
v -25 		30.72 		7.1303
v -22.759 		58.669 		0.074
v -25 		29.696 		7.1303
v -22.926 		58.629 		0.074
v 18.733 		29.486 		27.041
v -23.085 		58.563 		0.074
v -25 		28.672 		7.1303
v 15.101 		18.431 		31.179
v -23.231 		58.474 		0.074
v 15.005 		18.43 		31.179
v 15.053 		18.431 		31.178
v -25 		26.624 		7.1303
v 18.3 		30.483 		27.18
v 17.835 		30.539 		27.036
v -25 		23.552 		7.1303
v -24.293 		59.293 		0.68
v -25 		22.528 		7.1303
v -24.539 		59.005 		0.68
v -24.272 		59.272 		0.573
v 21.451 		28.154 		29.712
v 21.5 		28.574 		29.838
v -24.515 		58.988 		0.573
v -25 		21.504 		7.1303
v -25 		20.48 		7.1303
v -25 		19.456 		7.1303
v -24.21 		59.21 		0.47
v -24.444 		58.936 		0.47
v 1.17 		17.786 		41.794
v 1.786 		17.17 		41.794
v -23.851 		59.326 		0.371
v 2.5 		16.67 		41.794
v -24.107 		59.107 		0.371
v 16.213 		18.807 		30.701
v -23.735 		59.166 		0.28
v 16.134 		18.828 		30.65
v 16.054 		18.847 		30.602
v -23.968 		58.968 		0.28
v -23.59 		58.968 		0.199
v 15.971 		18.865 		30.558
v 0.076 		16.868 		40.894
v 15.885 		18.881 		30.518
v -23.794 		58.794 		0.199
v -23.968 		58.59 		0.199
v 15.431 		18.935 		30.378
v -23.59 		58.59 		0.13
v -23.735 		58.421 		0.13
v 15.797 		18.896 		30.482
v 15.709 		18.908 		30.45
v -24.326 		58.851 		0.371
v -24.503 		58.563 		0.371
v 8.6203 		29.911 		30.3055
v 15.617 		18.919 		30.422
v -24.166 		58.735 		0.28
v 15.525 		18.928 		30.398
v -24.326 		58.474 		0.28
v -22.587 		58.333 		0.033
v -22.704 		58.324 		0.033
v -22.818 		58.296 		0.033
v -22.926 		58.252 		0.033
v 15.242 		18.944 		30.352
v -23.026 		58.191 		0.033
v 15.051 		18.945 		30.343
v 15.147 		18.946 		30.345
v 11.5874 		29.9843 		27
v 11.5869 		29.9837 		27
v 21.387 		27.732 		29.602
v 11.5682 		29.9609 		27
v 11.5491 		29.9374 		27
v 11.5306 		29.911 		27
v 15.337 		18.94 		30.363
v 21.2069 		27.7529 		29.4391
v 21.1878 		27.648 		29.4164
v 46.4923 		59.4824 		27.5795
v 46.4868 		59.4868 		27.5838
v 21.2143 		27.7935 		29.4479
v 9.387 		29.949 		28.147
v 21.233 		27.9216 		29.4805
v 46.108 		59.108 		27.833
v 17.4704 		30.72 		27
v 17.408 		30.7662 		27
v 17.3606 		30.8013 		27
v 17.1984 		30.8987 		27
v 17.3621 		30.8002 		27
v 46.324 		59.324 		27.711
v 16.9103 		31.0721 		27
v 16.9037 		31.0761 		27
v 16.8798 		31.0889 		27
v 16.8762 		31.0904 		27
v 16.3979 		31.2872 		27
v -25 		18.432 		7.1303
v 1.151 		11.815 		27
v 1.036 		12.001 		27
v -25 		17.408 		7.1303
v -1.116 		11.67 		27
v -25 		16.384 		7.1303
v 16.3933 		31.2891 		27
v 9.924 		29.529 		32.437
v 11.1613 		28.6942 		32.7064
v 11.1982 		28.672 		32.7373
v 11.0347 		28.7704 		32.6015
v 10.9634 		28.8133 		32.5424
v -25 		15.36 		7.1303
v 10.8371 		28.8893 		32.437
v -25 		14.336 		7.1303
v -25 		13.312 		7.1303
v 8.6203 		29.9094 		30.3048
v 34.0289 		12.813 		27
v 32.038 		12.398 		27
v 31.8519 		12.813 		27
v 14.761 		12.355 		27
v -22.587 		57.965 		0.008
v 16.538 		31.2294 		27
v -22.646 		57.96 		0.008
v 16.3912 		31.2897 		27
v 16.6404 		31.1873 		27
v 16.384 		31.2918 		27
v -22.704 		57.946 		0.008
v 8.6202 		29.9081 		30.3041
v -22.759 		57.924 		0.008
v 18.4805 		29.696 		27
v 18.899 		28.9796 		27
v 18.8997 		28.978 		27
v 19.0175 		28.672 		27
v 18.8295 		29.1161 		27
v -22.809 		57.893 		0.008
v 18.7241 		29.3237 		27
v 18.6191 		29.5021 		27
v 18.294 		30.02 		27.018
v 18.3022 		29.9455 		27
v 18.2922 		29.9596 		27
v 18.2883 		29.9642 		27
v 18.2357 		30.0269 		27
v 18.2239 		30.039 		27
v 8.214 		12.17 		37.078
v 8.229 		29.579 		28.972
v 10 		12.34 		34
v 10.8011 		28.9022 		32.403
v 10.2756 		29.0906 		31.9067
v 10.518 		29.0037 		32.1356
v -23.362 		58.362 		0.074
v 10.7522 		28.9197 		32.3567
v 10.0234 		29.1807 		31.6675
v 9.924 		12.471 		35.563
v 9.7749 		29.2699 		31.4331
v -23.474 		58.231 		0.074
v -23.115 		58.115 		0.033
v -23.191 		58.026 		0.033
v -23.252 		57.926 		0.033
v 8.618 		29.7473 		30.2306
v 8.6174 		29.696 		30.2072
v -25 		12.288 		7.1303
v 6.504 		12.471 		38.5
v -25 		11.264 		7.1303
v 8.6188 		29.6251 		30.1773
v 8.6172 		29.685 		30.2021
v -25 		10.24 		7.1303
v 8.6 		29.71 		28.68
v 5 		12.34 		38.5
v -25 		9.216 		7.1303
v 8.259 		29.119 		28.805
v 17.8341 		30.4352 		27
v 17.6966 		30.5525 		27
v 19.2455 		27.7045 		27
v 19.2521 		27.648 		27
v 19.218 		27.937 		27
v 19.2167 		27.9478 		27
v 19.1041 		28.4415 		27
v 19.106 		28.46 		27.003
v 8.554 		29.661 		30.258
v 19.1036 		28.4431 		27
v 19.0988 		28.4612 		27
v 19.0989 		28.4607 		27
v -22.854 		57.854 		0.008
v -22.893 		57.809 		0.008
v -22.924 		57.759 		0.008
v 8.6256 		29.3583 		30.0665
v 8.6193 		29.6064 		30.1696
v -22.946 		57.704 		0.008
v 8.214 		29.83 		30.922
v -22.96 		57.646 		0.008
v -22.965 		57.587 		0.008
v 9.7587 		29.2719 		31.416
v 9.4328 		29.3114 		31.0727
v 9.2897 		29.3287 		30.922
v 3.496 		12.471 		38.5
v 21.2762 		28.2163 		29.5557
v 21.2422 		27.9847 		29.4967
v 1.786 		12.17 		37.078
v 8.6256 		29.3582 		30.0665
v 21.2764 		28.2187 		29.5564
v -25 		0 		7.1303
v 0.076 		12.471 		35.563
v 21.3017 		28.4465 		29.6234
v 21.2946 		28.3832 		29.6047
v 19.0914 		28.4802 		27
v 19.332 		26.934 		27.024
v 19.2455 		26.624 		27
v 19.2474 		26.6411 		27
v 19.2614 		26.7684 		27
v 19.2628 		26.7812 		27
v 19.2806 		26.9435 		27
v 19.2774 		27.3056 		27
v 19.2763 		27.4417 		27
v 21.323 		28.6372 		29.6797
v 19.2761 		27.4434 		27
v 8.6258 		29.3473 		30.0619
v 19.145 		25.97 		27.014
v -23.296 		57.818 		0.033
v 18.9812 		25.6014 		27
v -23.324 		57.704 		0.033
v 19.1151 		25.9756 		27
v -23.333 		57.587 		0.033
v 19.1163 		25.9808 		27
v 9.123 		29.2914 		30.72
v 18.9807 		25.6 		27
v 9.0004 		29.264 		30.5715
v 8.567 		29.254 		30.086
v 19.244 		26.451 		27.008
v 8.573 		29.1682 		30.0533
v 8.5732 		29.1682 		30.0534
v 19.2218 		26.4323 		27
v -23.851 		58.231 		0.13
v 19.2268 		26.4542 		27
v 19.2293 		26.4768 		27
v -23.936 		58.026 		0.13
v 18.4477 		24.614 		27
v 18.432 		24.5941 		27
v 18.6323 		24.9065 		27
v 18.7264 		25.0546 		27
v 18.7286 		25.059 		27
v 18.8737 		25.3566 		27
v 18.9484 		25.5093 		27
v 8.6398 		29.0843 		29.9606
v 8.6276 		29.2768 		30.0326
v 8.5971 		29.138 		30.0199
v 18.4307 		24.5925 		27
v 18.4167 		24.576 		27
v -25 		-8.587 		0.68
v 16.1686 		31.3555 		27
v 15.9048 		31.4341 		27
v 8.6275 		29.28 		30.034
v 8.6272 		29.2914 		30.0387
v -23.519 		-12 		20.0472
v -24.971 		-12.257 		28
v 8.4036 		29.0348 		29.6804
v 8.2516 		29.0029 		29.5
v -24.971 		-12.257 		20
v 0 		12.34 		34
v 8.6398 		29.0843 		29.9606
v 8.6398 		29.0843 		29.9607
v 15.4898 		31.5084 		27
v 15.4139 		31.522 		27
v 15.413 		31.579 		27.026
v 15.4137 		31.522 		27
v -23.563 		58.085 		0.074
v 15.36 		31.525 		27
v -23.629 		57.926 		0.074
v 15.355 		31.5253 		27
v 15 		31.5452 		27
v -23.519 		-12 		7.68
v 18.0865 		24.1882 		27
v 17.9192 		24.0255 		27
v 18.0067 		24.1103 		27
v 17.5449 		23.7104 		27
v 17.475 		23.6589 		27
v 17.6358 		23.7776 		27
v 17.6362 		23.7779 		27
v -24.444 		58.191 		0.28
v 17.7771 		23.9012 		27
v -24.515 		57.893 		0.28
v -24.108 		-11.108 		27.833
v 17.408 		23.6148 		27
v 17.3128 		23.552 		27
v 17.3024 		23.5452 		27
v 17.069 		23.382 		27.005
v 17.072 		23.3964 		27
v -24.107 		58.362 		0.199
v 16.5508 		23.1534 		27
v 16.384 		23.0871 		27
v -24.21 		58.115 		0.199
v 16.8077 		23.2658 		27
v 16.6976 		23.2122 		27
v 17.0498 		23.3838 		27
v -24.422 		-11.706 		27.796
v 11.264 		29.531 		27
v 16.3425 		23.0707 		27
v 11.162 		29.4 		27.004
v 11.1735 		29.4019 		27
v 11.165 		29.387 		27
v 11.1633 		29.384 		27
v 16.1293 		23.0022 		27
v 10.9145 		28.8724 		27
v 10.9102 		28.8609 		27
v 16.0022 		22.9674 		27
v -24.324 		-11.324 		27.711
v -24.3298 		-11.3298 		27.7064
v -24.2561 		-11.4216 		27.6347
v 11.0146 		29.0767 		27
v 15.6701 		22.8994 		27
v 15.9656 		22.9599 		27
v 15.6684 		22.8992 		27
v 15.36 		22.859 		27
v 11.1773 		29.4073 		27
v 15.5734 		22.8869 		27
v 11.2569 		29.5209 		27
v 10.8403 		28.672 		27
v 15.3456 		22.8571 		27
v -24.539 		57.587 		0.28
v 15.3386 		22.8567 		27
v 15.1516 		22.8451 		27
v 15.0227 		22.8371 		27
v -24.272 		57.854 		0.199
v 15 		22.8376 		27
v -24.293 		57.587 		0.199
v -24.2037 		-11.4868 		27.5838
v 21.66 		32.602 		30.957
v -23.988 		57.809 		0.13
v -24.005 		57.587 		0.13
v -24.689 		-11.974 		27.948
v -23.669 		57.759 		0.074
v -24.576 		-11.762 		20.1163
v -24.543 		-11.7771 		20.1351
v -24.5086 		-11.7929 		20.1547
v -24.469 		-11.811 		20.1444
v -23.683 		57.587 		0.074
v 21.758 		32.204 		30.686
v 21.84 		31.795 		30.428
v 10.7318 		28.349 		27
v 10.6978 		28.1829 		27
v 10.7332 		28.3535 		27
v -24.744 		59.954 		7.238
v 10.6252 		27.8328 		27
v 10.7932 		28.5446 		27
v 10.7526 		28.4144 		27
v 10.6094 		27.6731 		27
v 10.6069 		27.648 		27
v 10.533 		27.316 		27.019
v 21.906 		31.375 		30.183
v -24.938 		59.938 		7.28
v 21.954 		30.944 		29.952
v 10.5745 		27.3247 		27
v 10.5746 		27.3207 		27
v 21.212 		26.885 		29.431
v 21.307 		27.309 		29.508
v 21.601 		31.073 		29.641
v 21.044 		26.9452 		29.2805
v 20.9843 		26.7105 		29.2482
v 20.9624 		26.624 		29.2362
v 21.986 		30.505 		29.736
v 10.5787 		27.069 		27
v 10.5752 		27.282 		27
v 10.5872 		26.8268 		27
v 21.1368 		27.3694 		29.3563
v 21.0964 		27.1842 		29.323
v 21.0859 		27.1363 		29.3144
v 21.0563 		27.0015 		29.2905
v 21.1535 		27.46 		29.3759
v 21.1788 		27.5988 		29.4058
v 8.214 		12.17 		30.922
v -24.853 		59.853 		7.238
v -24.954 		59.744 		7.238
v 9.924 		12.471 		32.437
v -24.659 		59.853 		7.199
v -24.76 		59.76 		7.199
v -24.853 		59.659 		7.199
v 5 		12.34 		29.5
v 6.504 		12.471 		29.5
v -24.938 		59.55 		7.199
v -24.659 		59.659 		7.163
v -24.744 		59.566 		7.163
v -24.823 		59.466 		7.163
v 0.076 		12.471 		32.437
v -24.628 		59.466 		7.13
v -24.286 		-11.879 		20.1059
v 14.979 		35.621 		39.578
v -24.099 		-11.931 		20.0764
v 22 		30.057 		29.535
v -23.907 		-11.969 		20.0548
v 21.643 		29.732 		29.037
v 21.644 		30.187 		29.222
v 21.631 		30.634 		29.424
v -24.893 		59.361 		7.163
v 3.496 		12.471 		29.5
v -24.955 		59.251 		7.163
v -24.699 		59.376 		7.13
v -24.763 		59.281 		7.13
v 1.786 		12.17 		30.922
v 14.957 		35.621 		39.575
v 21.942 		28.678 		29.027
v 14.935 		35.621 		39.575
v 14.913 		35.621 		39.575
v -24.819 		59.181 		7.13
v 21.978 		29.143 		29.18
v 21.998 		29.603 		29.349
v 14.891 		35.62 		39.577
v 21.59 		28.806 		28.718
v 21.625 		29.272 		28.869
v -24.625 		59.197 		7.1
v 14.869 		35.618 		39.58
v 0.591 		12.721 		27
v 21.889 		28.209 		28.89
v 21.818 		27.738 		28.771
v 46.982 		59.974 		20.052
v -1.659 		12.505 		27
v 46.8396 		59.392 		20.1331
v 46.811 		59.469 		20.1493
v 46.715 		59.706 		20.204
v 46.73 		59.646 		20.1955
v 20.521 		24.801 		29.296
v 14.8769 		35.6277 		39.5523
v 14.8772 		35.6278 		39.552
v 20.687 		25.21 		29.289
v 20.839 		25.624 		29.299
v 46.6604 		59.7693 		20.1681
v 46.634 		59.816 		20.1416
v 46.6961 		59.706 		20.204
v 46.7029 		59.6939 		20.2157
v 46.715 		59.6726 		20.204
v 14.8764 		35.6275 		39.5528
v 14.848 		35.6178 		39.5795
v 14.8615 		35.6223 		39.5668
v 14.8658 		35.6237 		39.5626
v 14.8663 		35.6239 		39.5622
v 14.8681 		35.6245 		39.5606
v 14.8648 		35.6234 		39.5636
v 46.528 		59.974 		20.052
v 20.978 		26.042 		29.326
v 46.526 		59.977 		20.0514
v 21.102 		26.463 		29.37
v -23.865 		-11.974 		20.052
v -23.714 		-11.992 		20.0487
v 46.406 		60.13 		20.0233
v 46.2879 		60.257 		20
v 46.273 		60.273 		20.0029
v 46.13 		60.406 		20.0274
v 46 		60.508 		20.0461
v 46.992 		58.714 		20.0502
v 46.982 		58.7979 		20.052
v 46.969 		58.907 		20.0594
v 20.5264 		25.2673 		29.1456
v 20.5014 		25.2051 		29.1469
v -24.689 		-11.974 		20.052
v 46.931 		59.099 		20.081
v 20.48 		25.1518 		29.148
v 46.879 		59.286 		20.1106
v 20.5269 		25.2685 		29.1457
v -24.977 		-11.526 		20.0011
v -24.971 		-11.53 		20
v -24.816 		-11.634 		20.0286
v -24.689 		-11.7057 		20.052
v -24.646 		-11.73 		20.0765
v 20.6775 		25.682 		29.1544
v 20.6645 		25.6462 		29.1537
v 20.5905 		25.4434 		29.1494
v 14.9684 		35.6592 		39.4663
v 20.8113 		26.0915 		29.1789
v 20.7369 		25.8637 		29.1652
v 20.8142 		26.1003 		29.1794
v 20.8142 		26.1004 		29.1794
v -23.519 		-11.13 		7.163
v 20.9364 		26.5219 		29.222
v 20.8811 		26.3311 		29.2028
v 14.9931 		35.6662 		39.4425
v -22.587 		-11 		7.135
v 20.937 		26.5242 		29.2224
v 14.9848 		35.6634 		39.4504
v 14.9827 		35.6627 		39.4524
v 20.9422 		26.5444 		29.2252
v -23.519 		-11.73 		7.371
v -23.519 		-11.634 		7.325
v 14.9687 		35.6579 		39.4655
v 14.9693 		35.6581 		39.4649
v 14.9781 		35.6612 		39.4567
v 14.9793 		35.6616 		39.4556
v 14.9683 		35.6577 		39.4658
v -23.519 		-11.526 		7.28
v -23.519 		-11.406 		7.238
v -23.519 		-11.273 		7.199
v -23.519 		-11.992 		7.626
v -23.519 		-11.969 		7.573
v 10.587 		26.8329 		27
v -23.519 		-11.931 		7.521
v -23.519 		-11.879 		7.47
v 13.605 		56.7932 		27
v -23.519 		-11.811 		7.42
v 10.8015 		25.8091 		27
v 10.8798 		25.6 		27
v 10.7805 		25.8642 		27
v -24.061 		-11.188 		7.199
v 10.6572 		26.3389 		27
v 10.764 		25.9284 		27
v -23.929 		-11.225 		7.199
v 10.6556 		26.35 		27
v 10.6467 		26.4125 		27
v -23.794 		-11.252 		7.199
v 11.264 		24.8488 		27
v 11.3347 		24.7452 		27
v 11.4492 		24.576 		27
v 11.1923 		24.9537 		27
v 10.9584 		25.3942 		27
v 10.95 		25.401 		27.002
v 10.9544 		25.4019 		27
v 10.9526 		25.4064 		27
v 10.9644 		25.3829 		27
v 10.9415 		25.4349 		27
v 20.3241 		24.7721 		29.1593
v 20.2875 		24.6888 		29.1647
v 20.2379 		24.576 		29.172
v 20.3619 		24.8577 		29.1539
v -24.568 		-11.231 		7.28
v 11.133 		29.869 		27.146
v 20.4559 		25.0918 		29.1492
v -24.505 		-11.128 		7.238
v 10.687 		29.787 		27.325
v -24.376 		-11.2 		7.238
v 21.474 		27.864 		28.467
v -24.241 		-11.262 		7.238
v 21.113 		27.982 		28.18
v 21.176 		28.456 		28.293
v -24.436 		-11.015 		7.199
v -24.316 		-11.082 		7.199
v 10.76 		28.844 		27.062
v 20.738 		28.093 		27.91
v 10.718 		29.318 		27.183
v -24.191 		-11.14 		7.199
v 20.796 		28.568 		28.019
v 10.33 		28.753 		27.259
v 10.285 		29.227 		27.382
v 10.251 		29.695 		27.525
v -24.017 		-11.052 		7.163
v -23.896 		-11.086 		7.163
v -23.771 		-11.111 		7.163
v -23.646 		-11.125 		7.163
v 21.54 		28.336 		28.584
v -24.136 		-11.008 		7.163
v -24.469 		-11.811 		7.68
v -24.286 		-11.879 		7.68
v -24.099 		-11.931 		7.68
v -23.907 		-11.969 		7.68
v 9.452 		29.021 		27.836
v -23.714 		-11.992 		7.68
v -23.988 		-11.471 		7.28
v 14.9528 		35.6526 		39.4804
v 14.9625 		35.6557 		39.4712
v -23.833 		-11.502 		7.28
v 9.825 		29.595 		27.744
v 14.944 		35.6498 		39.4888
v -23.677 		-11.52 		7.28
v -23.96 		-11.354 		7.238
v -23.814 		-11.382 		7.238
v -23.667 		-11.4 		7.238
v 14.9104 		35.639 		39.5208
v 14.9176 		35.6412 		39.5139
v 21.628 		26.793 		28.586
v 14.9217 		35.6425 		39.51
v 14.9279 		35.6445 		39.504
v 14.9352 		35.6469 		39.4972
v 14.9372 		35.6475 		39.4953
v 21.731 		27.266 		28.67
v -23.657 		-11.268 		7.199
v 2.311 		53 		27
v 21.294 		26.915 		28.291
v 8.485 		33.566 		31.779
v 21.391 		27.39 		28.37
v -24.054 		-11.748 		7.42
v 20.944 		27.03 		28.012
v -24.035 		-11.669 		7.371
v 8.35 		33.208 		31.472
v 8.231 		32.834 		31.177
v 20.48 		26.66 		27.698
v -23.865 		-11.702 		7.371
v 16.653 		36.89 		37.716
v 20.58 		27.138 		27.748
v -23.693 		-11.723 		7.371
v 20.666 		27.616 		27.819
v 21.035 		27.506 		28.087
v 16.425 		36.954 		37.56
v -24.866 		59.077 		7.13
v 16.541 		36.923 		37.636
v -24.906 		58.97 		7.13
v -24.674 		59.108 		7.1
v 17.243 		36.874 		36.933
v -24.717 		59.015 		7.1
v 16.951 		36.894 		37.326
v -24.752 		58.92 		7.1
v 21.374 		25.852 		28.471
v 16.82 		36.932 		37.233
v 21.509 		26.322 		28.519
v 16.545 		37.002 		37.062
v 8.386 		32.182 		30.32
v 8.319 		31.772 		30.058
v 16.685 		36.968 		37.144
v -24.6097 		58.89 		7.078
v 16.402 		37.032 		36.986
v 20.583 		25.608 		27.904
v -24.6159 		58.88 		7.0784
v 8.468 		32.579 		30.596
v 9.413 		29.488 		27.982
v -24.937 		58.86 		7.13
v 20.717 		26.079 		27.92
v -24.96 		58.748 		7.13
v -24.973 		58.634 		7.13
v 21.052 		25.969 		28.188
v 21.181 		26.441 		28.23
v -24.78 		58.822 		7.1
v -24.8 		58.722 		7.1
v 8.269 		31.351 		29.81
v 9.863 		29.128 		27.599
v 14.8913 		35.6327 		39.5388
v 14.9064 		35.6376 		39.5245
v -24.6165 		58.8789 		7.0784
v -24.6182 		58.8762 		7.0785
v 14.8875 		35.6315 		39.5424
v 14.8911 		35.6326 		39.539
v -24.6525 		58.8205 		7.0812
v -24.6681 		58.795 		7.0825
v -24.7206 		58.7097 		7.0877
v -24.719 		58.7122 		7.0876
v -24.6957 		58.7502 		7.0852
v -24.737 		58.683 		7.0897
v -24.977 		58.519 		7.13
v -24.812 		58.621 		7.1
v 8.128 		32.448 		30.892
v 10.455 		27.797 		27.078
v 10.387 		28.277 		27.157
v 14.9279 		35.6445 		39.504
v 20.837 		26.554 		27.956
v 46 		-8.587 		0.68
v -24.7391 		58.678 		7.09
v -24.7614 		58.624 		7.0924
v 16.528 		36.802 		38.251
v -24.816 		58.519 		7.1
v 21.058 		24.925 		28.429
v 21.223 		25.386 		28.441
v -24.816 		58.4923 		7.1
v -24.8675 		58.368 		7.1096
v -24.7642 		58.6173 		7.0927
v 16.865 		36.817 		37.893
v -24.7727 		58.5968 		7.0938
v -24.8049 		58.519 		7.0983
v -23.519 		61 		20.3899
v -24.882 		58.333 		7.1123
v 20.753 		25.036 		28.161
v 7.917 		31.215 		30.116
v 8.041 		32.048 		30.621
v 20.582 		24.576 		28.175
v 7.971 		31.638 		30.361
v 20.91 		25.501 		28.164
v -23.519 		61 		7.68
v 20.349 		28.197 		27.656
v -24.971 		60.257 		28
v -23.714 		60.992 		20.3821
v -24.97 		57.965 		7.1287
v -23.907 		60.969 		20.3598
v 12.8605 		31.0211 		27
v 12.8259 		31 		27
v -24.099 		60.931 		20.3231
v 12.8652 		31.0237 		27
v 12.9785 		31.0856 		27
v 13.4601 		31.2874 		27
v 13.4488 		31.2827 		27
v -24.977 		57.8768 		7.13
v -24.013 		-11.576 		7.325
v 13.2892 		31.2168 		27
v 13.2277 		31.1908 		27
v -23.85 		-11.608 		7.325
v 13.561 		36.912 		37.901
v 13.461 		36.886 		37.959
v -23.685 		-11.628 		7.325
v -24.737 		58.683 		0.68
v -24.711 		58.669 		0.573
v -24.632 		58.629 		0.47
v 9.505 		28.549 		27.71
v -23.713 		-11.985 		7.626
v 13.444 		36.978 		37.41
v -24.882 		58.333 		0.68
v -24.97 		57.965 		0.68
v 13.319 		36.949 		37.475
v -23.712 		-11.962 		7.573
v -24.854 		58.324 		0.573
v -24.941 		57.96 		0.573
v -23.709 		-11.924 		7.521
v 10.046 		27.701 		27.288
v 9.973 		28.179 		27.371
v 9.912 		28.655 		27.475
v -23.705 		-11.871 		7.47
v -24.97 		57.587 		0.573
v 13.571 		37.004 		37.353
v -24.77 		58.296 		0.47
v -24.854 		57.946 		0.47
v 13.373 		37.027 		36.904
v -24.882 		57.587 		0.47
v -24.632 		58.252 		0.371
v 20.282 		27.719 		27.568
v -24.711 		57.924 		0.371
v 14.8038 		35.8025 		39.68
v -24.737 		57.587 		0.371
v 12.807 		36.886 		37.214
v 12.942 		36.925 		37.126
v 19.885 		27.813 		27.336
v 19.476 		27.899 		27.121
v 19.532 		28.381 		27.201
v 19.946 		28.293 		27.419
v 13.083 		36.884 		37.619
v 13.199 		36.917 		37.544
v 13.226 		36.996 		36.971
v 13.082 		36.962 		37.045
v 10.228 		26.742 		27.186
v 10.131 		27.222 		27.227
v 20.109 		26.759 		27.457
v 20.202 		27.239 		27.502
v 13.43 		36.732 		38.59
v 45.938 		-10.938 		7.28
v -24.286 		60.879 		20.2727
v 19.726 		26.85 		27.231
v 19.811 		27.332 		27.273
v -24.469 		60.811 		20.2069
v -24.4756 		60.808 		20.204
v -24.576 		60.762 		20.1779
v 13.571 		36.784 		38.472
v -23.906 		-11.962 		7.626
v 10.454 		25.788 		27.168
v -24.646 		60.73 		20.1598
v 10.336 		26.263 		27.166
v -23.903 		-11.939 		7.573
v -24.816 		60.634 		20.1053
v -24.9561 		60.54 		20.052
v -23.897 		-11.902 		7.521
v -24.977 		60.526 		20.0494
v -23.888 		-11.85 		7.47
v 16.442 		36.833 		38.175
v -23.878 		-11.783 		7.42
v -23.699 		-11.804 		7.42
v 17.522 		36.778 		37.166
v 17.196 		36.809 		37.532
v -23.519 		60.992 		7.626
v -23.519 		60.969 		7.573
v -24.442 		-11.748 		7.521
v -23.519 		60.931 		7.521
v 45.744 		-10.954 		7.238
v -24.422 		-11.699 		7.47
v 45.853 		-10.853 		7.238
v -24.248 		-11.763 		7.47
v 45.659 		-10.853 		7.199
v -24.523 		-11.489 		7.371
v -24.48 		-11.404 		7.325
v -24.329 		-11.473 		7.325
v 45.55 		-10.938 		7.199
v -24.431 		-11.308 		7.28
v -24.287 		-11.373 		7.28
v 17.385 		36.828 		37.047
v -24.14 		-11.428 		7.28
v -23.519 		60.879 		7.47
v 17.076 		36.852 		37.426
v 16.761 		36.854 		37.803
v -23.519 		60.811 		7.42
v -24.102 		-11.313 		7.238
v 11.079 		24.93 		27.052
v -23.519 		60.73 		7.371
v -23.519 		60.634 		7.325
v 10.584 		25.315 		27.192
v -24.56 		-11.561 		7.42
v -23.519 		60.526 		7.28
v -24.396 		-11.637 		7.42
v 17.439 		36.87 		35.885
v -24.228 		-11.699 		7.42
v -23.519 		60.406 		7.238
v -23.519 		60.273 		7.199
v 17.365 		36.88 		36.418
v -23.519 		60.13 		7.163
v 16.941 		36.959 		36.726
v 16.783 		36.997 		36.633
v 19.409 		27.417 		27.062
v -23.714 		60.992 		7.68
v -23.907 		60.969 		7.68
v -24.099 		60.931 		7.68
v -24.286 		60.879 		7.68
v -24.469 		60.811 		7.68
v 17.095 		36.918 		36.826
v -23.713 		60.985 		7.626
v 20.241 		25.709 		27.657
v -23.906 		60.962 		7.626
v 20.367 		26.183 		27.668
v 45.251 		-10.955 		7.163
v 19.887 		25.804 		27.426
v 45.361 		-10.893 		7.163
v 19.521 		25.891 		27.212
v -24.365 		-11.561 		7.371
v -23.712 		60.962 		7.573
v -24.202 		-11.621 		7.371
v -23.903 		60.939 		7.573
v -24.173 		-11.531 		7.325
v -23.709 		60.924 		7.521
v -24.466 		-11.804 		7.626
v -23.897 		60.902 		7.521
v 14.616 		35.566 		39.697
v -24.284 		-11.871 		7.626
v -24.097 		-11.924 		7.626
v -23.705 		60.871 		7.47
v -24.457 		-11.783 		7.573
v -23.888 		60.85 		7.47
v -24.277 		-11.85 		7.573
v 16.62 		37.032 		36.547
v 13.499 		36.759 		38.529
v 20.004 		26.28 		27.431
v -23.699 		60.804 		7.42
v 16.452 		37.063 		36.469
v 19.629 		26.369 		27.211
v -23.878 		60.783 		7.42
v -24.054 		60.748 		7.42
v -23.693 		60.723 		7.371
v 16.454 		37.073 		35.939
v -23.865 		60.702 		7.371
v 17.193 		36.926 		36.306
v 17.016 		36.968 		36.202
v 19.951 		24.773 		27.696
v 20.273 		24.677 		27.928
v 20.102 		25.239 		27.667
v 20.434 		25.14 		27.906
v -24.035 		60.669 		7.371
v 13.363 		36.858 		38.021
v -23.685 		60.628 		7.325
v 16.833 		37.007 		36.106
v -23.85 		60.608 		7.325
v 16.647 		37.042 		36.018
v -24.013 		60.576 		7.325
v -23.677 		60.52 		7.28
v -23.833 		60.502 		7.28
v 19.617 		24.861 		27.479
v -23.988 		60.471 		7.28
v 19.758 		25.33 		27.443
v 17.245 		36.916 		35.77
v 13.092 		36.762 		38.234
v 19.273 		24.943 		27.276
v 17.043 		36.959 		35.665
v 18.917 		25.019 		27.089
v 16.836 		36.997 		35.568
v 16.625 		37.032 		35.481
v 13.269 		36.827 		38.088
v 13.178 		36.796 		38.159
v 16.409 		37.062 		35.404
v -24.097 		60.924 		7.626
v 19.402 		25.415 		27.234
v -24.284 		60.871 		7.626
v 19.036 		25.493 		27.041
v -24.091 		60.902 		7.573
v -24.277 		60.85 		7.573
v -24.083 		60.865 		7.521
v 17.248 		36.887 		35.224
v -24.265 		60.813 		7.521
v 17.022 		36.929 		35.118
v 16.792 		36.967 		35.024
v 12.551 		36.801 		37.405
v -24.07 		60.813 		7.47
v 12.432 		36.755 		37.509
v -24.248 		60.763 		7.47
v 12.759 		36.77 		37.874
v 12.971 		36.848 		37.699
v 16.556 		37 		34.939
v -24.091 		-11.902 		7.573
v 12.863 		36.81 		37.785
v -24.466 		60.804 		7.626
v -24.265 		-11.813 		7.521
v -24.083 		-11.865 		7.521
v 16.953 		36.879 		34.569
v -24.457 		60.783 		7.573
v -24.07 		-11.813 		7.47
v 12.389 		36.819 		36.91
v 12.676 		36.845 		37.306
v -24.442 		60.748 		7.521
v 44.634 		-10.973 		7.13
v -24.422 		60.699 		7.47
v 44.748 		-10.96 		7.13
v 44.86 		-10.937 		7.13
v 44.97 		-10.906 		7.13
v -24.763 		-11.231 		7.325
v 13.351 		37.058 		36.384
v -24.228 		60.699 		7.42
v 16.699 		36.914 		34.478
v -24.823 		-11.045 		7.28
v 13.525 		37.055 		36.843
v -24.699 		-11.143 		7.28
v 16.44 		36.946 		34.397
v -24.628 		-11.045 		7.238
v 13.378 		37.068 		35.855
v 44.519 		-10.977 		7.13
v 13.527 		37.086 		36.323
v 43.587 		-11 		7.135
v 43.8768 		-10.977 		7.13
v 43.965 		-10.97 		7.1287
v -24.955 		-11.2 		7.371
v 45.954 		-10.744 		7.238
v -24.893 		-11.128 		7.325
v 18.459 		36.547 		36.056
v 45.853 		-10.659 		7.199
v 12.691 		36.911 		36.706
v 12.537 		36.867 		36.804
v 45.938 		-10.55 		7.199
v -24.977 		-11.526 		7.68
v -24.816 		-11.634 		7.68
v 12.849 		36.952 		36.614
v -24.646 		-11.73 		7.68
v -24.973 		-11.52 		7.626
v 18.756 		36.425 		35.684
v -24.96 		-11.502 		7.573
v 19.043 		36.28 		35.313
v 13.18 		37.026 		36.453
v 13.012 		36.991 		36.53
v 45.76 		-10.76 		7.199
v 18.831 		36.357 		35.127
v -24.396 		60.637 		7.42
v -24.56 		60.561 		7.42
v -24.202 		60.621 		7.371
v 8.986 		29.833 		28.404
v -24.365 		60.561 		7.371
v 45.659 		-10.659 		7.163
v -24.523 		60.489 		7.371
v 45.744 		-10.566 		7.163
v -24.173 		60.531 		7.325
v 9.055 		28.906 		28.091
v -24.329 		60.473 		7.325
v 45.566 		-10.744 		7.163
v 45.376 		-10.699 		7.13
v 9.014 		29.372 		28.239
v 45.466 		-10.628 		7.13
v -24.14 		60.428 		7.28
v 45.466 		-10.823 		7.163
v -23.667 		60.4 		7.238
v 9.182 		27.962 		27.854
v -23.814 		60.382 		7.238
v -23.96 		60.354 		7.238
v 9.111 		28.435 		27.963
v 14.632 		35.572 		39.683
v -23.657 		60.268 		7.199
v -23.794 		60.252 		7.199
v -23.929 		60.225 		7.199
v -24.061 		60.188 		7.199
v 15.881 		32.429 		27.535
v 12.803 		36.961 		36.087
v 12.99 		37.001 		36.001
v 18.558 		36.497 		35.51
v 15.396 		32.437 		27.5
v 12.443 		36.872 		36.283
v 12.621 		36.918 		36.181
v 16.362 		32.411 		27.592
v 9.57 		28.074 		27.604
v 18.609 		36.429 		34.951
v 16.377 		31.987 		27.346
v 15.893 		32.005 		27.288
v 9.844 		26.642 		27.408
v 17.842 		36.724 		36.797
v 9.74 		27.12 		27.452
v 9.649 		27.598 		27.517
v 15.406 		32.014 		27.253
v 18.154 		36.647 		36.427
v 17.689 		36.779 		36.664
v 17.531 		36.832 		36.537
v -24.937 		-11.471 		7.521
v 10.723 		24.846 		27.235
v -24.906 		-11.428 		7.47
v -24.812 		-11.628 		7.626
v -24.642 		-11.723 		7.626
v 9.961 		26.166 		27.383
v -24.8 		-11.608 		7.573
v -24.632 		-11.702 		7.573
v 18.277 		36.613 		35.895
v 45.077 		-10.866 		7.13
v -24.78 		-11.576 		7.521
v 45.181 		-10.819 		7.13
v -24.614 		-11.669 		7.521
v 17.811 		36.765 		36.14
v 45.281 		-10.763 		7.13
v 17.987 		36.707 		36.28
v -24.752 		-11.531 		7.47
v 14.8321 		35.6122 		39.5944
v 14.8449 		35.6168 		39.5825
v -24.59 		-11.621 		7.47
v 14.828 		35.6107 		39.5982
v -24.48 		60.404 		7.325
v 14.847 		35.617 		39.582
v -24.287 		60.373 		7.28
v -24.866 		-11.373 		7.42
v -24.431 		60.308 		7.28
v -24.717 		-11.473 		7.42
v 14.8222 		35.6084 		39.6035
v -24.568 		60.231 		7.28
v -24.819 		-11.308 		7.371
v 14.8452 		35.6169 		39.5822
v -24.674 		-11.404 		7.371
v -24.102 		60.313 		7.238
v -24.241 		60.262 		7.238
v 14.8027 		35.6115 		39.5942
v 14.8072 		35.61 		39.5984
v 14.8174 		35.6066 		39.608
v -24.625 		-11.323 		7.325
v 14.8021 		35.6117 		39.5935
v 14.8174 		35.6066 		39.608
v -24.376 		60.2 		7.238
v 14.783 		35.609 		39.599
v 14.763 		35.606 		39.606
v 13.182 		37.036 		35.924
v 47.264 		-12.257 		28
v 14.742 		35.602 		39.615
v 14.722 		35.598 		39.624
v 48.491 		-13.489 		26.828
v -24.505 		60.128 		7.238
v 48.289 		-13.286 		27.228
v 48.062 		-13.058 		27.554
v 47.812 		-12.808 		27.796
v 47.545 		-12.54 		27.948
v -24.191 		60.14 		7.199
v -24.316 		60.082 		7.199
v 13.577 		37.096 		35.796
v 48.977 		-13.977 		24.649
v 48.912 		-13.911 		25.264
v 48.806 		-13.805 		25.838
v -24.436 		60.015 		7.199
v 48.665 		-13.664 		26.362
v 14.8467 		35.6174 		39.5807
v 13.331 		36.994 		34.851
v 14.8467 		35.6174 		39.5807
v 14.7881 		35.6157 		39.5799
v 14.7936 		35.6141 		39.5853
v 14.7733 		35.6199 		39.5657
v 14.7748 		35.6194 		39.5671
v 14.7591 		35.624 		39.552
v 14.7609 		35.6235 		39.5537
v 14.7731 		35.6199 		39.5654
v -23.646 		60.125 		7.163
v 47.264 		-12.257 		20
v -23.771 		60.111 		7.163
v -23.896 		60.086 		7.163
v -24.017 		60.052 		7.163
v 44.92 		-10.752 		7.1
v 48.289 		-13.286 		20.772
v 48.491 		-13.489 		21.172
v 48.665 		-13.664 		21.638
v 48.806 		-13.805 		22.162
v 15.903 		31.57 		27.062
v 48.912 		-13.911 		22.736
v 48.977 		-13.977 		23.351
v 17.629 		36.819 		36.008
v 49 		-14 		24
v 47.545 		-12.54 		20.052
v 47.812 		-12.808 		20.204
v 48.062 		-13.058 		20.446
v -24.136 		60.008 		7.163
v 44.722 		-10.8 		7.1
v 13.453 		37.057 		35.323
v -24.646 		60.73 		7.68
v 9.363 		27.011 		27.694
v -24.816 		60.634 		7.68
v 9.265 		27.487 		27.764
v -24.977 		60.526 		7.68
v 18.351 		36.565 		35.346
v -24.642 		60.723 		7.626
v 18.085 		36.676 		35.743
v -24.632 		60.702 		7.573
v 13.092 		36.96 		34.923
v 12.856 		36.922 		35.005
v 13.233 		37.026 		35.388
v 13.017 		36.991 		35.463
v 17.886 		36.735 		35.599
v -24.812 		60.628 		7.626
v -24.8 		60.608 		7.573
v 17.68 		36.79 		35.465
v 12.626 		36.879 		35.097
v 12.806 		36.951 		35.549
v -24.614 		60.669 		7.521
v 12.599 		36.908 		35.643
v -24.78 		60.576 		7.521
v -24.59 		60.621 		7.47
v 44.822 		-10.78 		7.1
v -24.752 		60.531 		7.47
v 14.7692 		35.621 		39.5617
v 14.703 		35.594 		39.634
v -24.973 		60.52 		7.626
v 44.032 		-10.954 		7.1257
v 44.333 		-10.882 		7.1123
v 13.477 		36.94 		34.317
v 14.685 		35.589 		39.645
v 14.667 		35.584 		39.657
v -24.96 		60.502 		7.573
v -24.937 		60.471 		7.521
v -24.906 		60.428 		7.47
v 45.823 		-10.466 		7.163
v 13.575 		37.024 		34.79
v 45.893 		-10.361 		7.163
v 45.955 		-10.251 		7.163
v 45.628 		-10.466 		7.13
v 13.214 		36.909 		34.382
v 12.956 		36.872 		34.46
v 45.699 		-10.376 		7.13
v 10.5075 		24.7896 		27.3603
v 10.6386 		24.5914 		27.3546
v 10.2568 		25.2001 		27.3876
v -24.717 		60.473 		7.42
v 10.3436 		25.0579 		27.3781
v 10.2414 		25.2255 		27.3893
v 10.089 		25.692 		27.379
v -24.866 		60.373 		7.42
v 10.211 		25.2794 		27.3948
v 10.2344 		25.2379 		27.3906
v 45.436 		-10.436 		7.1
v -24.674 		60.404 		7.371
v 12.4 		36.832 		35.201
v -24.819 		60.308 		7.371
v 12.397 		36.861 		35.747
v 17.467 		36.841 		35.339
v 10.1758 		25.3433 		27.4019
v 13.384 		36.833 		33.847
v 13.101 		36.799 		33.917
v 9.924 		25.132 		27.106
v 17.914 		36.688 		35.045
v 19.945 		23.612 		29.418
v 20.149 		24.001 		29.361
v 12.824 		36.759 		34
v 20.341 		24.398 		29.32
v 18.137 		36.628 		35.191
v 17.683 		36.742 		34.91
v 12.551 		36.715 		34.095
v 12.701 		36.831 		34.548
v 19.7904 		23.6676 		29.28
v 19.7252 		23.552 		29.3029
v 19.9935 		24.0565 		29.2215
v 19.9278 		23.9312 		29.2404
v 19.8632 		23.8075 		29.2591
v 19.9992 		24.0684 		29.2203
v 9.518 		26.3655 		27.6346
v 9.474 		26.535 		27.645
v 19.094 		36.195 		34.746
v 9.639 		26.1599 		27.5806
v 20.1841 		24.4537 		29.1799
v 20.1837 		24.4528 		29.18
v 9.6827 		26.0857 		27.5611
v 18.858 		36.273 		34.558
v 9.5117 		26.3765 		27.6376
v 18.613 		36.345 		34.381
v 9.9592 		25.6547 		27.4624
v 20.0665 		24.2082 		29.2056
v 18.569 		36.243 		33.805
v -24.955 		60.2 		7.371
v 20.133 		24.3466 		29.1912
v 19.729 		23.232 		29.493
v 19.502 		22.862 		29.583
v -24.625 		60.323 		7.325
v -24.763 		60.231 		7.325
v 10.0361 		25.5444 		27.441
v 18.358 		36.413 		34.214
v 19.4794 		23.1302 		29.3939
v 19.456 		23.0918 		29.4034
v 18.096 		36.476 		34.06
v 19.5753 		23.2872 		29.3553
v 9.8356 		25.8478 		27.5068
v 18.14 		36.562 		34.628
v 44.519 		-12 		20.0472
v 9.132 		25.924 		27.106
v 45.55 		-10.55 		7.13
v 12.452 		36.784 		34.649
v 45.361 		-10.505 		7.1
v 13.528 		36.581 		32.86
v 13.597 		36.732 		33.321
v 45.108 		-10.674 		7.1
v 9.1344 		26.9375 		27.8573
v 9.2575 		26.7507 		27.7828
v 45.197 		-10.625 		7.1
v 45.281 		-10.568 		7.1
v 13.207 		36.549 		32.924
v 13.293 		36.702 		33.383
v 8.214 		26.567 		27.106
v 17.893 		36.62 		34.484
v 12.889 		36.511 		33.003
v 17.824 		36.533 		33.917
v 12.993 		36.666 		33.457
v 9.3258 		26.647 		27.7414
v 9.4475 		26.4663 		27.6708
v 9.4125 		26.5154 		27.6889
v 19.6473 		23.4142 		29.3301
v 45.015 		-10.717 		7.1
v 44.6468 		-10.752 		7.0913
v 44.683 		-10.737 		7.0897
v 19.7097 		23.5247 		29.3083
v 19.2374 		22.747 		29.4979
v 19.1745 		22.652 		29.5265
v 19.3491 		22.9162 		29.4468
v 19.348 		22.9146 		29.4472
v 44.621 		-10.812 		7.1
v 44.6173 		-10.7642 		7.0927
v 44.544 		-10.7946 		7.0969
v 19.1111 		22.5563 		29.5553
v 44.6458 		-10.7524 		7.0914
v 9.7952 		25.0239 		27
v 10.1089 		24.576 		27
v 19.4174 		23.0284 		29.4191
v 9.0239 		25.7952 		27
v 44.519 		-10.816 		7.1
v 8.192 		26.3778 		27
v 8.9398 		25.854 		27
v 44.4923 		-10.816 		7.1
v 19.091 		22.528 		29.5653
v 44.5182 		-10.8053 		7.0984
v 44.519 		-10.8049 		7.0983
v 44.5262 		-10.802 		7.0979
v 18.757 		21.817 		29.953
v 19.015 		22.153 		29.814
v 19.263 		22.502 		29.691
v 18.49 		21.494 		30.107
v -24.699 		60.143 		7.28
v -24.823 		60.045 		7.28
v 19.241 		21.517 		28.984
v 19.511 		21.905 		28.853
v -24.628 		60.045 		7.238
v 19.77 		22.306 		28.738
v 14.7282 		35.633 		39.5222
v 14.7286 		35.6329 		39.5225
v 18.379 		36.498 		34.784
v 14.7262 		35.6336 		39.5202
v 18.961 		21.142 		29.132
v 18.671 		20.782 		29.297
v -24.893 		60.128 		7.325
v 14.7584 		35.6242 		39.5513
v 14.7434 		35.6286 		39.5368
v 17.638 		36.674 		34.35
v 14.7562 		35.6249 		39.5491
v 18.488 		20.848 		29.136
v 44.519 		61 		7.68
v 14.6974 		35.6418 		39.4923
v 14.7129 		35.6374 		39.5073
v 18.763 		21.214 		28.958
v 19.029 		21.594 		28.798
v 14.6965 		35.6421 		39.4915
v 18.556 		21.281 		28.793
v 45.819 		-10.181 		7.13
v 45.866 		-10.077 		7.13
v 14.6328 		35.6599 		39.4298
v 14.6269 		35.6615 		39.424
v 14.6494 		35.6552 		39.4458
v 14.6656 		35.6506 		39.4615
v 45.625 		-10.197 		7.1
v 14.6809 		35.6464 		39.4764
v 14.6816 		35.6462 		39.477
v 14.6686 		35.6498 		39.4644
v 18.4485 		21.6801 		29.9097
v 18.6058 		21.871 		29.8184
v 18.5605 		21.816 		29.8447
v 18.432 		21.66 		29.9193
v 18.8634 		22.2077 		29.6789
v 18.7212 		22.0217 		29.7559
v 18.6493 		21.9278 		29.7949
v 45.763 		-10.281 		7.13
v 12.576 		36.466 		33.097
v 12.697 		36.624 		33.546
v 17.445 		36.793 		34.786
v 12.407 		36.577 		33.647
v 45.568 		-10.281 		7.1
v 12.247 		36.769 		37.022
v 12.11 		36.717 		37.14
v 17.377 		36.723 		34.227
v 18.9842 		22.3779 		29.6185
v 17.11 		36.767 		34.117
v 18.9175 		22.2839 		29.6519
v 18.3395 		21.5481 		29.9728
v 18.3003 		21.504 		29.9969
v 16.837 		36.805 		34.019
v 8.673 		28.784 		28.364
v 17.202 		36.838 		34.671
v 8.628 		29.249 		28.513
v 17.643 		20.61 		30.659
v 17.933 		20.889 		30.46
v 18.215 		21.184 		30.277
v 8.732 		28.314 		28.233
v 17.792 		20.939 		30.336
v 17.9629 		21.1328 		30.208
v 17.8776 		21.0439 		30.2635
v 17.8445 		21.0094 		30.285
v 16.56 		36.838 		33.934
v 17.7991 		20.9621 		30.3146
v 8.806 		27.842 		28.121
v 18.29 		36.309 		33.642
v 17.7805 		20.9427 		30.3266
v 18.004 		36.37 		33.492
v 17.866 		36.242 		32.925
v 17.518 		20.654 		30.547
v 17.548 		36.294 		32.795
v 17.4903 		20.6629 		30.5248
v 17.4785 		20.6525 		30.5332
v 17.71 		36.425 		33.354
v 17.4914 		20.6639 		30.524
v 17.547 		36.585 		33.788
v 17.5808 		20.7502 		30.463
v 45.977 		60.526 		7.68
v 45.816 		60.634 		7.68
v 17.7125 		20.8772 		30.3731
v 45.646 		60.73 		7.68
v 45.469 		60.811 		7.68
v 45.286 		60.879 		7.68
v 17.408 		36.474 		33.23
v 45.099 		60.931 		7.68
v 45.642 		60.723 		7.626
v 45.505 		-10.361 		7.1
v 45.632 		60.702 		7.573
v 11.795 		36.655 		36.768
v 11.488 		36.571 		36.395
v 11.948 		36.714 		36.637
v 8.6814 		27.7034 		28.215
v 8.6202 		27.777 		28.2676
v 12.272 		36.822 		36.394
v 12.106 		36.77 		36.511
v 8.895 		27.368 		28.028
v 8.9061 		27.3174 		28.0201
v 8.8798 		27.3627 		28.04
v 8.7814 		27.5499 		28.1276
v 17.408 		20.5901 		30.5836
v 45.108 		-10.48 		7.074
v 45.181 		-10.431 		7.074
v 8.7464 		27.6036 		28.1582
v 8.7188 		27.646 		28.1823
v 17.7512 		20.9145 		30.3467
v 14.649 		35.578 		39.67
v 44.7055 		-10.7232 		7.088
v 44.7097 		-10.7206 		7.0877
v 44.757 		-10.6915 		7.0848
v 18.0637 		21.238 		30.1424
v 18.0072 		21.179 		30.1792
v 44.795 		-10.6681 		7.0825
v 44.8576 		-10.6296 		7.0794
v 44.8762 		-10.6182 		7.0785
v 44.9478 		-10.5742 		7.0759
v 44.9542 		-10.5702 		7.0757
v 18.1669 		21.3541 		30.0788
v 18.0687 		21.2436 		30.1394
v 8.305 		28.655 		28.654
v 45.005 		-10.539 		7.0746
v 45.973 		60.52 		7.626
v 8.368 		28.186 		28.521
v 8.5306 		27.8929 		28.3541
v 8.3854 		28.0813 		28.4952
v 17.4071 		20.5893 		30.5842
v 17.2837 		20.48 		30.6725
v 45.906 		-9.97 		7.13
v 45.937 		-9.86 		7.13
v 18.029 		20.556 		29.19
v 45.96 		-9.748 		7.13
v 18.204 		20.498 		29.33
v 45.752 		-9.92 		7.1
v 8.2269 		28.3058 		28.6711
v 17.846 		20.61 		29.058
v 8.3213 		28.1681 		28.5616
v 17.462 		20.707 		28.82
v 18.297 		20.911 		28.984
v 45.674 		-10.108 		7.1
v 45.717 		-10.015 		7.1
v 18.098 		20.97 		28.84
v 17.657 		20.66 		28.935
v 17.891 		21.025 		28.705
v 45.431 		-10.181 		7.074
v 7.859 		29.896 		29.467
v 7.874 		29.442 		29.281
v 17.261 		20.749 		28.715
v 45.316 		-10.316 		7.074
v 45.376 		-10.251 		7.074
v 17.262 		36.632 		33.67
v 7.905 		28.983 		29.112
v 16.482 		20.485 		28.745
v 17.101 		36.518 		33.119
v 12.203 		36.81 		35.86
v 12.013 		36.755 		35.981
v 45.96 		60.502 		7.573
v 16.972 		36.672 		33.566
v 11.831 		36.697 		36.112
v 7.962 		29.138 		29.5
v 45.937 		60.471 		7.521
v 16.788 		36.555 		33.022
v 16.469 		36.586 		32.94
v 11.656 		36.635 		36.25
v 11.372 		36.535 		35.862
v 45.906 		60.428 		7.47
v 6.504 		29.529 		29.5
v 16.675 		36.708 		33.475
v 45.812 		60.628 		7.626
v 7.9286 		28.7592 		29.0387
v 45.8 		60.608 		7.573
v 8.1752 		28.3813 		28.7312
v 8.0547 		28.558 		28.8722
v 45.78 		60.576 		7.521
v 11.189 		36.464 		36.021
v 45.614 		60.669 		7.521
v 45.752 		60.531 		7.47
v 45.59 		60.621 		7.47
v 16.647 		36.215 		32.049
v 16.561 		36.411 		32.49
v 5 		29.66 		29.5
v 17.224 		36.339 		32.679
v 16.895 		36.378 		32.577
v 45.717 		60.473 		7.42
v 11.968 		36.725 		35.437
v 11.762 		36.665 		35.57
v 45.466 		60.804 		7.626
v 11.563 		36.602 		35.711
v 45.457 		60.783 		7.573
v 45.442 		60.748 		7.521
v 16.429 		19.656 		31.583
v 16.739 		19.869 		31.334
v 12.181 		36.78 		35.314
v 16.66 		19.897 		31.263
v 11.971 		36.677 		34.883
v 11.741 		36.617 		35.016
v 45.251 		-10.376 		7.074
v 45.0963 		-10.461 		7.0712
v 45.0959 		-10.4613 		7.0712
v 11.518 		36.553 		35.159
v 45.056 		-10.4954 		7.0725
v 11.303 		36.484 		35.312
v 45.1039 		-10.4545 		7.0711
v 45.1621 		-10.4048 		7.07
v 45.1727 		-10.3958 		7.0699
v 45.2278 		-10.3487 		7.0696
v 45.292 		-10.2938 		7.0699
v 45.293 		-10.293 		7.07
v 45.239 		-10.3391 		7.0696
v 16.5437 		19.8954 		31.232
v 16.5284 		19.885 		31.2442
v 10.899 		36.336 		35.647
v 45.0553 		-10.496 		7.0725
v 16.384 		19.7866 		31.3599
v 45.031 		-10.523 		7.074
v 45.0154 		-10.5301 		7.074
v 45.0288 		-10.5187 		7.0734
v 45.0305 		-10.5172 		7.0733
v 17.046 		20.099 		31.096
v 17.347 		20.346 		30.871
v 11.052 		36.344 		34.914
v 10.83 		36.266 		35.089
v 17.237 		20.385 		30.773
v 11.097 		36.412 		35.475
v 17.2174 		20.4211 		30.72
v 17.1931 		20.3995 		30.7375
v 16.951 		20.133 		31.012
v 45.973 		-9.634 		7.13
v 45.422 		60.699 		7.47
v 12.023 		36.61 		34.323
v 45.977 		-9.519 		7.13
v 12.209 		36.733 		34.761
v 45.8 		-9.722 		7.1
v 45.284 		60.871 		7.626
v 45.097 		60.924 		7.626
v 11.768 		36.55 		34.455
v 45.277 		60.85 		7.573
v 45.091 		60.902 		7.573
v 11.521 		36.486 		34.596
v 45.78 		-9.822 		7.1
v 44.519 		-12 		7.68
v 16.258 		36.891 		38.034
v 11.282 		36.417 		34.75
v 45.265 		60.813 		7.521
v 16.16 		36.916 		37.972
v 45.083 		60.865 		7.521
v 16.06 		36.94 		37.913
v 45.248 		60.763 		7.47
v 45.07 		60.813 		7.47
v 11.844 		36.465 		33.889
v 12.284 		36.665 		34.203
v 11.573 		36.402 		34.029
v 15.555 		36.923 		38.211
v 15.467 		36.936 		38.179
v 15.643 		36.909 		38.248
v 15.375 		36.947 		38.151
v 45.56 		60.561 		7.42
v 15.729 		36.893 		38.288
v 45.396 		60.637 		7.42
v 16.969 		20.2161 		30.9048
v 16.896 		20.1567 		30.959
v 17.0342 		20.2694 		30.856
v 7.62 		28.199 		28.215
v 6.33 		28.544 		28.215
v 16.7863 		20.0742 		31.0435
v 16.655 		19.9761 		31.1448
v 16.6441 		19.968 		31.1532
v 16.8906 		20.1523 		30.9631
v 7.199 		27.04 		27.106
v 6.116 		27.33 		27.106
v 16.5828 		19.9221 		31.2007
v 5 		27.428 		27.106
v 16.5647 		19.9097 		31.2152
v 17.428 		19.504 		30.112
v 17.75 		19.797 		29.885
v 7.1414 		26.8821 		27
v 7.1417 		26.8819 		27
v 6.0868 		27.1644 		27
v 6.0869 		27.1644 		27
v 7.0422 		26.9086 		27
v 5 		27.2598 		27
v 5.9846 		27.1734 		27
v 17.613 		19.846 		29.766
v 4.2719 		27.1959 		27
v 4.8978 		27.2509 		27
v 5 		28.661 		28.215
v 17.309 		19.547 		30.007
v 17.184 		19.588 		29.907
v 17.053 		19.627 		29.813
v 46.108 		-11.108 		27.833
v 15.812 		36.875 		38.332
v 16.918 		19.663 		29.725
v 46.982 		-11.974 		27.948
v 45.48 		-10.108 		7.074
v 45.523 		-10.031 		7.074
v 45.5301 		-10.0154 		7.074
v 45.539 		-10.005 		7.0746
v 45.3487 		-10.2278 		7.0696
v 45.3483 		-10.2283 		7.0696
v 45.3383 		-10.24 		7.0696
v 45.3583 		-10.2165 		7.0696
v 46.324 		-11.324 		27.711
v 45.4048 		-10.1621 		7.07
v 45.461 		-10.0963 		7.0712
v 45.4607 		-10.0966 		7.0712
v 45.4133 		-10.1522 		7.0702
v 45.4667 		-10.0897 		7.0714
v 11.31 		36.333 		34.181
v 45.5187 		-10.0288 		7.0734
v 45.5199 		-10.0274 		7.0735
v 45.228 		60.699 		7.42
v 46.715 		-11.706 		27.796
v 45.312 		-10.2708 		7.0698
v 15.283 		36.955 		38.128
v 45.302 		-10.2824 		7.0699
v 45.523 		60.489 		7.371
v 45.365 		60.561 		7.371
v 45.202 		60.621 		7.371
v 46.4868 		-11.4868 		27.5838
v 46.4923 		-11.4824 		27.5795
v 45.329 		60.473 		7.325
v 45.173 		60.531 		7.325
v 45.812 		-9.621 		7.1
v 45.14 		60.428 		7.28
v 45.7206 		-9.7097 		7.0877
v 45.719 		-9.7122 		7.0876
v 45.7093 		-9.728 		7.0866
v 45.737 		-9.683 		7.0897
v 45.5702 		-9.9542 		7.0757
v 45.568 		-9.9578 		7.0756
v 45.6097 		-9.89 		7.078
v 45.866 		60.373 		7.42
v 45.6165 		-9.8789 		7.0784
v 45.6182 		-9.8762 		7.0785
v 45.6525 		-9.8205 		7.0812
v 45.6681 		-9.795 		7.0825
v 45.955 		60.2 		7.371
v 45.6957 		-9.7502 		7.0852
v 45.819 		60.308 		7.371
v 45.5519 		-9.984 		7.075
v 45.5669 		-9.9596 		7.0756
v 45.674 		60.404 		7.371
v 4.096 		27.1805 		27
v 45.763 		60.231 		7.325
v 45.625 		60.323 		7.325
v 8.1299 		26.4213 		27
v 8.0369 		26.4648 		27
v 45.568 		60.231 		7.28
v 3.496 		29.529 		29.5
v 45.893 		60.128 		7.325
v 2.038 		29.138 		29.5
v 45.823 		60.045 		7.28
v 45.816 		-9.519 		7.1
v 45.816 		-9.4923 		7.1
v 45.882 		-9.333 		7.1123
v 45.699 		60.143 		7.28
v 45.7391 		-9.678 		7.09
v 45.7642 		-9.6173 		7.0927
v 45.7727 		-9.5968 		7.0938
v 45.8049 		-9.519 		7.0983
v 45.628 		60.045 		7.238
v 1.786 		29.83 		30.922
v 45.48 		60.404 		7.325
v 45.431 		60.308 		7.28
v 45.91 		-9.216 		7.1175
v 45.97 		-8.965 		7.1287
v 45.287 		60.373 		7.28
v 45.977 		-8.8768 		7.13
v 45.376 		60.2 		7.238
v 45.241 		60.262 		7.238
v 0.302 		29.138 		30.922
v 45.102 		60.313 		7.238
v 45.97 		-8.965 		0.68
v 45.941 		-8.96 		0.573
v 45.97 		-8.587 		0.573
v 45.061 		60.188 		7.199
v 45.882 		-8.587 		0.47
v 0.076 		29.529 		32.437
v 45.505 		60.128 		7.238
v 45.436 		60.015 		7.199
v 45.316 		60.082 		7.199
v 45.191 		60.14 		7.199
v 0.67 		28.5 		29.5
v 45.136 		60.008 		7.163
v 11.056 		36.259 		34.344
v 44.907 		60.969 		7.68
v 44.714 		60.992 		7.68
v 44.906 		60.962 		7.626
v 44.713 		60.985 		7.626
v 0.541 		29.695 		27
v 1.6857 		28.672 		27
v 12.122 		36.523 		33.762
v 44.903 		60.939 		7.573
v 44.712 		60.962 		7.573
v 12.137 		36.232 		32.769
v 2.29 		28.132 		27
v 2.9303 		27.5343 		27
v 0 		27.5001 		27
v 12.269 		36.416 		33.205
v 3.67 		28.544 		28.215
v 2.9308 		27.5339 		27
v 17.101 		19.229 		30.353
v 15.189 		36.963 		38.108
v 3.0654 		27.4082 		27
v 0.7916 		26.7985 		27
v 11.967 		36.36 		33.327
v 11.673 		36.298 		33.462
v 2.38 		28.199 		28.215
v 3.0665 		27.4073 		27
v 16.997 		19.266 		30.262
v 0.844 		26.752 		27
v 15.095 		36.968 		38.092
v 11.386 		36.231 		33.609
v 16.682 		19.004 		30.531
v 15 		36.972 		38.081
v 16.591 		19.034 		30.459
v 16.497 		19.062 		30.39
v 16.399 		19.087 		30.328
v 13.402 		36.21 		31.96
v 16.304 		36.983 		37.489
v 13.463 		36.406 		32.406
v 16.18 		37.009 		37.424
v 15.956 		36.962 		37.858
v 13.124 		36.372 		32.474
v 44.897 		60.902 		7.521
v 3.3279 		27.1632 		27
v 16.889 		19.302 		30.175
v 3.884 		27.33 		27.106
v 12.79 		36.332 		32.557
v 12.46 		36.285 		32.656
v 16.777 		19.335 		30.095
v 3.4143 		27.0826 		27
v 2.802 		27.04 		27.106
v 16.661 		19.366 		30.019
v 3.4147 		27.0823 		27
v 15.516 		37.029 		37.688
v 15.401 		37.04 		37.659
v 16.541 		19.394 		29.948
v 15.74 		37 		37.763
v 15.849 		36.982 		37.808
v 3.9132 		27.1644 		27
v 16.416 		19.421 		29.883
v 3.6536 		27.0949 		27
v 3.814 		27.1379 		27
v 3.5727 		27.0732 		27
v 3.4575 		27.0423 		27
v 2.8595 		26.8821 		27
v 2.8602 		26.8823 		27
v 15.629 		37.016 		37.723
v 45.737 		-8.587 		0.371
v 2.3055 		26.624 		27
v 2.7664 		26.8386 		27
v 18.372 		20.437 		29.477
v 45.539 		-8.587 		0.28
v 18.065 		20.108 		29.673
v 45.293 		-8.587 		0.199
v 17.912 		20.164 		29.54
v 1.17 		27.634 		28.215
v 45.854 		-8.946 		0.47
v 44.709 		60.924 		7.521
v 45.711 		-8.924 		0.371
v 16.254 		37.059 		36.917
v 44.888 		60.85 		7.47
v 1.3853 		26.2504 		27
v 1.786 		26.567 		27.106
v 45.444 		-9.191 		0.28
v 44.705 		60.871 		7.47
v 16.053 		37.033 		37.364
v 45.515 		-8.893 		0.28
v 1.4512 		26.1893 		27
v 17.754 		20.216 		29.413
v 17.588 		20.265 		29.294
v 1.4513 		26.1892 		27
v 17.416 		20.31 		29.182
v 15.923 		37.054 		37.311
v 1.8701 		26.4213 		27
v 0.9761 		25.7952 		27
v 1.4889 		26.1543 		27
v 1.5053 		26.1658 		27
v 1.786 		26.3624 		27
v 15.79 		37.073 		37.263
v 15.655 		37.089 		37.222
v 0.8608 		25.6798 		27
v 45.054 		60.748 		7.42
v 0.868 		25.924 		27.106
v 44.878 		60.783 		7.42
v 15.518 		37.102 		37.186
v 44.699 		60.804 		7.42
v 44.865 		60.702 		7.371
v 15.378 		37.113 		37.156
v 44.693 		60.723 		7.371
v 13.5082 		35.8551 		38.2866
v 13.5314 		35.853 		38.3111
v 45.21 		-9.115 		0.199
v 45.035 		60.669 		7.371
v 15.284 		37.049 		37.634
v 45.272 		-8.854 		0.199
v 45.013 		60.576 		7.325
v 15.167 		37.056 		37.615
v 44.85 		60.608 		7.325
v 13.5073 		35.8551 		38.2856
v 44.685 		60.628 		7.325
v 15.049 		37.06 		37.601
v 13.5536 		35.851 		38.3344
v 0.076 		26.868 		28.215
v 13.5059 		35.8551 		38.2841
v 0.2048 		25.0239 		27
v 0.2049 		25.0239 		27
v 44.988 		60.471 		7.28
v 15.096 		37.126 		37.116
v 15.238 		37.121 		37.133
v 44.833 		60.502 		7.28
v 44.677 		60.52 		7.28
v 13.312 		35.8596 		38.0739
v 13.3288 		35.8593 		38.0921
v 44.519 		60.992 		7.626
v 13.3453 		35.8589 		38.11
v 13.4949 		35.8554 		38.2722
v 44.519 		60.969 		7.573
v 44.519 		60.931 		7.521
v 13.36 		35.802 		38.411
v 44.519 		60.879 		7.47
v 45.539 		-10.005 		0.68
v 45.737 		-9.683 		0.68
v 45.882 		-9.333 		0.68
v 45.515 		-9.988 		0.573
v 45.711 		-9.669 		0.573
v 0.146 		24.9398 		27
v 15.391 		36.654 		39.2
v 0.076 		25.132 		27.106
v 0 		24.7314 		27
v 15.5 		36.617 		39.288
v 14.6061 		35.6674 		39.4039
v 14.5987 		35.6695 		39.3968
v 14.6159 		35.6646 		39.4134
v 14.592 		35.6714 		39.3903
v 14.596 		35.6702 		39.3941
v 14.6214 		35.6631 		39.4187
v 45.854 		-9.324 		0.573
v 15.466 		36.63 		39.257
v 15.429 		36.642 		39.228
v 17.471 		19.893 		29.653
v 13.439 		35.832 		38.341
v 14.5 		35.8164 		39.3539
v 17.169 		19.978 		29.445
v 44.519 		60.811 		7.42
v 44.519 		60.73 		7.371
v 13.2587 		35.8608 		38.0162
v 44.519 		60.634 		7.325
v 17.011 		20.016 		29.352
v 13.1518 		35.8599 		37.8989
v 13.1993 		35.8621 		37.9518
v 13.142 		35.8594 		37.888
v 13.149 		35.845 		37.992
v 13.2047 		35.862 		37.9577
v 16.848 		20.05 		29.266
v 13.054 		35.809 		38.075
v 15.845 		36.702 		38.949
v 16.68 		20.081 		29.188
v 14.5812 		35.6745 		39.3798
v 14.5779 		35.6755 		39.3766
v 44.519 		60.526 		7.28
v 14.5 		35.6974 		39.3012
v 14.5021 		35.6968 		39.3032
v 14.5351 		35.6875 		39.3352
v 14.5446 		35.6848 		39.3444
v 14.5631 		35.6796 		39.3623
v 17.323 		19.937 		29.545
v 14.5062 		35.6956 		39.3071
v 14.5257 		35.6901 		39.326
v 16.778 		19.696 		29.642
v 16.634 		19.727 		29.567
v 16.486 		19.754 		29.498
v 45.632 		-9.629 		0.47
v 45.77 		-9.296 		0.47
v 45.503 		-9.563 		0.371
v 45.632 		-9.252 		0.371
v 45.326 		-9.474 		0.28
v 17.239 		20.353 		29.078
v 45.107 		-9.362 		0.199
v 17.057 		20.391 		28.982
v 44.96 		60.354 		7.238
v 45.21 		-10.21 		0.47
v 44.815 		60.382 		7.238
v 16.87 		20.426 		28.894
v 45.444 		-9.936 		0.47
v 16.509 		20.11 		29.117
v 45.107 		-10.107 		0.371
v 16.678 		20.458 		28.815
v 45.326 		-9.851 		0.371
v 44.667 		60.4 		7.238
v 44.929 		60.225 		7.199
v 44.794 		60.252 		7.199
v 44.657 		60.268 		7.199
v 15.154 		36.51 		39.618
v 12.8375 		35.8416 		37.5472
v 12.8947 		35.848 		37.6126
v 12.8235 		35.84 		37.5312
v 13.0247 		20.6019 		28.7274
v 13.0134 		35.8534 		37.7448
v 44.519 		60.406 		7.238
v 12.6877 		35.8247 		37.376
v 44.519 		60.273 		7.199
v 12.288 		23.7296 		27
v 12.317 		23.7061 		27
v 12.4628 		23.6066 		27
v 12.5439 		23.552 		27
v 13.4736 		23.0915 		27
v 13.348 		23.135 		27
v 45.017 		60.052 		7.163
v 45.166 		-9.735 		0.28
v 13.312 		23.1505 		27
v 13.2136 		23.1928 		27
v 44.896 		60.086 		7.163
v 12.863 		35.837 		37.638
v 44.771 		60.111 		7.163
v 15.118 		36.523 		39.589
v 15.136 		36.517 		39.603
v 45.293 		-10.293 		0.68
v 17.2773 		20.4743 		30.677
v 45.272 		-10.272 		0.573
v 12.9731 		23.2978 		27
v 12.9527 		23.3081 		27
v 12.9142 		23.3279 		27
v 12.7089 		23.4508 		27
v 20.877 		24.468 		28.435
v 20.682 		24.019 		28.46
v 45.005 		-8.587 		0.13
v 44.683 		-8.587 		0.074
v 44.324 		-8.704 		0.033
v 44.333 		-8.587 		0.033
v 19.612 		23.859 		27.816
v 19.787 		24.313 		27.746
v 20.474 		23.576 		28.503
v 44.936 		-9.026 		0.13
v 20.199 		23.676 		28.261
v 44.988 		-8.809 		0.13
v 44.563 		-9.085 		0.074
v 44.629 		-8.926 		0.074
v 44.669 		-8.759 		0.074
v 20.397 		24.122 		28.209
v 44.646 		60.125 		7.163
v 44.115 		-9.115 		0.033
v 44.191 		-9.026 		0.033
v 44.519 		60.13 		7.163
v 44.252 		-8.926 		0.033
v 44.296 		-8.818 		0.033
v 12.5706 		23.534 		27
v 12.753 		35.796 		37.735
v 13.39 		22.929 		27.085
v 12.458 		35.762 		37.392
v 13.072 		22.891 		27.164
v 12.759 		22.846 		27.258
v 12.452 		22.796 		27.366
v 14.8129 		32.768 		38.6296
v 12.635 		23.288 		27.084
v 12.311 		23.236 		27.196
v 14.851 		36.067 		31.395
v 43.946 		-8.704 		0.008
v 43.96 		-8.646 		0.008
v 43.965 		-8.587 		0.008
v 14.856 		35.83 		30.964
v 15.079 		36.533 		39.562
v 15.099 		36.528 		39.575
v 13.42 		21.626 		27.829
v 14.861 		35.573 		30.548
v 13.161 		21.589 		27.907
v 13.022 		21.996 		27.67
v 12.906 		21.547 		27.996
v 12.749 		21.952 		27.765
v 43.704 		-8.946 		0.008
v 43.646 		-8.96 		0.008
v 43.759 		-8.924 		0.008
v 14.871 		34.998 		29.752
v 14.866 		35.295 		30.142
v 43.809 		-8.893 		0.008
v 43.854 		-8.854 		0.008
v 43.893 		-8.809 		0.008
v 43.924 		-8.759 		0.008
v 46.0967 		-11.4321 		20.48
v 46.13 		-11.406 		20.5172
v 14.877 		34.682 		29.376
v 14.888 		33.997 		28.673
v 14.882 		34.348 		29.016
v 12.5967 		35.8144 		37.2719
v 12.636 		35.8188 		37.3168
v 12.584 		35.81 		37.282
v 15.017 		36.547 		39.529
v 44.026 		-9.191 		0.033
v 15.039 		36.543 		39.539
v 15.059 		36.538 		39.55
v 43.587 		-8.965 		0.008
v 14.905 		32.848 		27.755
v 14.899 		33.246 		28.042
v 14.894 		33.629 		28.348
v 12.288 		35.7548 		36.908
v 12.2936 		35.7563 		36.9148
v 44.968 		-9.59 		0.199
v 44.59 		-9.59 		0.13
v 12.3894 		35.7753 		37.028
v 44.735 		-9.421 		0.13
v 12.3038 		35.7591 		36.9272
v 12.304 		35.7591 		36.9274
v 44.851 		-9.231 		0.13
v 12.3142 		35.761 		36.9394
v 19.911 		23.771 		28.031
v 20.098 		24.22 		27.971
v 44.085 		-9.563 		0.074
v 20.252 		23.143 		28.563
v 44.231 		-9.474 		0.074
v 20.017 		22.719 		28.642
v 44.362 		-9.362 		0.074
v 15.1881 		36.189 		39.448
v 19.766 		22.811 		28.421
v 44.474 		-9.231 		0.074
v 19.988 		23.239 		28.331
v 19.503 		22.897 		28.212
v 19.713 		23.329 		28.112
v 12.482 		21.902 		27.873
v 19.022 		22.552 		28.142
v 18.752 		22.623 		27.966
v 18.473 		22.69 		27.803
v 18.652 		23.123 		27.657
v 18.945 		23.053 		27.829
v 13.451 		20.816 		28.439
v 19.229 		22.978 		28.013
v 13.543 		21.23 		28.092
v 19.426 		23.414 		27.905
v 12.837 		21.115 		28.338
v 13.068 		21.157 		28.246
v 19.128 		23.493 		27.711
v 13.304 		21.196 		28.163
v 12.8328 		21 		28.436
v 13.024 		20.742 		28.599
v 15.352 		36.664 		39.175
v 13.235 		20.781 		28.514
v 12.9115 		20.8308 		28.5561
v 12.959 		20.7286 		28.6287
v 14.917 		32.013 		27.239
v 12.169 		35.708 		37.046
v 14.911 		32.437 		27.486
v 12.657 		21.501 		28.096
v 46.273 		-11.273 		20.7065
v 12.2517 		35.7451 		36.864
v 15 		44.4731 		27
v 14.721 		44.745 		27
v 14.5 		44.9454 		27
v 46.3925 		-11.1445 		20.5511
v 46.406 		-11.13 		20.5318
v 46.3233 		-11.2189 		20.65
v 46.2844 		-11.2607 		20.7056
v 46.2782 		-11.2674 		20.7145
v 14.5 		47.6463 		27
v 14.5 		32.7674 		27
v 15 		32.4031 		27
v 46.4422 		-11.0838 		20.48
v 14.9234 		31.5495 		27
v 14.5 		31.523 		27
v 46.715 		-11.706 		20.204
v 46.982 		-11.974 		20.052
v 45.056 		-11.9395 		20.0716
v 45.099 		-11.931 		20.0764
v 11.887 		35.633 		36.699
v 45.286 		-11.879 		20.1059
v 19.303 		23.942 		27.613
v 19.465 		24.398 		27.536
v 46.466 		-11.456 		20.446
v 45.469 		-11.811 		20.1444
v 11.8347 		35.6187 		36.352
v 11.9795 		35.6689 		36.5326
v 11.998 		35.6754 		36.5557
v 12.0193 		35.6828 		36.5822
v 18.982 		24.018 		27.426
v 19.132 		24.478 		27.341
v 45.646 		-11.73 		20.1904
v 18.789 		24.55 		27.16
v 45.6885 		-11.706 		20.204
v 45.816 		-11.634 		20.2737
v 44.735 		-10.166 		0.28
v 44.968 		-9.968 		0.28
v 45.977 		-11.526 		20.3782
v 44.59 		-9.968 		0.199
v 46.0662 		-11.456 		20.446
v 44.794 		-9.794 		0.199
v 14.8968 		28.672 		36.8412
v 14.848 		21 		35.563
v 46.466 		-11.0535 		20.446
v 14.699 		22.71 		35.563
v 44.115 		-10.21 		0.199
v 44.362 		-10.107 		0.199
v 44.714 		-11.992 		20.0487
v 44.865 		-11.974 		20.052
v 44.907 		-11.969 		20.0548
v 44.231 		-9.851 		0.13
v 44.421 		-9.735 		0.13
v 18.651 		24.088 		27.252
v 43.587 		-9.683 		0.074
v 43.759 		-9.669 		0.074
v 15 		21 		34
v 43.926 		-9.629 		0.074
v 14.8428 		22.7361 		34.0549
v 14.848 		22.6921 		34.0404
v 14.8624 		22.5712 		34.0009
v 43.587 		-9.333 		0.033
v 43.704 		-9.324 		0.033
v 14.8627 		22.5685 		34
v 12.0213 		35.6834 		36.5847
v 14.8628 		22.5677 		33.9997
v 11.612 		35.537 		36.351
v 18.821 		23.566 		27.531
v 11.346 		35.423 		36.002
v 18.505 		23.633 		27.365
v 11.7348 		35.5835 		36.2271
v 11.7417 		35.5864 		36.236
v 13.582 		22.07 		27.517
v 18.313 		24.151 		27.094
v 14.5 		23.9491 		34.2321
v 14.6317 		23.483 		34.1643
v 13.484 		22.494 		27.291
v 11.4346 		35.4511 		35.84
v 11.4596 		35.4642 		35.8731
v 14.9381 		21 		33.3634
v 14.861 		20.48 		33.0388
v 11.4715 		35.4704 		35.889
v 11.4727 		35.471 		35.8906
v 14.9151 		21.4822 		33.5593
v 14.699 		19.29 		35.563
v 13.299 		22.036 		27.587
v 11.553 		35.5054 		35.9936
v 14.848 		19.264 		34
v 12.598 		22.369 		27.555
v 13.184 		22.458 		27.365
v 12.888 		22.416 		27.454
v 14.8502 		20.4074 		32.9935
v 14.848 		20.3923 		32.9841
v 14.7968 		20.0451 		32.768
v 43.818 		-9.296 		0.033
v 43.926 		-9.252 		0.033
v 14.892 		22.8397 		27
v 14.7004 		22.844 		27
v 15.269 		36.683 		39.129
v 14.5 		22.8621 		27
v 15.183 		36.698 		39.09
v 15.137 		36.704 		39.075
v 14.713 		22.58 		27.129
v 15.227 		36.69 		39.109
v 18.18 		23.694 		27.213
v 43.587 		-10.005 		0.13
v 43.809 		-9.988 		0.13
v 12.661 		21 		28.215
v 17.848 		23.748 		27.076
v 44.026 		-9.936 		0.13
v 15.311 		36.674 		39.151
v 18.187 		22.75 		27.652
v 12.313 		22.315 		27.67
v 44.333 		-10.882 		0.68
v 44.683 		-10.737 		0.68
v 45.005 		-10.539 		0.68
v 44.324 		-10.854 		0.573
v 44.669 		-10.711 		0.573
v 12.7713 		21.101 		28.3684
v 18.35 		23.188 		27.498
v 12.6401 		21.3376 		28.2263
v 44.988 		-10.515 		0.573
v 12.6296 		21.3564 		28.215
v 18.04 		23.245 		27.353
v 17.893 		22.805 		27.515
v 15.046 		36.714 		39.048
v 44.296 		-10.77 		0.47
v 15.092 		36.709 		39.061
v 14.759 		21.733 		27.622
v 44.629 		-10.632 		0.47
v 44.936 		-10.444 		0.47
v 14.736 		22.15 		27.365
v 44.252 		-10.632 		0.371
v 12.4423 		21.6379 		28.0687
v 12.2991 		21.8635 		27.9578
v 44.563 		-10.503 		0.371
v 46.406 		-11.13 		7.68
v 44.851 		-10.326 		0.371
v 17.723 		23.297 		27.222
v 17.591 		22.855 		27.39
v 44.191 		-10.444 		0.28
v 46.4 		-11.125 		7.626
v 44.474 		-10.326 		0.28
v 46.252 		-11.252 		7.573
v 46.382 		-11.111 		7.573
v 12.5444 		21.4774 		28.1479
v 17.284 		22.898 		27.28
v 17.399 		23.343 		27.106
v 11.3927 		35.4293 		35.7845
v 16.97 		22.935 		27.183
v 11.264 		35.3617 		35.6138
v 12.177 		23.683 		27.049
v 12.2213 		23.7837 		27
v 10.841 		35.133 		35.309
v 10.603 		34.96 		34.965
v 16.566 		22.529 		27.306
v 11.845 		23.622 		27.183
v 16.652 		22.966 		27.1
v 11.52 		23.554 		27.331
v 11.365 		24.005 		27.217
v 11.088 		35.288 		35.655
v 12.128 		23.8597 		27
v 11.703 		24.076 		27.062
v 11.8567 		24.1048 		27
v 10.619 		36.184 		35.273
v 11.8524 		24.1094 		27
v 11.9887 		23.9859 		27
v 10.349 		36.011 		34.901
v 11.6199 		24.3624 		27
v 11.6375 		24.3433 		27
v 11.4867 		24.5206 		27
v 11.4789 		24.5321 		27
v 19.285 		21.987 		28.655
v 19.531 		22.393 		28.528
v 11.218 		24.464 		27.124
v 19.049 		22.065 		28.466
v 19.281 		22.475 		28.33
v 43.587 		-11 		0.68
v 43.965 		-10.97 		0.68
v 18.804 		22.137 		28.289
v 43.587 		-10.97 		0.573
v 43.96 		-10.941 		0.573
v 16.188 		36.764 		38.603
v 12.15 		22.74 		27.487
v 18.549 		22.205 		28.123
v 43.587 		-10.882 		0.47
v 43.946 		-10.854 		0.47
v 11.994 		23.177 		27.324
v 43.587 		-10.737 		0.371
v 16.119 		36.789 		38.542
v 43.924 		-10.711 		0.371
v 18.807 		21.666 		28.621
v 16.047 		36.813 		38.484
v 18.578 		21.735 		28.454
v 43.587 		-10.539 		0.28
v 43.893 		-10.515 		0.28
v 15.971 		36.835 		38.43
v 10.6897 		34.9793 		34.816
v 10.7204 		35.005 		34.861
v 14.831 		20.563 		28.512
v 10.8597 		35.1054 		35.0579
v 10.9403 		35.1636 		35.1718
v 10.9618 		35.1791 		35.2022
v 14.622 		20.554 		28.525
v 14.807 		20.939 		28.196
v 10.9637 		35.1803 		35.2049
v 11.1202 		35.277 		35.4189
v 43.587 		-10.293 		0.199
v 14.577 		20.929 		28.211
v 43.854 		-10.272 		0.199
v 46.225 		-11.225 		7.521
v 46.354 		-11.086 		7.521
v 14.784 		21.329 		27.9
v 14.532 		21.318 		27.916
v 46.188 		-11.188 		7.47
v 46.313 		-11.052 		7.47
v 18.287 		22.268 		27.969
v 46.14 		-11.14 		7.42
v 46.262 		-11.008 		7.42
v 18.339 		21.798 		28.298
v 46.082 		-11.082 		7.371
v 18.091 		21.857 		28.154
v 17.651 		21.509 		28.233
v 46.13 		-11.406 		7.68
v 17.837 		21.911 		28.02
v 46.273 		-11.273 		7.68
v 17.576 		21.96 		27.898
v 46.125 		-11.4 		7.626
v 46.268 		-11.268 		7.626
v 11.2124 		35.3346 		35.5453
v 46.111 		-11.382 		7.573
v 11.2184 		35.3377 		35.5532
v 18.015 		22.325 		27.826
v 46.086 		-11.354 		7.521
v 17.737 		22.377 		27.696
v 17.407 		21.555 		28.119
v 17.159 		21.596 		28.016
v -24.5742 		-9.9478 		7.0759
v -24.5702 		-9.9542 		7.0757
v -24.576 		-9.9448 		7.076
v -24.5519 		-9.984 		7.075
v 46.008 		-11.262 		7.42
v -24.539 		-10.005 		7.0746
v 17.308 		22.004 		27.787
v -24.48 		-10.108 		7.074
v 45.955 		-11.2 		7.371
v 17.035 		22.042 		27.69
v -24.431 		-10.181 		7.074
v 16.904 		21.631 		27.925
v 45.893 		-11.128 		7.325
v -24.55 		-10.938 		7.199
v 46.015 		-11.015 		7.325
v 16.645 		21.662 		27.845
v 45.763 		-11.231 		7.325
v 45.568 		-11.231 		7.28
v -24.568 		-10.281 		7.1
v -24.505 		-10.361 		7.1
v -24.436 		-10.436 		7.1
v 18.342 		21.345 		28.638
v 17.679 		21.076 		28.58
v 18.119 		21.404 		28.493
v 17.888 		21.459 		28.358
v -24.281 		-10.568 		7.1
v -24.197 		-10.625 		7.1
v 17.459 		21.122 		28.465
v 11.684 		23.112 		27.466
v -24.566 		-10.744 		7.163
v -24.55 		-10.55 		7.13
v -24.466 		-10.628 		7.13
v -24.376 		-10.699 		7.13
v 11.04 		23.199 		27.106
v -24.361 		-10.505 		7.1
v 15.623 		36.771 		38.78
v 10.875 		24.384 		27.301
v 10.9593 		24.0712 		27.3726
v 10.801 		24.3491 		27.3492
v -24.466 		-10.823 		7.163
v -24.361 		-10.893 		7.163
v 10.567 		24.214 		27.106
v -24.251 		-10.955 		7.163
v 45.699 		-11.143 		7.28
v 45.823 		-11.045 		7.28
v -24.281 		-10.763 		7.13
v 45.628 		-11.045 		7.238
v -24.181 		-10.819 		7.13
v 14.98 		18.676 		30.755
v 15.682 		36.756 		38.819
v 14.909 		18.673 		30.759
v 45.241 		-11.262 		7.238
v 45.376 		-11.2 		7.238
v 45.505 		-11.128 		7.238
v 15.794 		36.721 		38.903
v 45.061 		-11.188 		7.199
v 15.738 		36.739 		38.86
v 10.838 		36.08 		33.943
v 45.191 		-11.14 		7.199
v 10.578 		35.997 		34.128
v 45.316 		-11.082 		7.199
v 15.436 		36.811 		38.681
v 10.811 		36.181 		34.519
v 45.436 		-11.015 		7.199
v 10.329 		35.91 		34.324
v 15.5 		36.799 		38.712
v 10.574 		36.098 		34.705
v 15.562 		36.786 		38.744
v 45.136 		-11.008 		7.163
v 17.054 		20.788 		28.618
v 17.234 		21.165 		28.359
v 45.099 		-11.931 		7.68
v 45.286 		-11.879 		7.68
v 45.469 		-11.811 		7.68
v 45.646 		-11.73 		7.68
v 45.816 		-11.634 		7.68
v 17.003 		21.202 		28.264
v 45.977 		-11.526 		7.68
v 16.842 		20.822 		28.531
v 45.973 		-11.52 		7.626
v 45.96 		-11.502 		7.573
v 16.627 		20.852 		28.454
v 16.767 		21.235 		28.18
v 45.937 		-11.471 		7.521
v 16.407 		20.879 		28.386
v 10.6122 		34.9142 		34.7023
v 45.906 		-11.428 		7.47
v 16.528 		21.264 		28.106
v 46.052 		-11.313 		7.47
v 10.5472 		34.8594 		34.607
v 10.4957 		34.816 		34.5314
v 11.819 		36.173 		32.896
v 11.509 		36.109 		33.038
v 45.642 		-11.723 		7.626
v 45.812 		-11.628 		7.626
v 14.836 		18.669 		30.767
v 14.766 		18.663 		30.778
v 15.369 		36.822 		38.654
v 45.632 		-11.702 		7.573
v 45.8 		-11.608 		7.573
v 14.626 		18.648 		30.809
v 45.614 		-11.669 		7.521
v 11.207 		36.037 		33.194
v 10.914 		35.961 		33.364
v 45.78 		-11.576 		7.521
v 11.107 		36.158 		33.77
v 14.695 		18.656 		30.792
v 45.59 		-11.621 		7.47
v 10.631 		35.879 		33.545
v 45.752 		-11.531 		7.47
v 14.558 		18.638 		30.831
v -24.077 		-10.866 		7.13
v 45.717 		-11.473 		7.42
v 45.866 		-11.373 		7.42
v 16.352 		36.863 		38.103
v 11.0403 		23.9295 		27.3848
v 15.892 		36.856 		38.379
v 11.243 		23.6066 		27.4276
v 10.247 		35.415 		32.771
v 11.0366 		23.9357 		27.3842
v 10.433 		35.657 		33.155
v 10.731 		35.744 		32.964
v 11.0232 		23.959 		27.3821
v 11.3077 		23.5036 		27.4412
v 11.038 		35.823 		32.787
v 10.357 		35.792 		33.741
v 45.674 		-11.404 		7.371
v 10.376 		34.768 		34.625
v 45.819 		-11.308 		7.371
v 45.625 		-11.323 		7.325
v 17.163 		22.464 		27.475
v 17.452 		22.424 		27.579
v 16.866 		22.5 		27.383
v 45.442 		-11.748 		7.521
v 16.758 		22.075 		27.604
v 10.24 		34.5657 		34.1411
v 10.2713 		34.6003 		34.1906
v 45.248 		-11.763 		7.47
v 10.3785 		34.7036 		34.3535
v 10.4905 		34.8116 		34.5238
v 45.422 		-11.699 		7.47
v 16.475 		22.102 		27.531
v -24.523 		-10.031 		7.074
v -24.5301 		-10.0154 		7.074
v -24.5187 		-10.0288 		7.0734
v -24.4613 		-10.0959 		7.0712
v -24.461 		-10.0963 		7.0712
v -24.5172 		-10.0305 		7.0733
v -24.4545 		-10.1039 		7.0711
v 45.523 		-11.489 		7.371
v -24.4048 		-10.1621 		7.07
v -24.3958 		-10.1727 		7.0699
v -24.3487 		-10.2278 		7.0696
v 45.329 		-11.473 		7.325
v 45.48 		-11.404 		7.325
v 16.283 		20.509 		28.684
v 9.608 		35.368 		33.805
v 9.843 		35.602 		34.167
v 10.7915 		24.3622 		27.349
v 10.09 		35.818 		34.532
v 10.094 		35.7 		33.948
v -24.3391 		-10.239 		7.0696
v -24.3383 		-10.24 		7.0696
v -24.015 		-10.717 		7.1
v -23.92 		-10.752 		7.1
v 10.8821 		23.1414 		27
v 10.8822 		23.1409 		27
v 11.0463 		22.528 		27
v 10.4213 		24.1299 		27
v 10.8386 		23.2345 		27
v -24.316 		-10.316 		7.074
v 10.3624 		24.214 		27
v -24.251 		-10.376 		7.074
v -24.181 		-10.431 		7.074
v 15.234 		36.84 		38.609
v 15.302 		36.831 		38.631
v 14.706 		18.144 		31.744
v 14.958 		18.2 		31.621
v 14.981 		18.202 		31.618
v 14.934 		18.198 		31.626
v 9.177 		34.839 		33.1
v 9.386 		35.112 		33.45
v 9.948 		35.32 		32.984
v 10.146 		35.566 		33.359
v 14.888 		18.192 		31.638
v 14.866 		18.188 		31.647
v 9.463 		34.949 		32.852
v -24.293 		-10.293 		7.07
v -24.2938 		-10.292 		7.0699
v 16.115 		19.462 		31.845
v -24.32 		-10.2614 		7.0698
v 9.66 		35.219 		33.211
v 9.871 		35.47 		33.576
v -24.376 		-10.251 		7.074
v 15.165 		36.846 		38.591
v 15.094 		36.852 		38.576
v 10.16 		34.558 		34.289
v 9.956 		34.33 		33.958
v -24.108 		-10.674 		7.1
v 15.024 		36.856 		38.564
v 45.14 		-11.428 		7.28
v 45.287 		-11.373 		7.28
v 10.0214 		34.3171 		33.792
v 10.0642 		34.371 		33.8626
v 45.431 		-11.308 		7.28
v 10.1578 		34.4748 		34.0109
v 16.281 		37.091 		36.398
v 16.103 		37.084 		36.856
v 10.2199 		34.5435 		34.1093
v 45.102 		-11.313 		7.238
v 15.949 		37.106 		36.8
v -23.97 		-10.906 		7.13
v 15.792 		37.124 		36.751
v -23.86 		-10.937 		7.13
v 16.068 		19.479 		31.801
v -23.748 		-10.96 		7.13
v 45.228 		-11.699 		7.42
v 16.017 		19.495 		31.761
v 11.5584 		23.0825 		27.5309
v 45.396 		-11.637 		7.42
v 11.4435 		23.2959 		27.4805
v 11.4211 		23.3374 		27.4707
v 15.917 		19.4946 		31.744
v 15.872 		19.47 		31.7826
v 15.8464 		19.456 		31.8045
v 15.633 		37.14 		36.71
v 9.764 		34.085 		33.633
v 9.585 		33.824 		33.314
v 9.42 		33.546 		33.003
v 15.471 		37.153 		36.676
v 11.8426 		22.6074 		27.6679
v 11.8046 		22.666 		27.6485
v 11.856 		22.678 		27.622
v 15.481 		19.131 		32.399
v 15.465 		19.136 		32.385
v 11.644 		22.9377 		27.5718
v 15.43 		19.147 		32.359
v 15.448 		19.142 		32.371
v 11.7227 		22.8046 		27.6094
v 15.394 		19.156 		32.335
v 15.412 		19.152 		32.346
v 9.9512 		34.2284 		33.6759
v 15.375 		19.16 		32.325
v 45.56 		-11.561 		7.42
v 16.259 		37.101 		35.869
v 45.202 		-11.621 		7.371
v 9.7995 		34.0246 		33.4195
v 9.8692 		34.1246 		33.5402
v 15.563 		37.169 		36.194
v 45.365 		-11.561 		7.371
v 9.9395 		34.2136 		33.6566
v 15.746 		37.154 		36.233
v 45.173 		-11.531 		7.325
v 15.377 		37.179 		36.163
v -23.519 		-10.977 		7.13
v 16.105 		37.116 		36.335
v -24.064 		-10.4886 		7.0723
v -24.0553 		-10.496 		7.0725
v -24.031 		-10.523 		7.074
v -24.0154 		-10.5301 		7.074
v -24.005 		-10.539 		7.0746
v -24.0207 		-10.5256 		7.0738
v 45.466 		-11.804 		7.626
v 15.927 		37.137 		36.28
v 45.457 		-11.783 		7.573
v -24.0288 		-10.5187 		7.0734
v -24.0274 		-10.5199 		7.0735
v -24.108 		-10.48 		7.074
v 15.308 		37.162 		36.649
v 9.4774 		33.5063 		32.838
v 9.518 		33.5831 		32.9162
v 15.144 		37.168 		36.63
v 9.4414 		33.4378 		32.768
v 45.097 		-11.924 		7.626
v 9.6262 		33.7624 		33.1136
v 45.284 		-11.871 		7.626
v 15.191 		37.186 		36.142
v 9.6868 		33.8626 		33.2241
v 15.003 		37.189 		36.128
v 9.6893 		33.8662 		33.2285
v 45.091 		-11.902 		7.573
v 45.277 		-11.85 		7.573
v 13.047 		36.174 		32.032
v 45.083 		-11.865 		7.521
v 45.265 		-11.813 		7.521
v 12.696 		36.132 		32.119
v 12.351 		36.083 		32.222
v 45.07 		-11.813 		7.47
v 13.344 		35.991 		31.524
v 44.794 		-11.252 		7.199
v 44.929 		-11.225 		7.199
v 12.973 		35.954 		31.599
v 16.189 		37.088 		35.336
v 15.445 		37.172 		35.678
v 12.608 		35.91 		31.69
v 14.801 		18.174 		31.676
v 14.821 		18.179 		31.665
v 13.289 		35.751 		31.1
v 14.742 		18.157 		31.714
v 14.761 		18.163 		31.701
v 44.519 		61 		20.3899
v 12.841 		35.452 		30.766
v 12.905 		35.713 		31.177
v -24.2824 		-10.302 		7.0699
v -24.2283 		-10.3483 		7.0696
v -24.2278 		-10.3487 		7.0696
v -24.2165 		-10.3583 		7.0696
v 44.646 		-11.125 		7.163
v -24.1621 		-10.4048 		7.07
v 44.771 		-11.111 		7.163
v -24.0963 		-10.461 		7.0712
v -24.0966 		-10.4607 		7.0712
v -24.1522 		-10.4133 		7.0702
v 15.653 		37.16 		35.712
v 44.896 		-11.086 		7.163
v -24.0897 		-10.4667 		7.0714
v 15.857 		37.144 		35.755
v 45.017 		-11.052 		7.163
v 45.977 		60.526 		20.0494
v -23.634 		-10.973 		7.13
v 14.781 		18.169 		31.688
v -23.822 		-10.78 		7.1
v 14.724 		18.151 		31.729
v -23.722 		-10.8 		7.1
v 16.06 		37.125 		35.808
v 11.428 		21 		27.106
v 11.33 		22.116 		27.106
v 16.317 		37.028 		34.865
v 15.512 		37.14 		35.193
v 14.843 		18.184 		31.656
v 15.966 		37.11 		35.278
v 11.2598 		21 		27
v 11.1644 		22.0868 		27
v 11.2509 		21.1022 		27
v 11.1379 		22.186 		27
v 15.741 		37.128 		35.23
v 12.524 		35.667 		31.272
v 15.238 		37.18 		35.653
v 15.028 		37.183 		35.638
v -23.9596 		-10.5669 		7.0756
v -23.9542 		-10.5702 		7.0757
v -23.89 		-10.6097 		7.078
v -23.8789 		-10.6165 		7.0784
v -23.8762 		-10.6182 		7.0785
v 15.799 		19.287 		32.117
v -23.8205 		-10.6525 		7.0812
v -23.795 		-10.6681 		7.0825
v -23.7122 		-10.719 		7.0876
v -23.7097 		-10.7206 		7.0877
v -23.7502 		-10.6957 		7.0852
v -23.683 		-10.737 		7.0897
v -23.621 		-10.812 		7.1
v 15.699 		19.319 		32.035
v 14.677 		18.397 		31.244
v 15.767 		19.298 		32.088
v 14.634 		18.389 		31.262
v 15.6184 		19.3313 		32
v 15.6166 		19.3305 		32.0015
v 15.662 		19.329 		32.012
v 15.616 		19.3301 		32.0021
v -23.519 		-10.816 		7.1
v -23.4923 		-10.816 		7.1
v -23.333 		-10.882 		7.1123
v -23.552 		-10.7913 		7.0964
v -23.519 		-10.8049 		7.0983
v -23.678 		-10.7391 		7.09
v 14.591 		18.38 		31.281
v -23.6468 		-10.752 		7.0914
v -23.6173 		-10.7642 		7.0927
v -23.5968 		-10.7727 		7.0938
v 14.549 		18.37 		31.303
v 12.448 		35.405 		30.864
v 14.509 		18.359 		31.327
v 15.733 		19.309 		32.061
v 13.577 		34.946 		29.833
v 45.9561 		60.54 		20.052
v 45.816 		60.634 		20.1053
v 14.957 		18.428 		31.181
v 15.283 		37.149 		35.165
v 14.862 		18.421 		31.194
v 12.2433 		21.9607 		27.9153
v 12.0776 		22.2478 		27.7889
v 15.052 		37.153 		35.148
v 13.151 		34.912 		29.899
v 14.909 		18.425 		31.187
v 12.729 		34.869 		29.985
v 12.311 		34.819 		30.089
v 16.177 		36.971 		34.33
v 13.192 		35.211 		30.286
v 13.239 		35.491 		30.687
v 16.073 		37.052 		34.802
v 12.0663 		22.2635 		27.7827
v 12.0445 		22.2968 		27.7715
v 11.9692 		22.4117 		27.7327
v 14.815 		18.416 		31.203
v 15.827 		37.071 		34.75
v 14.723 		18.404 		31.229
v 12.782 		35.17 		30.368
v 15.578 		37.085 		34.709
v 12.377 		35.121 		30.47
v 12.5 		16.67 		29.5
v 13.138 		18.038 		29.5
v 16.277 		36.866 		33.861
v 15.992 		36.888 		33.8
v 15.91 		36.992 		34.273
v 13.55 		34.629 		29.46
v -22.965 		-10.97 		7.1287
v 13.527 		34.294 		29.101
v 15.642 		37.007 		34.229
v -22.8768 		-10.977 		7.13
v 13.506 		33.941 		28.76
v 14.769 		18.411 		31.215
v 45.646 		60.73 		20.1598
v 45.4756 		60.808 		20.204
v 45.469 		60.811 		20.2069
v 44.519 		-11.13 		7.163
v 45.286 		60.879 		20.2727
v 45.099 		60.931 		20.3231
v 44.714 		-11.992 		7.68
v 44.907 		-11.969 		7.68
v 45.056 		60.9395 		20.3313
v 44.833 		-11.502 		7.28
v 13.113 		34.594 		29.528
v 44.677 		-11.52 		7.28
v 13.08 		34.258 		29.171
v 12.68 		34.551 		29.615
v 44.988 		-11.471 		7.28
v 44.907 		60.969 		20.3598
v 44.714 		60.992 		20.3821
v 12.601 		33.86 		28.922
v 44.667 		-11.4 		7.238
v 13.051 		33.905 		28.831
v 44.815 		-11.382 		7.238
v 44.96 		-11.354 		7.238
v 12.638 		34.214 		29.26
v 44.657 		-11.268 		7.199
v 45.054 		-11.748 		7.42
v 44.693 		-11.723 		7.371
v -23.324 		-8.704 		0.033
v -23.333 		-8.587 		0.033
v 13.467 		32.79 		27.845
v 13.476 		33.188 		28.132
v -22.965 		-8.587 		0.008
v -22.96 		-8.646 		0.008
v 13.489 		33.572 		28.438
v -22.946 		-8.704 		0.008
v 15.372 		37.017 		34.197
v 15.5277 		19.2876 		32.0801
v 15.5118 		19.28 		32.0941
v -22.924 		-8.759 		0.008
v -22.893 		-8.809 		0.008
v 12.543 		33.105 		28.298
v 12.569 		33.49 		28.601
v 14.955 		18.944 		30.344
v -22.854 		-8.854 		0.008
v 15.511 		19.2796 		32.0949
v -22.809 		-8.893 		0.008
v 15.328 		37.095 		34.68
v -22.759 		-8.924 		0.008
v 15.076 		37.099 		34.661
v 15.4363 		19.244 		32.1611
v 15.1 		37.022 		34.177
v 15.4058 		19.2292 		32.1879
v 15.3776 		19.2154 		32.2128
v 15.4895 		19.2694 		32.1139
v -22.704 		-8.946 		0.008
v 14.86 		18.94 		30.35
v -22.646 		-8.96 		0.008
v 15.3665 		19.2101 		32.2225
v 15.36 		19.2069 		32.2283
v 13.007 		33.151 		28.204
v -23.026 		-9.191 		0.033
v 13.026 		33.536 		28.509
v 15.123 		36.92 		33.698
v 15.6284 		19.3363 		31.9911
v 15.6192 		19.3317 		31.9993
v 12.247 		35.859 		31.798
v 15.705 		36.904 		33.753
v 44.865 		-11.702 		7.371
v 12.011 		36.028 		32.342
v 45.035 		-11.669 		7.371
v 13.579 		20.076 		29.103
v 13.601 		20.452 		28.731
v 13.405 		20.42 		28.8
v 14.765 		18.934 		30.36
v 14.671 		18.926 		30.375
v 15.415 		36.915 		33.719
v 44.685 		-11.628 		7.325
v 44.85 		-11.608 		7.325
v 11.679 		35.966 		32.475
v 45.013 		-11.576 		7.325
v 15.496 		36.641 		32.781
v 15.456 		36.79 		33.246
v 13.529 		19.496 		29.5
v 11.355 		35.898 		32.624
v 16.376 		36.737 		33.398
v 13.5522 		19.7107 		29.5087
v 13.5485 		19.7194 		29.5
v 44.713 		-11.985 		7.626
v 13.408 		20.044 		29.172
v 44.906 		-11.962 		7.626
v 44.712 		-11.962 		7.573
v 44.903 		-11.939 		7.573
v 44.709 		-11.924 		7.521
v 15 		19.0855 		32.4823
v 14.9792 		19.0939 		32.4634
v 14.942 		19.1087 		32.4293
v 44.897 		-11.902 		7.521
v 44.705 		-11.871 		7.47
v -22.587 		-8.965 		0.008
v 14.931 		19.231 		29.947
v -23.296 		-8.818 		0.033
v -23.252 		-8.926 		0.033
v 15.6916 		19.3711 		31.9372
v -23.191 		-9.026 		0.033
v 15.8317 		19.448 		31.8171
v 15.7204 		19.3871 		31.9125
v -23.115 		-9.115 		0.033
v 11.893 		35.801 		31.921
v 11.547 		35.737 		32.061
v 15.772 		19.4156 		31.8685
v 44.888 		-11.85 		7.47
v 11.071 		35.413 		31.818
v 11.208 		35.666 		32.216
v 13.3435 		20.0306 		29.2015
v 13.4281 		19.9021 		29.3247
v 10.728 		35.333 		31.995
v 10.878 		35.588 		32.387
v 44.699 		-11.804 		7.42
v 10.394 		35.246 		32.187
v 10.557 		35.505 		32.571
v 44.878 		-11.783 		7.42
v -24.539 		-8.587 		0.28
v -24.293 		-8.587 		0.199
v 16.148 		36.611 		32.872
v 10.242 		34.968 		31.813
v 15.824 		36.629 		32.819
v -24.005 		-8.587 		0.13
v -23.683 		-8.587 		0.074
v 16.072 		36.761 		33.333
v 15.765 		36.778 		33.283
v 12.15 		35.614 		31.384
v 14.811 		19.226 		29.955
v -24.515 		-8.893 		0.28
v -24.444 		-9.191 		0.28
v -24.272 		-8.854 		0.199
v -24.21 		-9.115 		0.199
v 14.905 		19.537 		29.564
v 15.146 		36.795 		33.223
v -23.988 		-8.809 		0.13
v -23.936 		-9.026 		0.13
v 44.519 		-11.73 		7.371
v 44.519 		-11.634 		7.325
v 44.519 		-11.526 		7.28
v 15.162 		18.994 		32.691
v 44.519 		-11.406 		7.238
v 11.783 		35.554 		31.512
v 44.519 		-11.273 		7.199
v 11.422 		35.487 		31.657
v 11.584 		35 		30.727
v 44.519 		-11.992 		7.626
v 12.06 		35.35 		30.981
v 44.519 		-11.969 		7.573
v 11.679 		35.287 		31.113
v 13.213 		20.385 		28.877
v 44.519 		-11.931 		7.521
v 13.2739 		20.1497 		29.0986
v 13.1451 		20.3705 		28.9082
v -23.669 		-8.759 		0.074
v -23.629 		-8.926 		0.074
v -23.563 		-9.085 		0.074
v -22.926 		-9.629 		0.074
v -22.759 		-9.669 		0.074
v -22.587 		-9.683 		0.074
v -22.926 		-9.252 		0.033
v -22.818 		-9.296 		0.033
v 44.519 		-11.879 		7.47
v 44.519 		-11.811 		7.42
v 12.544 		19.67 		28.215
v 14.577 		18.917 		30.394
v 11.306 		35.218 		31.264
v 11.04 		18.802 		27.106
v 10.8821 		18.8595 		27
v 10.8819 		18.8591 		27
v 10.683 		18.432 		27
v 11.199 		34.929 		30.881
v 11.1644 		19.9132 		27
v 11.1644 		19.9131 		27
v 10.9086 		18.9586 		27
v 10.942 		35.142 		31.43
v 16.292 		36.243 		31.973
v 15.933 		36.263 		31.915
v 15.88 		36.457 		32.362
v 10.586 		35.058 		31.614
v 15.573 		36.277 		31.872
v 10.823 		34.85 		31.054
v 14.8925 		19.1285 		32.384
v 15.535 		36.47 		32.322
v 16.222 		36.437 		32.419
v 10.338 		34.452 		30.883
v 14.8893 		19.1297 		32.3811
v 14.876 		19.135 		32.369
v 14.876 		19.135 		32.369
v 10.457 		34.764 		31.243
v -22.704 		-9.324 		0.033
v 14.859 		19.13 		32.382
v -22.587 		-9.333 		0.033
v 14.8757 		19.1351 		32.3687
v 14.8689 		19.1384 		32.3626
v 15.21 		36.283 		31.846
v 14.8759 		19.1351 		32.3689
v 15.189 		36.476 		32.297
v 14.848 		19.1481 		32.3442
v 15.168 		36.647 		32.756
v 10.072 		35.153 		32.395
v 9.761 		35.054 		32.617
v 14.843 		19.124 		32.396
v 9.908 		34.872 		32.027
v -23.474 		-9.231 		0.074
v -23.362 		-9.362 		0.074
v 14.7915 		19.1745 		32.2942
v 14.7486 		19.1944 		32.2562
v 14.7484 		19.1945 		32.256
v -23.231 		-9.474 		0.074
v 16.828 		35.852 		38.09
v 14.7723 		19.1835 		32.2773
v -23.085 		-9.563 		0.074
v 14.7119 		19.2113 		32.2236
v 14.6585 		19.2359 		32.176
v 16.733 		35.886 		38.006
v 8.982 		34.547 		32.757
v 8.802 		34.236 		32.422
v 11.1779 		20.0671 		27
v 11.1734 		20.0154 		27
v 8.636 		33.909 		32.096
v 11.33 		19.884 		27.106
v 9.278 		34.661 		32.5
v 8.949 		34.031 		31.823
v 16.634 		35.918 		37.925
v 16.44 		35.866 		38.353
v 9.107 		34.354 		32.157
v 9.425 		34.466 		31.905
v 9.587 		34.769 		32.256
v 14.693 		19.219 		29.967
v 9.268 		33.253 		32.7
v 14.576 		19.21 		29.985
v 14.881 		19.862 		29.197
v 9.216 		32.9698 		32.3137
v 9.2207 		32.9817 		32.3241
v 9.2665 		33.081 		32.4179
v 14.764 		19.532 		29.573
v 14.622 		19.523 		29.588
v 9.2905 		33.1325 		32.4668
v 16.4172 		35.9349 		38.0122
v 9.3629 		33.2893 		32.6159
v 16.534 		35.9404 		37.888
v 14.716 		19.855 		29.207
v 9.416 		33.3897 		32.7188
v 9.129 		32.947 		32.405
v 14.552 		19.846 		29.225
v 9.136 		32.768 		32.1374
v 9.1823 		32.885 		32.2396
v -23.362 		-10.107 		0.199
v -23.115 		-10.21 		0.199
v -23.421 		-9.735 		0.13
v -23.231 		-9.851 		0.13
v -23.026 		-9.936 		0.13
v 16.519 		35.838 		38.424
v -22.809 		-9.988 		0.13
v -22.587 		-10.005 		0.13
v -24.539 		-10.005 		0.68
v -24.515 		-9.988 		0.573
v 17.433 		35.819 		37.412
v 14.857 		20.204 		28.846
v 17.727 		35.772 		37.068
v 14.669 		20.196 		28.857
v -24.503 		-9.563 		0.371
v 14.699 		19.29 		32.437
v 17.408 		35.9405 		36.9424
v 15.0396 		19.0696 		32.5185
v -24.326 		-9.474 		0.28
v 15.0341 		19.0718 		32.5135
v 17.587 		35.821 		36.944
v 14.6583 		19.236 		32.1758
v 15.0402 		19.0698 		32.5181
v 15.0468 		19.0727 		32.512
v 15.0461 		19.0724 		32.5127
v -24.107 		-9.362 		0.199
v 15.0325 		19.0724 		32.512
v -23.968 		-9.59 		0.199
v -23.851 		-9.231 		0.13
v -23.735 		-9.421 		0.13
v 17.408 		35.8696 		36.9129
v 17.4505 		35.8627 		36.864
v -23.59 		-9.59 		0.13
v 14.7185 		19.5134 		32.437
v 10.7915 		17.609 		27
v 10.895 		17.471 		27
v -24.444 		-9.936 		0.47
v 10.7915 		17.6091 		27
v -24.21 		-10.21 		0.47
v 10.6662 		17.7762 		27
v -24.326 		-9.851 		0.371
v 9.855 		34.025 		30.752
v 9.972 		34.357 		31.094
v -24.107 		-10.107 		0.371
v 10.101 		34.671 		31.449
v 17.133 		35.846 		37.753
v -24.166 		-9.735 		0.28
v 9.492 		33.92 		30.986
v -23.968 		-9.968 		0.28
v 9.618 		34.254 		31.321
v -23.735 		-10.166 		0.28
v 17.023 		35.885 		37.655
v -23.794 		-9.794 		0.199
v 9.758 		34.572 		31.669
v -23.59 		-9.968 		0.199
v 9.143 		33.808 		31.235
v 9.277 		34.145 		31.565
v 16.908 		35.922 		37.561
v 16.8637 		35.9349 		37.5289
v 17.0005 		35.9231 		37.376
v -23.333 		-10.882 		0.68
v -22.965 		-10.97 		0.68
v 16.5926 		35.9405 		37.8246
v 16.7132 		35.9381 		37.6931
v -22.587 		-11 		0.68
v -23.324 		-10.854 		0.573
v 16.554 		35.9413 		37.8667
v -22.96 		-10.941 		0.573
v -22.587 		-10.97 		0.573
v 9.022 		33.455 		30.916
v 8.566 		32.964 		30.885
v 8.678 		33.335 		31.186
v 17.308 		35.864 		37.3
v -22.946 		-10.854 		0.47
v -22.587 		-10.882 		0.47
v 17.245 		35.8962 		37.1003
v 17.177 		35.906 		37.195
v -22.924 		-10.711 		0.371
v 17.224 		35.8996 		37.1244
v -22.587 		-10.737 		0.371
v -22.893 		-10.515 		0.28
v 15.1852 		19.1292 		32.3855
v 15.1778 		19.1259 		32.3922
v -22.587 		-10.539 		0.28
v 15.1654 		19.1208 		32.4035
v 9.924 		16.868 		27.106
v 10.5373 		17.9482 		27
v 10.567 		17.786 		27.106
v 10.5373 		17.9482 		27
v 15.1869 		19.13 		32.384
v 10.5224 		17.9681 		27
v 15.1295 		19.1063 		32.4364
v 15.1222 		19.103 		32.4429
v 15.1477 		19.1137 		32.4197
v 10.5215 		17.9692 		27
v 15.114 		19.0998 		32.4505
v 9.2142 		16.3952 		27
v 15.1407 		19.1109 		32.4262
v 9.2156 		16.3965 		27
v 9.3929 		16.5739 		27
v 9.7952 		16.9761 		27
v 9.7951 		16.9761 		27
v 15.1345 		19.1085 		32.4319
v 10.5056 		17.9905 		27
v 15.1109 		19.0986 		32.4534
v 15.104 		19.0959 		32.4597
v 10.4213 		17.8701 		27
v 9.854 		17.0602 		27
v 10.4883 		18.0136 		27
v 10.487 		18.0109 		27
v 10.4648 		17.9631 		27
v 15.334 		19.167 		32.307
v 15.293 		19.172 		32.293
v 15.314 		19.17 		32.299
v 15.2882 		19.1725 		32.2919
v 15.2866 		19.1718 		32.2933
v 14.6468 		19.2992 		32.2593
v 14.645 		19.2963 		32.256
v 14.6064 		19.2341 		32.1847
v 14.6064 		19.2341 		32.1847
v 14.6064 		19.2342 		32.1847
v 14.5946 		19.2654 		32.119
v 15.2885 		19.1726 		32.2916
v 14.5949 		19.2647 		32.1205
v 14.5947 		19.2651 		32.1196
v 14.605 		19.238 		32.1766
v 15.2858 		19.1715 		32.294
v 15.2652 		19.1629 		32.3128
v 11.634 		17.17 		28.215
v 15.2553 		19.1588 		32.3218
v 14.6993 		19.456 		32.3895
v 14.6799 		19.398 		32.3413
v 15.2934 		19.1749 		32.2872
v 12.199 		18.38 		28.215
v 8.807 		33.691 		31.499
v 0.076 		16.868 		27.106
v -22.854 		-10.272 		0.199
v 11.976 		35.065 		30.589
v 0.2048 		16.9761 		27
v 0 		17.2686 		27
v -22.587 		-10.293 		0.199
v -23.296 		-10.77 		0.47
v -23.252 		-10.632 		0.371
v -23.474 		-10.326 		0.28
v 12.253 		34.499 		29.722
v 11.831 		34.44 		29.847
v 11.901 		34.761 		30.211
v -23.191 		-10.444 		0.28
v 17.1682 		35.9085 		37.1885
v 15.355 		19.164 		32.316
v 15.2383 		19.1518 		32.3373
v 15.232 		19.1491 		32.3431
v 17.1628 		35.909 		37.1945
v -3.529 		25.924 		35.563
v 17.0211 		35.9213 		37.353
v 17.1363 		35.9113 		37.2242
v -24.293 		-10.293 		0.68
v -24.005 		-10.539 		0.68
v -23.683 		-10.737 		0.68
v -24.272 		-10.272 		0.573
v 15.3181 		19.1867 		32.2654
v 15.2956 		19.1759 		32.2853
v -23.988 		-10.515 		0.573
v -23.669 		-10.711 		0.573
v -23.936 		-10.444 		0.47
v 15.325 		19.1901 		32.2593
v -23.629 		-10.632 		0.47
v 15.3287 		19.1919 		32.256
v -23.851 		-10.326 		0.371
v -23.563 		-10.503 		0.371
v 15.1954 		19.1339 		32.3763
v 15.0902 		19.09 		32.4722
v 15.0807 		19.086 		32.4808
v 15.0718 		19.0826 		32.4891
v 15.0628 		19.0788 		32.4972
v 15.0543 		19.0754 		32.505
v 20.57 		33.674 		33.047
v 15.1 		19.0943 		32.4633
v -3.529 		22.504 		38.5
v 15.3437 		19.199 		32.2428
v -24.977 		-8.8768 		7.13
v -24.97 		-8.965 		7.1287
v 15.3428 		19.1986 		32.2435
v -24.973 		-9.634 		7.13
v 15.3325 		19.1937 		32.2526
v 20.535 		34.968 		33.154
v 16.365 		19.679 		31.526
v 20.74 		34.68 		32.813
v 16.0149 		19.5524 		31.6618
v 15.9851 		19.5339 		31.6865
v 16.2255 		19.6819 		31.488
v 16.0285 		19.5607 		31.6506
v 15.965 		19.51 		31.723
v 15.979 		19.5302 		31.6916
v -24.977 		-9.519 		7.13
v 11.497 		34.695 		30.352
v 18.833 		35.376 		35.685
v -24.96 		-9.748 		7.13
v 11.417 		34.372 		29.992
v 14.4842 		31.522 		27
v 14.4336 		31.5191 		27
v 14.433 		31.567 		27.022
v 14.4308 		31.5186 		27
v -24.937 		-9.86 		7.13
v 19.333 		35.06 		34.999
v 14.3715 		31.5077 		27
v 14.336 		31.5014 		27
v 19.088 		35.228 		35.341
v 18.568 		35.506 		36.03
v -24.906 		-9.97 		7.13
v 10.932 		33.954 		29.813
v 10.528 		33.869 		29.998
v 14.429 		36.954 		38.104
v 11.012 		34.296 		30.156
v 19.32 		36.113 		34.944
v 11.101 		34.622 		30.512
v 10.615 		34.213 		30.337
v 14.453 		37.048 		37.611
v 14.337 		37.039 		37.63
v 10.715 		34.54 		30.689
v 18.881 		35.301 		35.156
v 19.0094 		35.2022 		34.9027
v 19.0731 		35.1595 		34.816
v 14.386 		37.111 		37.129
v 18.8447 		35.3127 		35.1267
v 18.8816 		35.2878 		35.0764
v 14.335 		36.944 		38.123
v 18.638 		35.446 		35.511
v 14.243 		36.934 		38.145
v 12.154 		33.806 		29.033
v -24.954 		-10.744 		7.238
v 12.2 		34.161 		29.369
v 11.77 		34.1 		29.498
v 11.347 		34.031 		29.645
v 14.151 		36.921 		38.173
v 13.975 		36.89 		38.24
v 14.063 		36.906 		38.204
v 18.6438 		35.4292 		35.3923
v 18.5858 		35.4626 		35.469
v 18.6277 		35.4385 		35.4136
v 18.5053 		35.5017 		35.5724
v 18.5293 		35.49 		35.5415
v 18.432 		35.5371 		35.6664
v 12.116 		33.435 		28.714
v 15.9518 		19.5137 		31.7142
v -24.422 		59.706 		27.796
v 11.67 		33.372 		28.847
v -24.2561 		59.4216 		27.6347
v -24.2799 		59.392 		27.6579
v 16.299 		19.701 		31.472
v 16.27 		19.7093 		31.4513
v -3.529 		19.496 		38.5
v -24.2037 		59.4868 		27.5838
v 11.717 		33.744 		29.164
v 16.3443 		19.7595 		31.3917
v 16.3372 		19.7547 		31.3974
v 11.285 		33.673 		29.315
v 11.187 		32.913 		28.703
v 10.753 		32.832 		28.878
v 11.232 		33.301 		29.001
v 10.803 		33.221 		29.173
v -22.373 		57.373 		27.711
v 16.026 		19.484 		29.722
v 16.159 		19.466 		29.77
v -24.938 		-10.55 		7.199
v 10.383 		33.133 		29.366
v -24.853 		-10.659 		7.199
v 10.863 		33.595 		29.485
v -3.529 		25.924 		32.437
v 10.45 		33.508 		29.674
v -24.938 		-10.938 		7.28
v -24.853 		-10.853 		7.238
v -3.529 		22.504 		29.5
v 16.299 		19.111 		30.269
v -24.955 		-10.251 		7.163
v 16.195 		19.133 		30.214
v -24.893 		-10.361 		7.163
v -24.91 		-9.216 		7.1175
v -24.8 		-9.722 		7.1
v -24.108 		59.108 		27.833
v -23.871 		58.871 		27.924
v -23.617 		58.617 		27.98
v -3.529 		19.496 		29.5
v -23.349 		58.349 		28
v -23.081 		58.081 		27.98
v 14.22 		37.027 		37.653
v -24.882 		-9.333 		7.1123
v -24.78 		-9.822 		7.1
v 16.289 		19.445 		29.824
v -24.752 		-9.92 		7.1
v -22.827 		57.827 		27.924
v -22.59 		57.59 		27.833
v 16.088 		19.154 		30.164
v 15.979 		19.171 		30.119
v -24.3298 		59.3298 		27.7064
v -24.324 		59.324 		27.711
v -2.0654 		29.447 		27
v -2.196 		29.575 		27
v -24.689 		59.974 		27.948
v -0.567 		27.634 		38.5
v 14.105 		37.013 		37.682
v -1.04 		28.199 		37.078
v -22.181 		57.181 		27.561
v -2.198 		27.04 		37.078
v 13.992 		36.997 		37.715
v -22.016 		57.016 		27.386
v 15.523 		19.22 		29.99
v 15.407 		19.227 		29.971
v 15.868 		19.187 		30.079
v 15.755 		19.2 		30.044
v 15.64 		19.211 		30.015
v -24.866 		-10.077 		7.13
v -24.819 		-10.181 		7.13
v -1.634 		26.567 		38.5
v 10.23 		34.123 		30.536
v -3.138 		25.699 		37.078
v 14.246 		37.1 		37.15
v 14.106 		37.086 		37.179
v 13.969 		37.069 		37.213
v 10.048 		33.414 		29.882
v -24.744 		-10.954 		7.238
v 10.133 		33.776 		30.202
v 9.657 		33.312 		30.107
v 9.75 		33.676 		30.423
v 9.194 		32.822 		30.052
v 9.577 		32.933 		29.805
v 17.4663 		35.8601 		36.8458
v 17.5503 		35.84 		36.7465
v -24.76 		-10.76 		7.199
v -24.659 		-10.853 		7.199
v 18.295 		35.614 		36.377
v 18.015 		35.703 		36.723
v 15.288 		19.231 		29.957
v -2.5 		25.33 		38.5
v 14.46 		36.502 		39.615
v 9.28 		33.203 		30.349
v 14.496 		36.515 		39.586
v 14.477 		36.509 		39.6
v 9.379 		33.569 		30.661
v 17.7572 		35.7909 		36.5022
v 17.8706 		35.7552 		36.3647
v 17.8811 		35.7519 		36.352
v 17.861 		35.758 		36.586
v -0.868 		25.924 		39.785
v 8.916 		33.087 		30.609
v -24.823 		-10.466 		7.163
v -24.763 		-10.281 		7.13
v -24.699 		-10.376 		7.13
v -24.628 		-10.466 		7.13
v -1.634 		24.83 		39.785
v -24.744 		-10.566 		7.163
v -24.659 		-10.659 		7.163
v 17.7562 		35.7911 		36.5034
v 9.974 		33.037 		29.576
v 17.6638 		35.8128 		36.6125
v 15.05 		19.233 		29.945
v -24.816 		-9.519 		7.1
v -24.812 		-9.621 		7.1
v 12.084 		33.05 		28.412
v 11.631 		32.985 		28.548
v 15.168 		19.234 		29.948
v -24.816 		-9.4923 		7.1
v -24.8049 		-9.519 		7.0983
v -24.802 		-9.5262 		7.0979
v -24.8053 		-9.5182 		7.0984
v -24.7642 		-9.6173 		7.0927
v -24.7524 		-9.6458 		7.0914
v -24.737 		-9.683 		7.0897
v 18.387 		35.57 		35.868
v 16.335 		19.779 		29.436
v -24.717 		-10.015 		7.1
v -24.674 		-10.108 		7.1
v 15.891 		19.5 		29.681
v -24.625 		-10.197 		7.1
v 18.128 		35.674 		36.227
v 16.181 		19.801 		29.381
v 16.024 		19.819 		29.332
v 15.474 		19.533 		29.592
v 15.754 		19.514 		29.645
v 15.614 		19.525 		29.615
v 15.703 		19.847 		29.256
v 14.432 		36.689 		39.087
v 14.388 		36.681 		39.105
v 14.346 		36.672 		39.124
v -1.33 		28.544 		35.563
v -1.428 		28.661 		34
v 14.477 		36.696 		39.072
v -2.66 		27.428 		34
v -2.544 		27.33 		35.563
v 15.54 		19.857 		29.23
v 15.376 		19.863 		29.211
v 15.865 		19.835 		29.29
v 18.0416 		35.7015 		36.1573
v 18.198 		35.6395 		35.9623
v 18.2961 		35.6008 		35.84
v 12.982 		32.34 		27.651
v 12.508 		32.292 		27.748
v 16.333 		20.134 		29.054
v -24.7232 		-9.7055 		7.088
v -24.7206 		-9.7097 		7.0877
v -24.7093 		-9.728 		7.0866
v 16.155 		20.155 		28.999
v -24.6915 		-9.757 		7.0848
v -24.6681 		-9.795 		7.0825
v 17.967 		35.7249 		36.2477
v 12.523 		32.705 		28.014
v -24.6296 		-9.8576 		7.0794
v -24.6182 		-9.8762 		7.0785
v 12.992 		32.752 		27.918
v 15.974 		20.173 		28.953
v 15.791 		20.187 		28.913
v 15.605 		20.198 		28.883
v 18.3181 		35.5921 		35.8125
v 15.419 		20.205 		28.861
v -24.97 		-8.965 		0.68
v -24.941 		-8.96 		0.573
v -24.97 		-8.587 		0.573
v 12.499 		31.868 		27.502
v 12.976 		31.915 		27.406
v -24.882 		-8.587 		0.47
v -24.854 		-8.946 		0.47
v 13.457 		31.953 		27.332
v 13.46 		32.378 		27.578
v 19.568 		34.873 		34.661
v 15.332 		19.538 		29.575
v 19.587 		35.926 		34.578
v 15.191 		19.54 		29.566
v -24.711 		-8.924 		0.371
v -24.737 		-8.587 		0.371
v 15.048 		19.541 		29.561
v 13.458 		31.518 		27.106
v 15.212 		19.866 		29.199
v -24.882 		-9.333 		0.68
v -24.737 		-9.683 		0.68
v 12.975 		31.48 		27.18
v 15.046 		19.865 		29.194
v -24.854 		-9.324 		0.573
v 12.497 		31.432 		27.277
v 20.086 		35.487 		33.856
v -24.711 		-9.669 		0.573
v 19.842 		35.716 		34.215
v -24.77 		-9.296 		0.47
v -24.632 		-9.629 		0.47
v 15.231 		20.208 		28.848
v 19.456 		34.8465 		34.2723
v 19.4896 		34.816 		34.2233
v 9.005 		32.626 		32.12
v 8.896 		32.291 		31.846
v -24.632 		-9.252 		0.371
v 19.591 		35.808 		33.993
v 15.044 		20.208 		28.842
v 14.451 		36.838 		38.588
v 14.382 		36.83 		38.605
v 16.262 		22.553 		27.241
v 15.956 		22.57 		27.191
v 15.647 		22.582 		27.154
v 19.348 		36.013 		34.367
v 16.331 		22.991 		27.033
v 19.098 		36.094 		34.169
v 18.839 		36.171 		33.981
v -1.33 		22.116 		40.894
v -2.544 		22.33 		39.785
v 15.337 		22.587 		27.132
v 15.025 		22.586 		27.123
v 16.382 		21.688 		27.777
v -0.567 		24.214 		40.894
v 16.116 		21.708 		27.721
v -1.04 		23.199 		40.894
v 19.4063 		34.8915 		34.3446
v 19.4342 		34.8662 		34.304
v 19.338 		34.956 		34.455
v 8.9715 		32.2889 		31.744
v 15.847 		21.724 		27.676
v 8.9795 		32.3167 		31.7649
v 8.9814 		32.3236 		31.77
v 19.114 		35.139 		34.803
v 16.191 		22.125 		27.471
v 8.9883 		32.3438 		31.7864
v 9.0136 		32.4195 		31.848
v 9.0931 		32.6593 		32.0421
v 15.577 		21.734 		27.644
v 15.613 		22.152 		27.389
v 15.903 		22.141 		27.423
v 9.126 		32.7429 		32.1154
v 19.3373 		34.9538 		34.4451
v 8.801 		31.945 		31.581
v 19.3332 		34.9575 		34.4511
v 15.305 		21.739 		27.624
v 15.322 		22.157 		27.368
v 15.032 		21.738 		27.618
v 19.0943 		35.1453 		34.7872
v 15.029 		22.156 		27.36
v 19.1029 		35.1385 		34.7751
v 19.3278 		34.9618 		34.4587
v -2.198 		23.62 		39.785
v 19.0772 		35.1567 		34.8104
v 16.184 		20.9 		28.328
v 19.4372 		34.8636 		34.2997
v 19.054 		35.975 		33.586
v 18.771 		36.05 		33.402
v 16.08 		20.529 		28.631
v 15.876 		20.544 		28.588
v 8.872 		31.9311 		31.4777
v 8.8288 		31.744 		31.3473
v 8.8613 		31.8847 		31.4454
v 18.656 		35.91 		32.824
v 8.8825 		31.976 		31.5089
v 18.477 		36.12 		33.229
v 15.669 		20.556 		28.554
v 19.328 		35.894 		33.784
v 14.223 		36.64 		39.194
v 8.8825 		31.9761 		31.509
v 14.186 		36.628 		39.222
v 14.263 		36.651 		39.17
v 15.959 		20.918 		28.28
v 15.73 		20.931 		28.243
v 15.461 		20.564 		28.529
v 14.149 		36.615 		39.251
v 15.5 		20.94 		28.215
v -1.428 		21 		40.894
v 20.317 		35.237 		33.502
v -2.66 		21 		39.785
v 16.285 		21.288 		28.043
v -3.138 		23.962 		38.5
v 20.043 		35.337 		33.26
v 16.039 		21.306 		27.991
v 20.25 		35.071 		32.903
v 15.789 		21.321 		27.95
v 19.822 		35.583 		33.624
v 8.9089 		32.0693 		31.5789
v 19.755 		35.431 		33.031
v 14.114 		36.602 		39.281
v 19.547 		35.673 		33.405
v 15.54 		21.33 		27.921
v 19.456 		35.52 		32.816
v 8.721 		31.588 		31.329
v 8.657 		31.22 		31.088
v 14.303 		36.662 		39.146
v 15.27 		20.944 		28.198
v 15.251 		20.568 		28.514
v 19.26 		35.758 		33.198
v 15.041 		20.567 		28.509
v 15.039 		20.943 		28.193
v 18.963 		35.837 		33.003
v -1.33 		19.884 		40.894
v -1.04 		18.802 		40.894
v -2.544 		19.67 		39.785
v 15.287 		21.334 		27.902
v -2.198 		18.38 		39.785
v 15.036 		21.334 		27.896
v 20.005 		34.445 		33.998
v 19.793 		34.669 		34.327
v -0.567 		17.786 		40.894
v -1.634 		17.17 		39.785
v 35.451 		49.494 		27
v 35.9332 		49.152 		27
v 34.681 		50.015 		27
v 33.913 		50.478 		27
v 33.131 		50.915 		27
v 32.768 		51.0695 		27
v 41.071 		43.155 		27
v 40.96 		42.9679 		27
v 41.083 		43.505 		27
v 41.011 		43.845 		27
v 40.96 		43.9082 		27
v 14.18 		36.797 		38.675
v 37.4021 		45.056 		27
v 37.081 		45.435 		27
v 36.598 		45.968 		27
v 36.101 		46.485 		27
v 14.117 		36.783 		38.705
v 35.538 		46.949 		27
v 34.961 		47.395 		27
v 34.291 		47.867 		27
v 33.611 		48.325 		27
v 32.927 		48.737 		27
v 32.768 		48.8256 		27
v 8.7108 		31.0898 		30.927
v 8.7205 		31.1607 		30.9692
v 19.7761 		34.5268 		33.7936
v 8.7324 		31.2485 		31.0213
v 19.7771 		34.5256 		33.792
v 8.6984 		31 		30.8737
v 8.7075 		31.0657 		30.9127
v 8.7096 		31.0807 		30.9216
v 39.839 		45.298 		27
v 40.0342 		45.056 		27
v 38.611 		46.725 		27
v 38.06 		47.335 		27
v 37.491 		47.925 		27
v 36.859 		48.45 		27
v 36.211 		48.955 		27
v 19.5607 		34.7515 		34.1197
v 19.5695 		34.7424 		34.1064
v 19.7516 		34.5523 		33.8306
v 8.7327 		31.2502 		31.0224
v 14.054 		36.769 		38.737
v 13.993 		36.753 		38.773
v 38.268 		44.034 		27
v 33.34 		42.101 		27
v 39.471 		42.655 		27
v 39.715 		42.518 		27
v 39.981 		42.435 		27
v 40.329 		42.486 		27
v 40.661 		42.595 		27
v 40.893 		42.855 		27
v 32.768 		42.6131 		27
v 8.7485 		31.3371 		31.0784
v 40.761 		33.375 		27
v 41.0773 		32.768 		27
v 20.395 		33.948 		33.357
v 14.314 		36.82 		38.626
v 40.086 		34.445 		27
v 39.381 		35.495 		27
v 14.247 		36.809 		38.648
v 38.52 		36.662 		27
v 37.631 		37.805 		27
v 36.564 		38.992 		27
v 35.461 		40.145 		27
v 20.206 		34.205 		33.674
v 38.7819 		32.768 		27
v 38.385 		33.394 		27
v 37.711 		34.395 		27
v 36.899 		35.491 		27
v 36.061 		36.565 		27
v 35.047 		37.686 		27
v 34.001 		38.775 		27
v 32.768 		39.9109 		27
v 19.795 		34.5044 		33.7638
v 19.977 		34.2889 		33.4774
v 19.9802 		34.2851 		33.4724
v -3.138 		18.038 		38.5
v 32.1665 		49.152 		27
v 31.471 		49.443 		27
v 30.701 		49.735 		27
v 30.104 		49.917 		27
v 29.501 		50.075 		27
v 28.972 		50.157 		27
v 28.672 		50.1898 		27
v 32.297 		51.27 		27
v 31.451 		51.595 		27
v 30.699 		51.824 		27
v 29.941 		52.025 		27
v 29.293 		52.13 		27
v 28.672 		52.2014 		27
v 28.441 		50.215 		27
v 27.799 		50.241 		27
v 27.171 		50.215 		27
v 26.908 		50.045 		27
v 26.691 		49.815 		27
v 26.562 		49.36 		27
v 28.641 		52.205 		27
v 27.716 		52.223 		27
v 27.3729 		52.22 		27
v 27.0492 		52.2172 		27
v 8.78 		31.5105 		31.1902
v 8.7996 		31.6178 		31.2593
v 14.484 		37.16 		36.627
v 26.791 		52.215 		27
v 20.3125 		33.8112 		32.9169
v 20.3249 		33.792 		32.8954
v 26.585 		52.186 		27
v 26.391 		52.125 		27
v 25.643 		51.574 		27
v 24.981 		50.955 		27
v 24.666 		50.01 		27
v 20.2666 		33.8817 		32.9957
v 20.1721 		34.0267 		33.1579
v 24.4978 		49.152 		27
v 14.441 		37.178 		36.138
v 10.282 		32.339 		28.796
v 32.231 		49.125 		27
v 26.481 		48.885 		27
v 26.485 		48.636 		27
v 26.531 		48.395 		27
v 26.807 		48 		27
v 27.121 		47.625 		27
v 28.248 		46.517 		27
v 29.401 		45.435 		27
v 20.0239 		34.2263 		33.4007
v 20.1378 		34.0727 		33.214
v 10.327 		32.743 		29.072
v 14.399 		37.17 		35.649
v 24.621 		47.655 		27
v 24.576 		47.8989 		27
v 25.044 		47.011 		27
v 25.541 		46.405 		27
v 26.778 		45.158 		27
v 26.885 		45.056 		27
v 9.122 		32.428 		29.769
v 31.191 		44.025 		27
v 14.359 		37.139 		35.161
v 30.295 		44.729 		27
v 28.051 		43.945 		27
v 29.9796 		42.4238 		27
v 28.979 		43.213 		27
v 8.683 		31.9 		29.771
v 29.911 		42.485 		27
v 8.746 		32.309 		30.036
v 18.4753 		40.96 		27
v 18.301 		41.165 		27
v 16.534 		42.978 		27
v 16.384 		43.1242 		27
v 20.3506 		33.7523 		32.8511
v 20.3869 		33.6888 		32.7856
v 20.3966 		33.6717 		32.768
v 24.471 		49.015 		27
v 14.32 		37.151 		36.644
v 19.8 		42.491 		27
v 19.829 		42.456 		27
v 21.0934 		40.96 		27
v 19.771 		42.525 		27
v 19.7688 		42.5273 		27
v 14.157 		37.138 		36.67
v 17.965 		44.355 		27
v 13.995 		37.122 		36.702
v 16.384 		45.9239 		27
v 24.497 		48.327 		27
v 8.824 		32.704 		30.316
v 18.175 		36.184 		33.07
v 25.317 		32.768 		27
v 24.0914 		34.2921 		27
v 24.023 		34.374 		27
v 22 		36.7972 		27
v 21.6729 		37.189 		27
v 21.177 		37.783 		27
v 24.081 		34.305 		27
v 24.052 		34.34 		27
v 9.827 		31.824 		28.755
v 31.97 		40.646 		27
v 26.894 		34.012 		27
v 27.8777 		32.768 		27
v 25.631 		35.575 		27
v 22.734 		39.019 		27
v 20.881 		33.081 		32.451
v 20.732 		33.385 		32.745
v 22 		39.8874 		27
v 9.863 		32.241 		29.013
v 14.254 		37.167 		36.158
v 9.457 		32.135 		29.248
v 14.069 		37.152 		36.187
v 21.107 		34.051 		32.156
v 20.931 		34.374 		32.48
v 21.269 		33.712 		31.84
v 9.063 		32.021 		29.5
v 16.141 		46.165 		27
v 14.191 		37.158 		35.672
v 13.984 		37.141 		35.704
v 42.729 		25.184 		27
v 42.6089 		24.576 		27
v 42.811 		25.955 		27
v 20.8056 		32.8382 		31.9796
v 42.821 		27.395 		27
v 42.717 		28.219 		27
v 42.571 		29.035 		27
v 9.913 		32.646 		29.286
v 42.224 		30.138 		27
v 41.831 		31.225 		27
v 41.316 		32.31 		27
v 9.51 		32.541 		29.519
v 40.5955 		28.672 		27
v 40.3 		29.592 		27
v 39.961 		30.515 		27
v 39.513 		31.454 		27
v 39.031 		32.375 		27
v 14.129 		37.125 		35.186
v 20.794 		34.165 		31.879
v 40.0124 		24.576 		27
v 40.016 		24.578 		27
v 40.381 		24.825 		27
v 40.559 		25.019 		27
v 40.701 		25.235 		27
v 40.778 		25.71 		27
v 40.821 		26.195 		27
v 40.833 		26.761 		27
v 40.821 		27.325 		27
v 40.728 		27.993 		27
v 40.601 		28.655 		27
v 32.768 		26.9723 		27
v 33.727 		26.124 		27
v 34.751 		25.275 		27
v 35.48 		24.765 		27
v 35.8069 		24.576 		27
v 20.626 		34.485 		32.212
v 8.99 		31.173 		29.011
v 9.389 		31.289 		28.754
v 8.604 		31.051 		29.286
v 40.992 		22.85 		27
v 40.96 		22.8332 		27
v 14.283 		37.005 		34.191
v 41.721 		23.325 		27
v 21.545 		32.986 		31.241
v 21.415 		33.356 		31.535
v 42.191 		23.853 		27
v 42.581 		24.435 		27
v 9.416 		31.717 		28.992
v 14.013 		36.988 		34.221
v 21.211 		33.108 		30.946
v -2.5 		16.67 		38.5
v 14.07 		37.068 		34.702
v 9.019 		31.602 		29.247
v 21.087 		33.476 		31.246
v 14.32 		37.083 		34.675
v 8.637 		31.481 		29.52
v 20.742 		33.588 		30.972
v 14.247 		36.901 		33.713
v -2.0532 		29.435 		27
v 20.947 		33.829 		31.557
v 20.611 		33.939 		31.29
v -0.567 		27.634 		29.5
v -1.634 		26.567 		29.5
v 14.18 		36.626 		32.774
v 14.213 		36.775 		33.24
v 12.04 		32.236 		27.864
v 12.058 		32.649 		28.129
v 11.565 		31.745 		27.758
v 20.594 		32.952 		30.107
v 20.964 		32.842 		30.374
v 11.579 		32.171 		28.002
v -2.5 		25.33 		29.5
v 14.483 		36.275 		31.843
v 20.861 		33.223 		30.667
v 20.496 		33.331 		30.403
v 11.601 		32.585 		28.266
v 14.496 		36.468 		32.293
v -0.829 		28.235 		27
v -0.6368 		28.0646 		27
v 20.7642 		32.9341 		32.0642
v 11.126 		32.097 		28.161
v 14.121 		36.26 		31.865
v 37.441 		22.195 		27
v -0.868 		25.924 		28.215
v 38.151 		22.178 		27
v 38.861 		22.195 		27
v -1.634 		24.83 		28.215
v 10.682 		32.014 		28.339
v 20.6722 		33.1467 		32.2519
v 20.6675 		33.1574 		32.2613
v 14.149 		36.454 		32.315
v 10.248 		31.923 		28.538
v 20.5549 		33.3854 		32.4779
v 20.5166 		33.4623 		32.5513
v 20.522 		33.4515 		32.541
v 11.152 		32.511 		28.423
v 20.48 		33.5262 		32.6174
v 20.4829 		33.5212 		32.6122
v -0.1088 		24.576 		27
v 10.712 		32.43 		28.599
v 19.951 		35.169 		32.665
v 19.64 		35.262 		32.44
v 11.101 		31.234 		27.694
v -1.04 		28.199 		30.922
v 19.48 		35.073 		31.857
v 20.136 		34.889 		32.307
v 39.548 		22.292 		27
v 40.221 		22.445 		27
v 19.814 		34.985 		32.075
v 10.654 		31.151 		27.874
v 10.663 		31.588 		28.097
v 36.864 		24.2387 		27
v 36.927 		24.23 		27
v 37.631 		24.195 		27
v 38.196 		24.184 		27
v 38.761 		24.195 		27
v 39.201 		24.262 		27
v 39.631 		24.365 		27
v 11.109 		31.671 		27.918
v 33.541 		23.685 		27
v 32.768 		24.3247 		27
v 34.515 		23.011 		27
v 35.531 		22.425 		27
v 36.473 		22.27 		27
v 36.241 		24.325 		27
v -2.198 		27.04 		30.922
v 19.318 		35.348 		32.23
v 12.024 		31.375 		27.395
v 18.985 		35.427 		32.035
v 11.559 		31.309 		27.534
v 19.146 		35.602 		32.613
v 18.825 		35.678 		32.425
v 33.907 		13.115 		27
v 33.401 		14.245 		27
v 32.768 		15.3651 		27
v 12.028 		31.811 		27.619
v 27.666 		29.697 		27
v 26.561 		31.205 		27
v 25.325 		32.758 		27
v 28.791 		28.205 		27
v 18.642 		35.5 		31.855
v 18.495 		35.749 		32.251
v -3.138 		25.699 		30.922
v 10.215 		31.059 		28.075
v 10.227 		31.496 		28.297
v 9.801 		31.397 		28.516
v 19.136 		35.156 		31.655
v 19.275 		34.864 		31.285
v 18.909 		34.942 		31.092
v 18.533 		35.012 		30.916
v 8.554 		49.4817 		27
v 8.192 		49.6887 		27
v 9.1309 		49.152 		27
v 12.351 		49.475 		27
v 12.7333 		49.152 		27
v 10.638 		50.585 		27
v 8.871 		51.605 		27
v 29.858 		27.0624 		27
v 8.192 		51.8925 		27
v 18.78 		35.231 		31.468
v 30.019 		26.89 		27
v 30.1462 		26.7625 		27
v 31.291 		25.615 		27
v 7.859 		49.8726 		27
v 6.606 		50.397 		27
v 5.281 		50.845 		27
v 32.399 		24.63 		27
v 4.182 		50.951 		27
v 4.096 		50.9544 		27
v 32.4643 		24.576 		27
v 7.901 		49.855 		27
v 28.141 		32.435 		27
v 29.251 		30.922 		27
v 30.381 		29.425 		27
v 31.535 		28.196 		27
v 32.731 		27.005 		27
v 7.364 		52.243 		27
v 7.859 		52.0334 		27
v 5.821 		52.775 		27
v 4.518 		52.917 		27
v 4.096 		52.9388 		27
v 19.2654 		26.624 		27
v 19.251 		26.6377 		27
v 19.2504 		26.6382 		27
v 3.071 		50.995 		27
v 2.403 		51.024 		27
v 1.751 		50.995 		27
v 1.347 		50.745 		27
v 0.981 		50.425 		27
v 20.445 		34.788 		32.553
v 0.642 		49.957 		27
v 0.361 		49.455 		27
v 0.3034 		49.152 		27
v 19.983 		25.943 		27
v 19.456 		26.4431 		27
v 20.307 		34.59 		31.958
v 19.3736 		26.5214 		27
v 19.3696 		26.5251 		27
v 3.201 		52.985 		27
v 19.3498 		26.5439 		27
v 1.421 		52.995 		27
v 19.3228 		26.5695 		27
v 1.247 		52.978 		27
v 1.081 		52.935 		27
v 0.349 		52.467 		27
v 19.2675 		26.622 		27
v 12.95 		46.351 		27
v 11.131 		47.895 		27
v 9.542 		48.917 		27
v 0.185 		42.351 		27
v 0 		42.6181 		27
v 1.091 		41.195 		27
v 1.3248 		40.96 		27
v -1.33 		28.544 		32.437
v 0.237 		48.803 		27
v 0.171 		48.135 		27
v 0.163 		47.264 		27
v 0.231 		46.405 		27
v 0.623 		45.444 		27
v 1.101 		44.515 		27
v 1.847 		43.46 		27
v 2.651 		42.445 		27
v 3.714 		41.39 		27
v 20.466 		34.273 		31.619
v 4.1742 		40.96 		27
v 20.262 		34.043 		31.037
v 2.252 		40.028 		27
v -2.544 		27.33 		32.437
v 20.125 		34.374 		31.372
v 3.451 		38.895 		27
v 19.975 		34.688 		31.718
v 4.781 		37.704 		27
v 6.131 		36.535 		27
v 19.898 		34.139 		30.8
v 7.547 		35.414 		27
v 21.361 		24.645 		27
v 19.771 		34.468 		31.141
v 20.3471 		25.6 		27
v 21.439 		24.576 		27
v 8.554 		34.6422 		27
v 8.192 		34.9197 		27
v 8.981 		34.315 		27
v 11.0838 		32.768 		27
v -3.138 		23.962 		29.5
v 4.811 		40.365 		27
v 6.102 		39.21 		27
v 7.411 		38.075 		27
v 7.859 		37.7222 		27
v 8.536 		37.189 		27
v 8.554 		37.1749 		27
v 19.631 		34.779 		31.494
v 8.79 		36.989 		27
v 10.181 		35.915 		27
v 10.229 		35.879 		27
v 10.278 		35.843 		27
v -2.66 		21 		28.215
v -2.544 		22.33 		28.215
v 22.711 		26.125 		27
v 24.08 		24.91 		27
v 24.4569 		24.576 		27
v 19.405 		34.555 		30.926
v -1.428 		21 		27.106
v 19.028 		34.635 		30.729
v 12.4758 		31.744 		27
v 12.288 		31.8821 		27
v 21.335 		27.452 		27
v 13.1873 		31.2206 		27
v 13.1878 		31.2202 		27
v 13.2097 		31.2041 		27
v 13.2115 		31.2028 		27
v 13.2272 		31.1912 		27
v -1.04 		23.199 		27.106
v 19.931 		28.745 		27
v 20.0103 		28.672 		27
v 18.339 		35.977 		32.657
v 18.014 		36.038 		32.506
v -1.33 		22.116 		27.106
v -0.339 		51.945 		27
v -0.973 		51.115 		27
v -1.509 		50.225 		27
v -1.709 		49.283 		27
v -2.6548 		40.96 		27
v -1.819 		48.315 		27
v -1.838 		47.209 		27
v -1.759 		46.115 		27
v -1.26 		44.816 		27
v -0.649 		43.555 		27
v 17.81 		35.869 		31.95
v -1.2509 		20.8978 		27
v 17.682 		36.092 		32.369
v -3.577 		33.532 		27
v -2.6779 		32.768 		27
v -1.2598 		21 		27
v 17.455 		35.918 		31.823
v -0.845 		31.05 		27
v -2.239 		32.395 		27
v -0.8819 		23.1414 		27
v -0.5718 		23.807 		27
v -1.1644 		22.0868 		27
v -1.1644 		22.0869 		27
v -0.9086 		23.0422 		27
v -1.1734 		21.9846 		27
v 18.156 		35.812 		32.093
v -0.5705 		23.8098 		27
v -2.198 		23.62 		28.215
v 16.998 		36.181 		32.139
v 17.343 		36.14 		32.246
v 14.364 		35.68 		39.331
v -0.567 		24.214 		27.106
v 6.71 		30.699 		35.563
v 5 		30.848 		35.563
v 16.729 		35.997 		31.617
v -0.4213 		24.1299 		27
v -0.4213 		24.13 		27
v 18.8799 		29.5251 		27
v -0.4647 		24.0369 		27
v 6.737 		30.848 		34
v 5 		31 		34
v 17.095 		35.961 		31.712
v 14.399 		35.691 		39.305
v 3.29 		30.699 		35.563
v 18.29 		35.565 		31.69
v 17.93 		35.624 		31.541
v 3.264 		30.848 		34
v 17.562 		35.676 		31.409
v 18.416 		35.299 		31.298
v 18.8381 		29.5561 		27
v -3.138 		18.038 		29.5
v 18.8332 		29.5598 		27
v 8.234 		30.921 		29.577
v 18.148 		35.075 		30.759
v 18.043 		35.36 		31.144
v 17.662 		35.413 		31.008
v -2.5 		16.67 		29.5
v 12.627 		30.8786 		27
v 12.5036 		30.8035 		27
v 12.3923 		30.72 		27
v 12.288 		30.6418 		27
v 16.384 		31.3776 		27
v 16.4953 		31.295 		27
v 12.5 		30.985 		27.073
v 16.4984 		31.2927 		27
v 16.808 		35.757 		31.196
v 18.55 		29.77 		27
v 18.6497 		29.696 		27
v 18.432 		29.8576 		27
v -2.052 		16.441 		27
v 16.423 		35.787 		31.115
v 18.7616 		29.6129 		27
v -2.859 		17.435 		27
v 18.745 		29.6253 		27
v 18.7067 		29.6537 		27
v 16.881 		35.498 		30.785
v -2.544 		19.67 		28.215
v 18.2895 		29.9633 		27
v -2.198 		18.38 		28.215
v 8.608 		30.842 		30.86
v 8.667 		30.7297 		30.72
v 8.6803 		30.8693 		30.7962
v 17.188 		35.72 		31.294
v -1.33 		19.884 		27.106
v -1.04 		18.802 		27.106
v 17.274 		35.46 		30.887
v -0.567 		17.786 		27.106
v 14.4947 		35.6989 		39.296
v -1.1644 		19.9132 		27
v -1.1644 		19.9134 		27
v 20.015 		33.793 		30.473
v 19.632 		33.884 		30.247
v -0.8819 		18.8595 		27
v -0.882 		18.8596 		27
v -1.1378 		19.814 		27
v 8.666 		30.72 		30.7147
v -0.4213 		17.8701 		27
v -0.8386 		18.7664 		27
v 8.974 		30.735 		28.791
v -0.0013 		17.2704 		27
v -0.3624 		17.786 		27
v 19.237 		33.968 		30.04
v 18.833 		34.043 		29.851
v 19.524 		34.229 		30.58
v -1.634 		17.17 		28.215
v 19.138 		34.31 		30.378
v 29.7066 		16.384 		27
v 29.35 		16.85 		27
v 28.451 		17.945 		27
v 28.3993 		18 		27
v 27.468 		18.991 		27
v 27.465 		18.994 		27
v 26.461 		20.015 		27
v 25.282 		21.132 		27
v 24.576 		21.7858 		27
v 18.742 		34.384 		30.193
v 8.6586 		30.6423 		30.6723
v 8.6515 		30.5662 		30.6306
v 31.861 		16.855 		27
v 32.1509 		16.384 		27
v 30.9896 		18 		27
v 18.642 		34.707 		30.548
v 30.947 		18.056 		27
v 8.588 		30.612 		29.067
v 30.1799 		18.994 		27
v 29.991 		19.225 		27
v 28.958 		20.322 		27
v 27.901 		21.395 		27
v 26.682 		22.552 		27
v 25.451 		23.695 		27
v 12.027 		30.928 		27.191
v 11.561 		30.863 		27.33
v 24.1808 		22.1518 		27
v 22.725 		23.439 		27
v 20.385 		33.694 		30.714
v 8.83 		14.366 		39.785
v 20.21 		33.054 		29.856
v 11.103 		30.788 		27.49
v 20.119 		33.431 		30.157
v 9.33 		13.5 		38.5
v 9.789 		30.959 		28.295
v 9.699 		12.862 		37.078
v 9.375 		30.851 		28.534
v 11.04 		13.802 		37.078
v 19.728 		33.524 		29.928
v 10.655 		30.704 		27.671
v 19.326 		33.609 		29.717
v 10.567 		14.366 		38.5
v 10.216 		30.612 		27.872
v 9.789 		30.512 		28.092
v 19.813 		33.149 		29.623
v 9.924 		15.132 		39.785
v 19.472 		32.847 		29.116
v 12.199 		14.96 		37.078
v 19.046 		32.926 		28.918
v 18.985 		33.314 		29.213
v 19.404 		33.235 		29.409
v 11.634 		15.433 		38.5
v 7.881 		30.784 		29.885
v 18.612 		32.997 		28.738
v 18.556 		33.384 		29.036
v 18.913 		33.686 		29.524
v 14.435 		35.701 		39.282
v 18.491 		33.755 		29.35
v 17.842 		34.829 		30.24
v 24.091 		22.235 		27
v 14.4861 		35.7013 		39.2877
v 14.4936 		35.6992 		39.295
v 17.756 		35.13 		30.617
v 15.121 		32.315 		27
v 15.8903 		31.744 		27
v 14.4741 		35.7047 		39.2761
v 16.3789 		31.3814 		27
v 14.4757 		35.7042 		39.2776
v 17.432 		34.877 		30.113
v 14.463 		35.7078 		39.2653
v 14.4636 		35.7077 		39.2659
v 14.4654 		35.7072 		39.2676
v 14.4661 		35.707 		39.2683
v 16.54 		35.249 		30.302
v 16.483 		35.528 		30.702
v 16.95 		35.218 		30.388
v 13.138 		16.302 		37.078
v 17.356 		35.178 		30.494
v 31.591 		13.395 		27
v 30.923 		14.574 		27
v 30.211 		15.725 		27
v 32.655 		15.565 		27
v 10.868 		16.076 		39.785
v 17.014 		34.918 		30.005
v 16.592 		34.951 		29.915
v 14.4506 		35.7106 		39.253
v 14.3717 		35.7281 		39.1745
v 14.3652 		35.7295 		39.168
v 14.3966 		35.7225 		39.1992
v 14.4022 		35.7213 		39.2048
v 18.336 		34.451 		30.025
v 14.4205 		35.7173 		39.223
v 14.923 		31.578 		27.013
v 14.4433 		35.7122 		39.2458
v 18.246 		34.772 		30.385
v 17.922 		34.509 		29.877
v 8.214 		15.433 		40.894
v 17.501 		34.559 		29.747
v 9.132 		16.076 		40.894
v 14.905 		36.973 		38.074
v 11.428 		13.34 		34
v 18.418 		34.111 		29.679
v 18.059 		33.816 		29.195
v 17.995 		34.171 		29.528
v 14.809 		36.973 		38.072
v 17.564 		34.222 		29.395
v 11.33 		13.456 		35.563
v 14.713 		36.971 		38.073
v 17.621 		33.868 		29.06
v 14.618 		36.967 		38.079
v 14.523 		36.961 		38.09
v 17.175 		33.912 		28.944
v 16.725 		33.947 		28.849
v 12.544 		14.67 		35.563
v 17.126 		34.265 		29.282
v 14.929 		37.063 		37.592
v 12.661 		14.572 		34
v 16.685 		34.299 		29.188
v 14.3575 		35.7312 		39.1603
v 14.3453 		35.7339 		39.1482
v 14.3457 		35.7338 		39.1486
v 14.81 		37.062 		37.589
v 14.336 		35.7359 		39.1389
v 17.074 		34.601 		29.636
v 14.692 		37.06 		37.591
v 14.572 		37.055 		37.599
v 16.64 		34.634 		29.545
v 14.955 		37.129 		37.106
v 18.118 		33.445 		28.878
v 14.812 		37.129 		37.102
v 17.671 		33.498 		28.741
v 14.669 		37.125 		37.105
v 14.528 		37.12 		37.113
v 13.529 		16.076 		35.563
v 18.167 		33.06 		28.579
v 14.807 		36.381 		39.94
v 17.715 		33.114 		28.439
v 17.256 		33.158 		28.321
v 17.218 		33.543 		28.623
v 16.792 		33.194 		28.222
v 16.819 		32.796 		27.937
v 16.761 		33.578 		28.527
v 3.29 		16.302 		41.794
v 4.132 		16.076 		41.794
v 5 		16 		41.794
v 5.868 		16.076 		41.794
v 14.336 		33.2676 		38.3299
v 6.71 		16.302 		41.794
v 5 		14.572 		40.894
v 6.116 		14.67 		40.894
v 5 		13.34 		39.785
v 6.33 		13.456 		39.785
v 14.299 		35.656 		39.386
v 14.8035 		36.3806 		39.936
v 14.331 		35.668 		39.358
v 7.199 		14.96 		40.894
v 7.62 		13.802 		39.785
v 13.983 		35.725 		39.068
v 15.89 		35.747 		39.075
v 14.8056 		36.3753 		39.936
v 7.962 		12.862 		38.5
v 0.868 		16.076 		40.894
v 1.786 		15.433 		40.894
v 14.8113 		36.3825 		39.936
v 0.076 		15.132 		39.785
v 1.17 		14.366 		39.785
v 14.8097 		36.3784 		39.936
v 14.8099 		36.3789 		39.936
v 15.399 		35.721 		39.264
v 14.8099 		36.379 		39.936
v 15.473 		35.703 		39.309
v 14.8099 		36.3789 		39.936
v 14.081 		35.761 		38.985
v 2.802 		14.96 		40.894
v 14.8109 		36.3816 		39.936
v 2.38 		13.802 		39.785
v 15.573 		35.671 		39.391
v 15.436 		35.712 		39.286
v 14.1577 		35.775 		38.9613
v 14.1803 		35.77 		38.9838
v 15.507 		35.693 		39.335
v 15.541 		35.682 		39.362
v 14.1398 		35.7789 		38.9434
v 14.2593 		35.7526 		39.0624
v 14.2273 		35.7597 		39.0306
v 14.2785 		35.7484 		39.0815
v 14.2895 		35.746 		39.0926
v 14.1936 		35.7671 		38.997
v 14.811 		36.3819 		39.936
v 14.8108 		36.3812 		39.936
v 14.3183 		35.7398 		39.1213
v 14.2987 		35.744 		39.1017
v 14.133 		35.777 		38.948
v 14.1341 		35.7798 		38.9375
v 14.134 		35.7798 		38.9375
v 15.686 		35.809 		38.918
v 15.74 		35.795 		38.954
v 14.8101 		36.3793 		39.936
v 14.8099 		36.379 		39.936
v 15.843 		35.764 		39.032
v 14.1316 		35.7802 		38.935
v 15.792 		35.78 		38.992
v 14.031 		35.743 		39.025
v 14.8073 		36.3721 		39.936
v 14.8076 		36.3729 		39.936
v 14.8081 		36.3741 		39.936
v 14.1228 		35.7816 		38.926
v 15.5052 		35.8095 		38.9476
v 15.5167 		35.8123 		38.9363
v 15.4675 		35.8003 		38.9846
v 15.4486 		35.7957 		39.0031
v 15.541 		35.8182 		38.9124
v 14.809 		36.3826 		39.936
v 14.1091 		35.7837 		38.912
v 14.1142 		35.7829 		38.9172
v 14.1174 		35.7824 		38.9204
v 14.1197 		35.7821 		38.9228
v 14.1182 		35.7823 		38.9213
v 15.3676 		35.7758 		39.0826
v 15.399 		35.7835 		39.0517
v 15.4096 		35.786 		39.0413
v 15.4322 		35.7917 		39.0191
v 14.8058 		36.3826 		39.936
v 14.8045 		36.3826 		39.936
v 14.8042 		36.3825 		39.936
v 14.8481 		36.352 		39.8835
v 15.117 		35.9453 		39.424
v 15.0872 		35.8675 		39.424
v 14.8515 		36.352 		39.8798
v 14.1016 		35.7849 		38.9042
v 14.0744 		35.789 		38.8765
v 14.0271 		35.7962 		38.828
v 14.0065 		35.7994 		38.8068
v 14.0813 		35.788 		38.8835
v 13.9613 		35.8063 		38.7604
v 13.9756 		35.8041 		38.775
v 15.254 		35.574 		39.699
v 15.238 		35.579 		39.685
v 14.472 		36.059 		31.402
v 14.462 		35.822 		30.972
v 14.094 		36.043 		31.426
v 14.068 		35.806 		30.997
v 14.453 		35.565 		30.554
v 14.439 		34.989 		29.759
v 14.445 		35.286 		30.15
v 14.433 		34.673 		29.384
v 14.426 		33.987 		28.682
v 14.429 		34.338 		29.025
v 14.007 		34.971 		29.787
v 14.025 		35.269 		30.177
v 14.046 		35.548 		30.58
v 13.991 		34.655 		29.412
v 13.977 		34.32 		29.053
v 13.965 		33.968 		28.711
v 14.425 		32.838 		27.763
v 14.424 		33.236 		28.051
v 14.424 		33.619 		28.358
v 14.994 		36.55 		39.52
v 14.926 		36.559 		39.499
v 14.972 		36.554 		39.511
v 14.879 		36.562 		39.49
v 14.95 		36.556 		39.505
v 14.855 		36.562 		39.487
v 14.902 		36.56 		39.493
v 14.429 		32.002 		27.248
v 14.426 		32.426 		27.495
v 14.784 		36.389 		39.9184
v 14.271 		47.853 		27
v 14.4992 		32.768 		27
v 14.0391 		25.1271 		34.2618
v 14.2281 		24.7173 		34.2828
v 14.2932 		24.576 		34.2902
v 14.397 		21 		37.078
v 14.254 		22.632 		37.078
v 14.254 		19.368 		37.078
v 14.3696 		24.4101 		34.299
v 14.3706 		24.4067 		34.2985
v 14.4247 		24.2153 		34.2707
v 14.4471 		24.1363 		34.2593
v 14.254 		24.368 		35.563
v 14.254 		17.632 		35.563
v 14.397 		17.58 		34
v 14.3755 		22.8727 		27
v 14.4803 		22.8639 		27
v 14.365 		22.8744 		27
v 14.336 		22.8789 		27
v 14.0435 		22.925 		27
v 14.0972 		22.9162 		27
v 14.404 		22.567 		27.148
v 14.095 		22.549 		27.182
v 14.445 		22.138 		27.384
v 14.488 		21.722 		27.639
v 14.414 		20.542 		28.548
v 14.347 		20.915 		28.236
v 14.218 		21.705 		27.669
v 14.207 		20.525 		28.58
v 14.003 		20.505 		28.621
v 14.119 		20.897 		28.271
v 14.282 		21.303 		27.943
v 14.032 		21.284 		27.981
v 14.155 		22.121 		27.415
v 14.424 		18.615 		30.88
v 14.491 		18.628 		30.853
v 14.394 		18.893 		30.444
v 14.485 		18.906 		30.416
v 14.459 		19.198 		30.009
v 14.344 		19.184 		30.038
v 14.482 		19.512 		29.61
v 14.342 		19.498 		29.638
v 14.389 		19.833 		29.25
v 14.483 		20.185 		28.877
v 14.07 		19.462 		29.713
v 14.305 		18.879 		30.475
v 14.231 		19.168 		30.071
v 14.12 		19.15 		30.11
v 14.205 		19.481 		29.673
v 14.227 		19.817 		29.282
v 14.068 		19.797 		29.323
v 14.297 		20.17 		28.906
v 14.114 		20.152 		28.944
v 14.36 		18.31 		31.438
v 14.469 		18.348 		31.352
v 14.431 		18.336 		31.379
v 14.395 		18.323 		31.408
v 14.361 		18.602 		30.91
v 14.237 		18.571 		30.977
v 14.298 		18.587 		30.942
v 14.217 		18.862 		30.51
v 14.831 		36.563 		39.484
v 14.807 		36.563 		39.484
v 14.783 		36.563 		39.484
v 14.735 		36.56 		39.489
v 14.759 		36.561 		39.487
v 14.0819 		18.5082 		31.1121
v 14.0783 		18.5209 		31.0892
v 14.122 		18.536 		31.055
v 14.178 		18.554 		31.015
v 14.0651 		18.5767 		30.9976
v 14.0682 		18.5637 		31.019
v 14.711 		36.558 		39.492
v 14.687 		36.556 		39.497
v 14.664 		36.553 		39.503
v 14.641 		36.55 		39.51
v 14.597 		36.542 		39.527
v 14.62 		36.546 		39.518
v 14.0545 		18.6227 		30.923
v 14.0544 		18.6233 		30.922
v 14.131 		18.844 		30.55
v 14.048 		18.825 		30.593
v 14.011 		19.13 		30.154
v 14.515 		36.521 		39.572
v 14.535 		36.527 		39.559
v 14.575 		36.538 		39.537
v 14.554 		36.533 		39.547
v 14.0264 		18.6731 		30.8445
v 13.968 		18.804 		30.639
v 14.0985 		18.4518 		31.2151
v 14.0961 		18.4599 		31.2003
v 14.254 		17.632 		32.437
v 14.3747 		18.9055 		31.7182
v 14.254 		18.7075 		31.4984
# 6635 vertices

g group_0_1206582

usemtl color_1206582
s 0

f 694 	709 	303
f 503 	505 	303
f 423 	428 	303
f 450 	452 	303
f 477 	478 	303
f 303 	339 	329
f 330 	303 	329
f 303 	332 	339
f 398 	399 	303
f 402 	303 	399
f 303 	402 	405
f 407 	476 	303
f 477 	303 	476
f 429 	303 	428
f 331 	332 	303
f 429 	433 	303
f 423 	303 	422
f 330 	335 	303
f 335 	440 	303
f 331 	303 	433
f 440 	442 	303
f 442 	445 	303
f 454 	303 	453
f 449 	450 	303
f 303 	445 	449
f 453 	303 	452
f 653 	654 	303
f 468 	469 	303
f 468 	303 	465
f 463 	465 	303
f 469 	470 	303
f 405 	407 	303
f 398 	303 	470
f 480 	422 	303
f 480 	303 	478
f 303 	500 	484
f 454 	493 	303
f 484 	482 	303
f 483 	303 	482
f 491 	303 	490
f 483 	490 	303
f 493 	496 	303
f 496 	504 	303
f 503 	303 	504
f 497 	498 	303
f 500 	303 	498
f 506 	303 	505
f 504 	505 	503
f 507 	303 	506
f 510 	303 	507
f 497 	303 	510
f 652 	669 	303
f 676 	672 	303
f 630 	303 	625
f 648 	646 	303
f 303 	630 	648
f 669 	673 	303
f 647 	650 	303
f 650 	651 	303
f 646 	647 	303
f 652 	303 	651
f 654 	655 	303
f 657 	462 	303
f 655 	657 	303
f 463 	303 	462
f 653 	303 	672
f 676 	303 	673
f 624 	625 	303
f 491 	686 	303
f 686 	707 	303
f 689 	303 	688
f 624 	303 	689
f 707 	714 	303
f 694 	303 	714
f 709 	694 	710
f 709 	688 	303
f 694 	714 	710
# 77 faces

g group_0_6306067

usemtl color_6306067
s 0

f 852 	851 	1493
f 850 	1492 	851
f 1493 	961 	852
f 1135 	1494 	1136
f 1137 	1494 	1135
f 1148 	1494 	1137
f 1458 	1136 	1494
f 1147 	1494 	1148
f 1145 	1494 	1146
f 1140 	1494 	1145
f 1146 	1494 	1147
f 1140 	1141 	1494
f 961 	1494 	1141
f 1237 	1458 	1238
f 1250 	1458 	1239
f 1240 	1238 	1459
f 1243 	1240 	1459
f 1247 	1458 	1248
f 1245 	1458 	1247
f 1136 	1458 	1246
f 1248 	1458 	1249
f 1239 	1458 	1237
f 1459 	1238 	1458
f 1246 	1458 	1245
f 1249 	1458 	1250
f 1291 	1293 	1460
f 1286 	1459 	1285
f 1285 	1459 	1288
f 1459 	1460 	1288
f 1289 	1288 	1460
f 1293 	1289 	1460
f 1290 	1291 	1460
f 1243 	1459 	1298
f 1300 	1459 	1304
f 1302 	1459 	1303
f 1298 	1459 	1300
f 1302 	1304 	1459
f 1303 	1459 	1306
f 1306 	1459 	1286
f 1334 	1515 	1338
f 1338 	1515 	1337
f 1345 	1460 	1335
f 1290 	1460 	1341
f 1515 	1335 	1460
f 1343 	1460 	1345
f 1341 	1460 	1343
f 1341 	1343 	1342
f 1364 	1363 	1515
f 1336 	1515 	1339
f 1336 	1337 	1515
f 1363 	1340 	1515
f 1515 	1354 	1353
f 1364 	1515 	1357
f 1353 	1357 	1515
f 1340 	1339 	1515
f 1432 	1431 	1516
f 1436 	1434 	1516
f 1433 	1516 	1434
f 1435 	1516 	1433
f 1432 	1516 	1435
f 1430 	1441 	1516
f 1441 	1440 	1516
f 1430 	1516 	1431
f 1437 	1515 	1438
f 1515 	1437 	1354
f 1439 	1438 	1516
f 1515 	1516 	1438
f 1440 	1439 	1516
f 1444 	1436 	1517
f 1516 	1517 	1436
f 1445 	1444 	1517
f 1451 	1447 	1517
f 1449 	1451 	1517
f 1446 	1445 	1517
f 1447 	1446 	1517
f 1517 	1553 	1450
f 1454 	1453 	1553
f 1453 	1452 	1553
f 1452 	1450 	1553
f 1553 	1554 	1455
f 1454 	1553 	1455
f 1494 	961 	1493
f 1493 	851 	1492
f 1494 	1461 	1458
f 1458 	1462 	1459
f 1458 	1461 	1462
f 1459 	1462 	1463
f 1459 	1463 	1460
f 1461 	1473 	1462
f 1474 	1463 	1462
f 1462 	1473 	1474
f 1476 	1474 	1473
f 1476 	1574 	1474
f 1473 	1461 	1480
f 1499 	1482 	1480
f 1480 	1482 	1485
f 1482 	1490 	1485
f 1482 	1487 	1490
f 1480 	1485 	1473
f 1485 	1476 	1473
f 1492 	1496 	1493
f 1492 	1495 	1496
f 1493 	1497 	1494
f 1493 	1496 	1497
f 1497 	1461 	1494
f 1480 	1461 	1497
f 1499 	1480 	1497
f 1496 	1498 	1499
f 1498 	1501 	1499
f 1496 	1499 	1497
f 1501 	1498 	1500
f 1499 	1501 	1482
f 1511 	1502 	1500
f 1503 	1501 	1500
f 1503 	1500 	1502
f 1501 	1503 	1487
f 1505 	1487 	1503
f 1501 	1487 	1482
f 1503 	1502 	1504
f 1514 	1504 	1502
f 1503 	1504 	1505
f 1504 	1627 	1505
f 1495 	1509 	1498
f 1495 	1498 	1496
f 1509 	1500 	1498
f 1500 	1509 	1511
f 1511 	1512 	1502
f 1512 	1513 	1514
f 1512 	1514 	1502
f 1651 	1514 	1513
f 1450 	1449 	1517
f 1456 	1455 	1554
f 1334 	1335 	1515
f 1515 	1460 	1518
f 1460 	1463 	1518
f 1518 	1520 	1515
f 1463 	1532 	1518
f 1515 	1520 	1516
f 1516 	1523 	1517
f 1520 	1523 	1516
f 1520 	1540 	1523
f 1532 	1537 	1518
f 1532 	1545 	1537
f 1574 	1545 	1532
f 1520 	1518 	1537
f 1537 	1540 	1520
f 1565 	1523 	1540
f 1537 	1548 	1540
f 1545 	1548 	1537
f 1548 	1567 	1540
f 1545 	1549 	1548
f 1517 	1523 	1555
f 1523 	1565 	1555
f 1555 	1553 	1517
f 1555 	1558 	1553
f 1553 	1558 	1554
f 1555 	1566 	1558
f 1565 	1566 	1555
f 1567 	1565 	1540
f 1567 	1569 	1565
f 1565 	1569 	1566
f 1549 	1571 	1548
f 1548 	1571 	1567
f 1567 	1572 	1569
f 1571 	1572 	1567
f 1532 	1463 	1474
f 1574 	1532 	1474
f 1576 	1476 	1485
f 1485 	1490 	1576
f 1577 	1476 	1576
f 1476 	1577 	1574
f 1577 	1578 	1574
f 1574 	1578 	1545
f 1578 	1549 	1545
f 1576 	1579 	1577
f 1586 	1579 	1576
f 1577 	1579 	1580
f 1577 	1580 	1578
f 1578 	1581 	1549
f 1581 	1578 	1580
f 1581 	1605 	1549
f 1581 	1612 	1605
f 1605 	1571 	1549
f 1584 	1490 	1487
f 1487 	1505 	1584
f 1490 	1584 	1586
f 1490 	1586 	1576
f 1584 	1505 	1588
f 1584 	1588 	1589
f 1588 	1634 	1589
f 1588 	1633 	1634
f 1584 	1589 	1586
f 1579 	1586 	1590
f 1586 	1589 	1590
f 1579 	1592 	1580
f 1590 	1592 	1579
f 1589 	1594 	1590
f 1594 	1598 	1590
f 1590 	1598 	1592
f 1571 	1607 	1572
f 1571 	1605 	1607
f 1592 	1609 	1580
f 1580 	1609 	1581
f 1581 	1609 	1612
f 1612 	1616 	1605
f 1605 	1616 	1607
f 1619 	1609 	1592
f 1598 	1619 	1592
f 1619 	1620 	1609
f 1609 	1620 	1612
f 1612 	1622 	1616
f 1620 	1622 	1612
f 1594 	1663 	1598
f 1663 	1665 	1598
f 1619 	1598 	1665
f 1668 	1622 	1620
f 1626 	1504 	1514
f 1626 	1627 	1504
f 1588 	1505 	1627
f 1626 	1628 	1630
f 1626 	1630 	1627
f 1627 	1633 	1588
f 1630 	1633 	1627
f 1634 	1594 	1589
f 1630 	1628 	1635
f 1628 	1659 	1635
f 1630 	1635 	1638
f 1633 	1630 	1638
f 1640 	1634 	1633
f 1633 	1638 	1640
f 1634 	1640 	1662
f 1634 	1662 	1594
f 1663 	1594 	1662
f 1635 	1659 	1703
f 1638 	1708 	1640
f 1513 	1649 	1651
f 1626 	1514 	1651
f 1649 	1653 	1654
f 1649 	1654 	1651
f 1651 	1628 	1626
f 1651 	1654 	1628
f 1653 	1656 	1654
f 1653 	1655 	1656
f 1654 	1656 	1659
f 1702 	1659 	1656
f 1654 	1659 	1628
f 1699 	1656 	1655
f 1702 	1656 	1699
f 1619 	1667 	1620
f 1619 	1665 	1667
f 1667 	1668 	1620
f 1640 	1671 	1662
f 1672 	1663 	1662
f 1663 	1674 	1665
f 1665 	1690 	1667
f 1708 	1638 	1705
f 1671 	1640 	1708
f 1671 	1672 	1662
f 1674 	1663 	1672
f 1674 	1690 	1665
f 1667 	1694 	1668
f 1667 	1690 	1694
f 1671 	1713 	1672
f 1713 	1674 	1672
f 1699 	1655 	1698
f 1713 	1699 	1698
f 1703 	1659 	1702
f 1635 	1703 	1705
f 1635 	1705 	1638
f 1713 	1702 	1699
f 1713 	1703 	1702
f 1713 	1705 	1703
f 1713 	1708 	1705
f 1713 	1671 	1708
f 1713 	1690 	1674
f 1713 	1694 	1690
f 1572 	2232 	1569
f 2291 	1622 	2347
f 1511 	1509 	3952
f 3952 	1512 	1511
f 1512 	3958 	1513
f 1513 	3958 	1649
f 2232 	1572 	1607
f 2291 	2269 	1622
f 3956 	3958 	1512
f 1668 	2347 	1622
f 1668 	1694 	2347
f 2223 	1558 	2227
f 2229 	2227 	1569
f 3879 	3952 	1509
f 3956 	1512 	3952
f 1653 	1649 	4131
f 4131 	1655 	1653
f 1509 	1495 	3879
f 4131 	4133 	1655
f 1566 	1569 	2227
f 1569 	2232 	2229
f 2232 	1607 	2263
f 2263 	1607 	2269
f 1616 	2269 	1607
f 1616 	1622 	2269
f 1753 	2220 	1751
f 2222 	1833 	2221
f 1754 	2221 	1833
f 1833 	2222 	1899
f 2246 	1919 	2222
f 1900 	2222 	1901
f 1899 	2222 	1900
f 1901 	2222 	1904
f 1904 	2222 	1906
f 1918 	2222 	1919
f 1906 	2222 	1916
f 1916 	2222 	1918
f 1952 	1951 	2246
f 1919 	2246 	1951
f 1952 	2246 	1953
f 1953 	2246 	1954
f 1955 	1954 	2246
f 1956 	2246 	1957
f 1956 	1955 	2246
f 1958 	2246 	1959
f 1957 	2246 	1958
f 1959 	2247 	1967
f 1967 	2247 	2150
f 2150 	2247 	2152
f 2152 	2247 	2153
f 2154 	2153 	2247
f 2156 	2247 	2157
f 2154 	2247 	2156
f 2158 	2247 	2159
f 2157 	2247 	2158
f 2159 	2247 	2161
f 2247 	2307 	2161
f 2162 	2161 	2307
f 2171 	2167 	2307
f 2167 	2162 	2307
f 2192 	2191 	2309
f 2168 	2307 	2183
f 2183 	2307 	2184
f 2184 	2307 	2188
f 2188 	2307 	2186
f 2189 	2307 	2190
f 2186 	2307 	2189
f 2190 	2309 	2191
f 2202 	2200 	2309
f 2309 	2196 	2195
f 2195 	2198 	2309
f 2205 	2203 	2309
f 2205 	2309 	2198
f 2192 	2309 	2201
f 2200 	2201 	2309
f 2202 	2309 	2203
f 2902 	2887 	2961
f 2212 	2309 	2214
f 2309 	2961 	2214
f 2309 	2212 	2196
f 1558 	2223 	1554
f 2220 	1554 	2223
f 1566 	2227 	1558
f 6 	2402 	1713
f 1754 	1751 	2221
f 2247 	1959 	2246
f 2168 	2169 	2307
f 2169 	2171 	2307
f 2309 	2190 	2307
f 2221 	1751 	2220
f 2220 	2224 	2221
f 2223 	2224 	2220
f 2221 	2225 	2222
f 2224 	2225 	2221
f 2225 	2249 	2222
f 2223 	2228 	2224
f 2255 	2249 	2225
f 2227 	2228 	2223
f 2237 	2224 	2228
f 2227 	2230 	2228
f 2229 	2230 	2227
f 2232 	2233 	2229
f 2233 	2230 	2229
f 2232 	2264 	2233
f 2224 	2237 	2225
f 2237 	2255 	2225
f 2230 	2240 	2228
f 2228 	2240 	2237
f 2240 	2230 	2244
f 2233 	2244 	2230
f 2279 	2244 	2233
f 2279 	2280 	2244
f 2249 	2246 	2222
f 2246 	2251 	2247
f 2249 	2251 	2246
f 2247 	2251 	2310
f 2249 	2256 	2251
f 2255 	2256 	2249
f 2240 	2259 	2237
f 2259 	2255 	2237
f 2264 	2232 	2263
f 2263 	2270 	2264
f 2269 	2270 	2263
f 2270 	2272 	2264
f 2269 	2293 	2270
f 2244 	2276 	2240
f 2240 	2276 	2259
f 2259 	2276 	2325
f 2264 	2279 	2233
f 2276 	2244 	2280
f 2272 	2279 	2264
f 2285 	2280 	2279
f 2272 	2285 	2279
f 2280 	2285 	2287
f 2285 	2300 	2287
f 2210 	2292 	1132
f 2291 	2293 	2269
f 2294 	2298 	1132
f 2292 	2294 	1132
f 2295 	2272 	2270
f 2294 	2292 	2210
f 2270 	2293 	2295
f 2272 	2295 	2297
f 2285 	2272 	2297
f 2294 	2210 	2298
f 2297 	2300 	2285
f 2298 	2210 	2303
f 2300 	2431 	2287
f 2298 	2303 	1132
f 2303 	2306 	1132
f 2297 	2295 	2350
f 2306 	2308 	1132
f 2303 	2210 	2306
f 2529 	2306 	2210
f 2247 	2310 	2307
f 2307 	2313 	2309
f 2314 	2315 	1132
f 2308 	2314 	1132
f 2310 	2313 	2307
f 2308 	2306 	2529
f 2317 	2310 	2251
f 2314 	2308 	2529
f 2316 	2381 	1132
f 2315 	2316 	1132
f 2318 	2313 	2310
f 2251 	2256 	2317
f 2317 	2318 	2310
f 2323 	2340 	2317
f 2321 	2255 	2259
f 2321 	2256 	2255
f 2256 	2321 	2323
f 2256 	2323 	2317
f 2318 	2317 	2340
f 2321 	2259 	2325
f 2321 	2328 	2323
f 2325 	2328 	2321
f 2329 	2325 	2276
f 2276 	2280 	2329
f 2329 	2333 	2325
f 2325 	2333 	2328
f 2329 	2280 	2287
f 2287 	2336 	2329
f 2329 	2336 	2333
f 2334 	2328 	2333
f 2333 	2337 	2334
f 2336 	2337 	2333
f 2336 	2287 	2431
f 2318 	2963 	2313
f 2318 	2340 	2341
f 2344 	2323 	2328
f 2328 	2334 	2344
f 2323 	2344 	2340
f 2344 	2346 	2340
f 2340 	2346 	2341
f 2568 	2344 	2334
f 2344 	2568 	2346
f 2348 	2293 	2291
f 2347 	2348 	2291
f 2293 	2348 	2349
f 2293 	2349 	2295
f 2349 	2350 	2295
f 2316 	2315 	2529
f 2315 	2314 	2529
f 2381 	2384 	1132
f 2386 	2384 	2529
f 2384 	2381 	2529
f 2381 	2316 	2529
f 2384 	2386 	1132
f 2482 	2450 	2529
f 2450 	2447 	2529
f 2447 	2444 	2529
f 2444 	2442 	2529
f 2442 	2396 	2529
f 2396 	2395 	2529
f 2395 	2393 	2529
f 2393 	2386 	2529
f 1132 	2386 	2393
f 2393 	2395 	1132
f 2395 	2396 	1132
f 2396 	2442 	1132
f 2347 	1694 	2402
f 2402 	2404 	2347
f 2347 	2404 	2348
f 2350 	2349 	2410
f 6 	2404 	2402
f 2348 	2408 	2349
f 2348 	2404 	2408
f 2408 	2410 	2349
f 2350 	2410 	2416
f 2350 	2416 	2352
f 2416 	2464 	2352
f 1694 	1713 	2402
f 6 	2408 	2404
f 2336 	2431 	2436
f 2431 	2438 	2436
f 2436 	2337 	2336
f 2297 	2350 	2352
f 2297 	2352 	2300
f 2437 	2431 	2300
f 2352 	2437 	2300
f 2437 	2438 	2431
f 2438 	2439 	2436
f 2444 	2447 	1132
f 2442 	2444 	1132
f 2447 	2450 	1132
f 2450 	2482 	1132
f 2465 	2438 	2437
f 2464 	2465 	2437
f 2437 	2352 	2464
f 2465 	2466 	2438
f 6 	2410 	2408
f 6 	2416 	2410
f 6 	2464 	2416
f 6 	2465 	2464
f 6 	2466 	2465
f 6 	2469 	2466
f 6 	2471 	2469
f 1132 	2482 	1534
f 1534 	2482 	2529
f 6 	2472 	2471
f 2501 	2472 	2503
f 2471 	2472 	2501
f 2466 	2439 	2438
f 2439 	2466 	2469
f 2439 	2469 	2499
f 2469 	2471 	2499
f 2499 	2471 	2501
f 2513 	2568 	2334
f 2334 	2337 	2513
f 2436 	2546 	2337
f 2513 	2337 	2546
f 2513 	2548 	2516
f 2546 	2548 	2513
f 2436 	2439 	2546
f 2439 	2499 	2546
f 2546 	2499 	2548
f 2499 	2501 	2548
f 2559 	2341 	2346
f 2571 	2559 	2346
f 2571 	2346 	2568
f 2571 	2603 	2559
f 2513 	2516 	2568
f 2516 	2571 	2568
f 2571 	2608 	2603
f 2516 	2608 	2571
f 2559 	2603 	2561
f 2605 	2599 	2561
f 2561 	2603 	2605
f 2608 	2609 	2603
f 2603 	2609 	2605
f 2548 	2611 	2516
f 2608 	2516 	2611
f 2608 	2616 	2609
f 2608 	2611 	2616
f 2548 	2501 	2611
f 2501 	2503 	2611
f 2611 	2503 	2616
f 2919 	850 	147
f 2887 	2884 	2961
f 2215 	2214 	2961
f 1492 	850 	2919
f 2215 	2961 	2884
f 2911 	2908 	2961
f 2902 	2961 	2903
f 2906 	2961 	2907
f 2903 	2961 	2906
f 2909 	2961 	2908
f 2910 	2961 	2909
f 2907 	2961 	2910
f 2920 	2911 	2967
f 2921 	2920 	2967
f 2931 	2930 	2967
f 2961 	2967 	2911
f 2928 	2921 	2967
f 2926 	2931 	2967
f 2926 	2967 	2927
f 2933 	2927 	2967
f 2944 	2933 	2968
f 2944 	2968 	2953
f 2968 	2210 	2953
f 2930 	2928 	2967
f 2933 	2967 	2968
f 1132 	2953 	2210
f 2309 	2313 	2962
f 2962 	2961 	2309
f 2318 	2341 	2963
f 2313 	2963 	2962
f 2341 	2984 	2963
f 2961 	2971 	2967
f 2962 	2971 	2961
f 2971 	2972 	2967
f 2971 	2981 	2972
f 2967 	2972 	2968
f 2972 	2978 	2968
f 2968 	2978 	2210
f 2978 	5560 	2210
f 2972 	2983 	2978
f 2981 	2983 	2972
f 2983 	5560 	2978
f 2963 	2980 	2962
f 2962 	2980 	2971
f 2980 	2981 	2971
f 2963 	2984 	2980
f 2980 	2986 	2981
f 2984 	2986 	2980
f 2986 	2988 	2981
f 2981 	2988 	2983
f 2341 	2559 	2984
f 2559 	2561 	2984
f 2984 	2561 	2986
f 2986 	2599 	2988
f 2561 	2599 	2986
f 2983 	5563 	5560
f 5020 	2609 	2616
f 2503 	2472 	4921
f 4924 	4921 	2472
f 4924 	2472 	6
f 5572 	2988 	2599
f 2919 	3877 	1492
f 1495 	1492 	3877
f 1698 	4163 	1713
f 3179 	4422 	3180
f 3181 	4423 	3369
f 4358 	3370 	4423
f 3472 	3471 	4358
f 3480 	4358 	3479
f 3494 	4358 	3480
f 3479 	4358 	3482
f 3482 	4358 	3471
f 3492 	3490 	4358
f 3492 	4358 	3493
f 3370 	4358 	3490
f 3493 	4358 	3494
f 3612 	4359 	3613
f 3472 	4359 	3611
f 3613 	4359 	3616
f 3611 	4359 	3612
f 3617 	4359 	3618
f 3616 	4359 	3617
f 3619 	4359 	3620
f 3618 	4359 	3619
f 3705 	4360 	3706
f 3700 	4360 	3705
f 3710 	3709 	4121
f 3707 	4121 	3708
f 3706 	4360 	3707
f 3711 	4121 	3709
f 3708 	4121 	3711
f 3701 	4360 	3700
f 3703 	4360 	3701
f 3720 	4360 	3715
f 3715 	4360 	3703
f 3719 	4360 	3720
f 3718 	4360 	3719
f 4121 	3707 	4360
f 3624 	4360 	3718
f 3801 	4121 	3800
f 3800 	4121 	3803
f 3809 	3806 	4025
f 3803 	4121 	3805
f 3806 	3807 	4025
f 3799 	3798 	4025
f 3802 	4121 	3801
f 3808 	4025 	3807
f 3808 	3805 	4025
f 3809 	4025 	3811
f 3811 	4025 	3812
f 3812 	4025 	3798
f 3815 	3817 	4121
f 3815 	4121 	3802
f 3710 	4121 	3817
f 3829 	4026 	3828
f 3830 	3827 	4026
f 3835 	3833 	4026
f 3838 	4026 	3840
f 3829 	3840 	4026
f 3831 	4026 	3833
f 3837 	3836 	4026
f 3836 	3835 	4026
f 3827 	3828 	4026
f 3838 	3837 	4026
f 3842 	4025 	3843
f 3843 	4025 	3832
f 3832 	4025 	3831
f 3799 	4025 	3842
f 4026 	3831 	4025
f 3859 	3830 	4027
f 3860 	3859 	4027
f 4026 	4027 	3830
f 3862 	3861 	4027
f 3861 	3860 	4027
f 3857 	3856 	4027
f 3862 	4027 	3856
f 4027 	3875 	3857
f 3867 	3857 	3875
f 3868 	3867 	3875
f 3875 	2919 	3870
f 3875 	3870 	3868
f 4025 	3805 	4121
f 147 	3870 	2919
f 3876 	3875 	4027
f 3875 	3876 	3877
f 3877 	2919 	3875
f 3879 	3877 	3876
f 3879 	1495 	3877
f 3961 	3952 	3879
f 3879 	3876 	3961
f 3963 	3961 	4077
f 4077 	4079 	3963
f 3961 	3963 	3952
f 3963 	3956 	3952
f 3971 	3963 	4079
f 3956 	3963 	3971
f 3968 	3996 	3999
f 3968 	3999 	3971
f 3971 	3958 	3956
f 3971 	3999 	3958
f 3999 	3996 	4139
f 4025 	4028 	4029
f 4025 	4029 	4026
f 4026 	4041 	4027
f 4029 	4041 	4026
f 3876 	4027 	4041
f 4029 	4077 	4041
f 4041 	3961 	3876
f 4041 	4077 	3961
f 4077 	4029 	4076
f 4076 	4079 	4077
f 4076 	4078 	4079
f 3968 	4079 	4078
f 3968 	4078 	4080
f 4079 	3968 	3971
f 4080 	3996 	3968
f 4080 	4082 	3996
f 4082 	4200 	4206
f 4082 	4206 	4137
f 4028 	4088 	4076
f 4088 	4078 	4076
f 4029 	4028 	4076
f 4085 	4092 	4088
f 4085 	4090 	4092
f 4078 	4088 	4092
f 4113 	4092 	4090
f 4092 	4113 	4080
f 4092 	4080 	4078
f 4113 	4082 	4080
f 4121 	4028 	4025
f 4121 	4123 	4028
f 4085 	4123 	4366
f 4123 	4085 	4088
f 4123 	4088 	4028
f 3181 	3180 	4423
f 3369 	4423 	3370
f 4359 	3472 	4358
f 4360 	3620 	4359
f 3624 	3620 	4360
f 3999 	4139 	4130
f 3999 	4130 	3958
f 1649 	3958 	4130
f 4139 	4131 	4130
f 1649 	4130 	4131
f 4163 	4133 	4132
f 4132 	4162 	4163
f 1698 	1655 	4133
f 3996 	4082 	4137
f 3996 	4137 	4139
f 4137 	4141 	4142
f 4137 	4142 	4139
f 4139 	4142 	4131
f 4149 	4141 	4140
f 4132 	4133 	4142
f 4142 	4133 	4131
f 4140 	4148 	4149
f 4141 	4132 	4142
f 4141 	4149 	4132
f 4181 	4148 	4146
f 4148 	4161 	4149
f 4149 	4161 	4162
f 4149 	4162 	4132
f 4163 	1698 	4133
f 7 	4173 	4174
f 7 	4180 	4179
f 7 	4162 	4161
f 7 	4163 	4162
f 7 	1713 	4163
f 4178 	4175 	7
f 7 	4179 	4178
f 4181 	4146 	4180
f 4161 	4148 	4181
f 7 	4174 	4194
f 4175 	4173 	7
f 4181 	4180 	7
f 7 	4161 	4181
f 4173 	4307 	4174
f 4340 	4178 	4191
f 4191 	4178 	4179
f 4179 	4145 	4191
f 4145 	4180 	4146
f 4180 	4145 	4179
f 4282 	4200 	4113
f 4200 	4082 	4113
f 4203 	4206 	4200
f 4141 	4137 	4206
f 4217 	4140 	4203
f 4203 	4140 	4206
f 4140 	4141 	4206
f 4201 	4297 	4214
f 4212 	4214 	4297
f 4201 	4214 	4217
f 4201 	4217 	4203
f 4340 	4191 	4210
f 4214 	4212 	4145
f 4191 	4145 	4212
f 4146 	4214 	4145
f 4214 	4146 	4217
f 4217 	4148 	4140
f 4217 	4146 	4148
f 4113 	4090 	4282
f 4284 	4281 	4387
f 4281 	4284 	4286
f 4281 	4286 	4282
f 4200 	4282 	4286
f 4284 	4201 	4286
f 4286 	4203 	4200
f 4286 	4201 	4203
f 4291 	4296 	4292
f 4284 	4387 	4292
f 4291 	4354 	4296
f 4292 	4296 	4297
f 4292 	4297 	4284
f 4201 	4284 	4297
f 4296 	4212 	4297
f 4296 	4210 	4212
f 4350 	4299 	4300
f 4299 	4307 	4300
f 4306 	4307 	4299
f 4300 	4307 	4339
f 4300 	4339 	4302
f 4302 	4340 	4210
f 4302 	4339 	4340
f 4212 	4210 	4191
f 4306 	4194 	4174
f 4306 	4174 	4307
f 4307 	4173 	4339
f 4339 	4175 	4340
f 4339 	4173 	4175
f 4175 	4178 	4340
f 4300 	4351 	4350
f 4351 	4302 	4354
f 4351 	4300 	4302
f 4354 	4302 	4210
f 4210 	4296 	4354
f 4423 	3180 	4422
f 4358 	4361 	4362
f 4361 	4374 	4362
f 4361 	4371 	4374
f 4358 	4362 	4359
f 4366 	4360 	4359
f 4366 	4359 	4362
f 4360 	4366 	4123
f 4360 	4123 	4121
f 4362 	4375 	4366
f 4362 	4374 	4375
f 4375 	4085 	4366
f 4431 	4377 	4371
f 4371 	4377 	4380
f 4371 	4380 	4374
f 4374 	4380 	4382
f 4374 	4382 	4375
f 4375 	4382 	4090
f 4375 	4090 	4085
f 4377 	4385 	4387
f 4385 	4292 	4387
f 4380 	4377 	4387
f 4281 	4382 	4380
f 4380 	4387 	4281
f 4282 	4090 	4382
f 4382 	4281 	4282
f 4440 	4291 	4385
f 4292 	4385 	4291
f 4422 	4426 	4423
f 4422 	4425 	4426
f 4423 	4361 	4358
f 4423 	4426 	4361
f 4426 	4371 	4361
f 4425 	4430 	4431
f 4425 	4431 	4426
f 4426 	4431 	4371
f 4430 	4435 	4431
f 4433 	4435 	4430
f 4435 	4377 	4431
f 4439 	4440 	4433
f 4440 	4435 	4433
f 4435 	4385 	4377
f 4435 	4440 	4385
f 4439 	4452 	4454
f 4452 	4351 	4454
f 4439 	4454 	4440
f 4454 	4291 	4440
f 4351 	4452 	4350
f 4454 	4351 	4354
f 4454 	4354 	4291
f 4422 	5208 	4425
f 5212 	4430 	4425
f 5055 	5088 	4299
f 5088 	4991 	4306
f 4194 	4991 	7
f 5212 	4425 	5208
f 4194 	4306 	4991
f 9 	7 	4991
f 4350 	5151 	4299
f 4306 	4299 	5088
f 4350 	4452 	5284
f 2210 	5560 	2529
f 5572 	2599 	5014
f 2605 	5015 	2599
f 2605 	2609 	5019
f 2609 	5020 	5019
f 2616 	2503 	4921
f 6 	9 	4924
f 4482 	5577 	4483
f 4487 	4485 	5152
f 4485 	4483 	5152
f 4632 	5152 	4633
f 4626 	4625 	5152
f 4487 	5152 	4625
f 5300 	4633 	5152
f 4627 	5152 	4628
f 4628 	5152 	4630
f 4626 	5152 	4629
f 4627 	4629 	5152
f 4630 	5152 	4632
f 4669 	4670 	5300
f 4670 	4672 	5300
f 4634 	5300 	4643
f 4672 	4643 	5300
f 4643 	4672 	4644
f 4739 	4738 	5301
f 4743 	5301 	4741
f 4742 	4741 	5301
f 4739 	5301 	4747
f 4748 	5301 	4743
f 4748 	4747 	5301
f 4788 	4787 	5300
f 4788 	5300 	4790
f 4797 	4792 	5301
f 4793 	4794 	5301
f 4669 	5300 	4785
f 4785 	5300 	4786
f 4787 	4786 	5300
f 4794 	4790 	5301
f 5300 	5301 	4790
f 4792 	4793 	5301
f 4829 	4831 	5302
f 4822 	4821 	5301
f 4742 	5301 	4821
f 4824 	4823 	5302
f 4823 	4822 	5302
f 5301 	5302 	4822
f 4827 	4825 	5302
f 4825 	4824 	5302
f 4829 	5302 	4830
f 4831 	4828 	5302
f 4828 	4827 	5302
f 4843 	4846 	5204
f 4845 	5204 	4846
f 4844 	4843 	5204
f 4832 	5204 	4847
f 4850 	4849 	5204
f 4849 	4847 	5204
f 4845 	4851 	5204
f 4850 	5204 	4851
f 4888 	4844 	5205
f 5204 	5205 	4844
f 5208 	4891 	5205
f 2755 	4891 	5208
f 4888 	5205 	4891
f 5223 	4433 	5218
f 5227 	5284 	4439
f 4452 	4439 	5284
f 4633 	5300 	4634
f 4738 	4797 	5301
f 4832 	4830 	5302
f 5204 	4832 	5302
f 5218 	4430 	5212
f 4921 	4924 	4925
f 4921 	4925 	4920
f 4925 	4927 	4920
f 4924 	9 	4925
f 9 	4927 	4925
f 9 	4949 	4947
f 9 	4991 	4949
f 9 	4931 	4927
f 9 	4932 	4931
f 4936 	4932 	9
f 4936 	9 	4938
f 9 	4940 	4938
f 4940 	9 	4947
f 4938 	4953 	4999
f 4938 	4999 	4936
f 4938 	4940 	4953
f 4920 	4993 	5050
f 4994 	4932 	4996
f 4920 	4927 	4993
f 4931 	4994 	4993
f 4927 	4931 	4993
f 4931 	4932 	4994
f 4932 	4936 	4996
f 4996 	4936 	4999
f 2605 	5019 	5015
f 5014 	2599 	5015
f 5020 	4921 	4920
f 5020 	2616 	4921
f 5015 	5027 	5014
f 5014 	5027 	5025
f 5025 	5028 	5026
f 5027 	5028 	5025
f 5015 	5031 	5027
f 5015 	5019 	5031
f 5031 	5032 	5027
f 5032 	5028 	5027
f 5020 	5050 	5019
f 5031 	5019 	5050
f 5031 	5051 	5032
f 5050 	5051 	5031
f 5051 	5052 	5032
f 5050 	5020 	4920
f 4993 	5051 	5050
f 5051 	4994 	5052
f 4993 	4994 	5051
f 4994 	4996 	5052
f 5055 	4299 	5151
f 5053 	5086 	5054
f 5053 	5057 	5086
f 5054 	5086 	5088
f 5054 	5088 	5055
f 5056 	4953 	4940
f 5056 	4940 	4947
f 5056 	4947 	5057
f 5057 	4947 	4949
f 5057 	4949 	5086
f 5086 	4991 	5088
f 5086 	4949 	4991
f 5100 	5172 	5052
f 4953 	5105 	5101
f 5052 	4996 	5100
f 4999 	5101 	5100
f 4996 	4999 	5100
f 4999 	4953 	5101
f 5108 	5105 	5056
f 4953 	5056 	5105
f 5056 	5057 	5108
f 5108 	5057 	5053
f 5147 	5148 	5144
f 5147 	5053 	5148
f 5144 	5148 	5145
f 5145 	5150 	5280
f 5150 	5145 	5148
f 5151 	4350 	5284
f 5105 	5108 	5146
f 5146 	5108 	5147
f 5108 	5053 	5147
f 5053 	5054 	5148
f 5150 	5148 	5054
f 5055 	5151 	5150
f 5054 	5055 	5150
f 5153 	5303 	5152
f 5152 	5303 	5300
f 5026 	5162 	5592
f 5162 	5190 	5158
f 5026 	5028 	5169
f 5169 	5162 	5026
f 5162 	5171 	5190
f 5169 	5171 	5162
f 5172 	5169 	5028
f 5028 	5032 	5172
f 5172 	5173 	5169
f 5169 	5173 	5171
f 5173 	5176 	5171
f 5032 	5052 	5172
f 5173 	5172 	5100
f 5176 	5173 	5101
f 5100 	5101 	5173
f 5101 	5105 	5176
f 5176 	5105 	5146
f 5153 	5583 	5180
f 5182 	5153 	5180
f 5184 	5187 	5180
f 5180 	5187 	5182
f 5190 	5184 	5158
f 5184 	5192 	5187
f 5190 	5192 	5184
f 5192 	5194 	5187
f 5171 	5196 	5190
f 5171 	5176 	5196
f 5196 	5192 	5190
f 5192 	5198 	5194
f 5196 	5198 	5192
f 5198 	5144 	5194
f 5198 	5147 	5144
f 5196 	5146 	5198
f 5176 	5146 	5196
f 5146 	5147 	5198
f 5302 	5209 	5204
f 5204 	5209 	5211
f 5204 	5211 	5205
f 5205 	5211 	5212
f 5205 	5212 	5208
f 5211 	5218 	5212
f 5211 	5209 	5217
f 5218 	5211 	5217
f 5217 	5285 	5221
f 5221 	5223 	5217
f 5221 	5227 	5223
f 5217 	5223 	5218
f 4430 	5218 	4433
f 5224 	5227 	5221
f 5223 	5227 	4433
f 4439 	4433 	5227
f 5224 	5284 	5227
f 5280 	5284 	5224
f 5150 	5151 	5280
f 5280 	5151 	5284
f 5307 	5285 	5209
f 5285 	5217 	5209
f 5286 	5221 	5285
f 5286 	5313 	5291
f 5291 	5313 	5287
f 5291 	5224 	5286
f 5286 	5224 	5221
f 5144 	5287 	5194
f 5145 	5291 	5287
f 5144 	5145 	5287
f 5145 	5280 	5291
f 5291 	5280 	5224
f 5300 	5306 	5301
f 5303 	5306 	5300
f 5301 	5306 	5307
f 5301 	5307 	5302
f 5209 	5302 	5307
f 5153 	5182 	5303
f 5308 	5303 	5182
f 5308 	5306 	5303
f 5306 	5308 	5310
f 5312 	5308 	5182
f 5308 	5313 	5310
f 5312 	5313 	5308
f 5306 	5310 	5307
f 5310 	5285 	5307
f 5182 	5187 	5312
f 5310 	5286 	5285
f 5286 	5310 	5313
f 5187 	5194 	5312
f 5287 	5312 	5194
f 5312 	5287 	5313
f 1753 	1456 	2220
f 1456 	1554 	2220
f 2529 	5324 	1534
f 5325 	5558 	5421
f 5508 	5505 	5576
f 5430 	5576 	5505
f 5507 	5576 	5509
f 5506 	5576 	5507
f 5508 	5576 	5506
f 5510 	5576 	5511
f 5509 	5576 	5510
f 5544 	5543 	5577
f 5543 	5542 	5577
f 5511 	5577 	5542
f 5550 	5577 	5551
f 4484 	5577 	4482
f 5544 	5577 	5546
f 5546 	5577 	5547
f 5547 	5577 	5550
f 5551 	5577 	4484
f 5152 	4483 	5577
f 2529 	5558 	5324
f 5421 	5558 	5430
f 5577 	5511 	5576
f 5325 	5324 	5558
f 5576 	5430 	5558
f 2529 	5559 	5558
f 2529 	5560 	5559
f 5560 	5563 	5564
f 5560 	5564 	5559
f 5564 	5563 	5571
f 5563 	5572 	5571
f 2983 	5572 	5563
f 2988 	5572 	2983
f 5572 	5014 	5025
f 5571 	5572 	5025
f 5025 	5026 	5571
f 5576 	5558 	5580
f 5559 	5580 	5558
f 5580 	5583 	5576
f 5580 	5586 	5583
f 5576 	5583 	5577
f 5577 	5153 	5152
f 5153 	5577 	5583
f 5564 	5585 	5559
f 5559 	5585 	5580
f 5585 	5586 	5580
f 5180 	5583 	5586
f 5571 	5592 	5564
f 5571 	5026 	5592
f 5592 	5585 	5564
f 5158 	5585 	5592
f 5158 	5586 	5585
f 5158 	5184 	5586
f 5586 	5184 	5180
f 5592 	5162 	5158
f 5208 	4422 	3179
f 5208 	3179 	2755
f 1713 	7 	9
f 1713 	9 	6
# 1231 faces

g group_0_16089887

usemtl color_16089887
s 0

f 17 	19 	2966
f 47 	48 	10
f 20 	21 	11
f 13 	49 	14
f 50 	51 	14
f 3172 	21 	20
f 233 	22 	144
f 235 	23 	22
f 18 	45 	10
f 1 	41 	2
f 42 	43 	2
f 40 	5 	44
f 50 	14 	49
f 33 	32 	3011
f 43 	44 	3
f 33 	3095 	38
f 3011 	3095 	33
f 15 	14 	51
f 15 	51 	16
f 47 	10 	45
f 12 	10 	48
f 49 	13 	48
f 3 	2 	43
f 4 	3 	44
f 32 	39 	3011
f 54 	39 	32
f 42 	2 	41
f 4 	44 	5
f 45 	1464 	47
f 3321 	67 	68
f 3321 	68 	46
f 52 	41 	16
f 12 	48 	13
f 52 	16 	51
f 1 	16 	41
f 54 	3112 	39
f 36 	6202 	37
f 35 	6208 	34
f 6208 	6201 	34
f 6425 	30 	31
f 60 	20 	58
f 59 	61 	2479
f 58 	3178 	60
f 62 	63 	4262
f 3172 	20 	60
f 67 	4262 	64
f 63 	64 	4262
f 65 	3304 	69
f 75 	4261 	73
f 79 	4262 	76
f 5891 	70 	65
f 79 	80 	4262
f 4262 	67 	3321
f 65 	70 	3304
f 74 	86 	77
f 62 	4262 	80
f 5891 	78 	81
f 81 	70 	5891
f 86 	74 	83
f 5943 	84 	87
f 83 	160 	166
f 166 	86 	83
f 3378 	78 	87
f 77 	86 	89
f 89 	82 	77
f 90 	3452 	91
f 91 	93 	88
f 91 	3453 	93
f 97 	77 	82
f 93 	84 	88
f 82 	96 	97
f 95 	3921 	94
f 96 	82 	92
f 57 	1740 	98
f 101 	102 	6410
f 6212 	98 	56
f 101 	6410 	103
f 276 	6410 	102
f 109 	3648 	108
f 111 	3648 	125
f 108 	3648 	111
f 117 	6410 	116
f 116 	6410 	120
f 117 	118 	6410
f 126 	120 	6410
f 6410 	118 	121
f 125 	3648 	141
f 136 	137 	3649
f 3649 	141 	3648
f 141 	3649 	137
f 276 	274 	6410
f 227 	127 	6410
f 92 	100 	96
f 150 	151 	153
f 157 	158 	162
f 157 	162 	151
f 150 	157 	151
f 160 	175 	182
f 175 	190 	182
f 175 	349 	190
f 160 	182 	166
f 189 	182 	190
f 189 	191 	182
f 86 	166 	89
f 89 	166 	172
f 40 	130 	5
f 130 	131 	145
f 145 	5 	130
f 199 	160 	83
f 2358 	205 	2356
f 2355 	205 	162
f 2805 	206 	205
f 512 	527 	203
f 211 	220 	212
f 212 	220 	213
f 214 	6318 	6317
f 213 	203 	209
f 6317 	210 	214
f 114 	6292 	219
f 2820 	210 	206
f 278 	6410 	275
f 6410 	278 	279
f 227 	6410 	229
f 3648 	228 	104
f 233 	235 	22
f 35 	144 	22
f 23 	235 	240
f 3851 	240 	235
f 3851 	3853 	240
f 23 	240 	24
f 146 	145 	131
f 132 	178 	131
f 146 	131 	178
f 132 	133 	178
f 179 	178 	133
f 262 	6410 	261
f 702 	6410 	262
f 259 	260 	174
f 263 	265 	174
f 263 	174 	260
f 174 	270 	10
f 265 	267 	174
f 267 	268 	174
f 18 	10 	270
f 270 	174 	268
f 271 	287 	272
f 275 	6410 	274
f 229 	6410 	279
f 286 	287 	271
f 286 	271 	284
f 281 	284 	271
f 281 	271 	282
f 290 	176 	289
f 287 	288 	272
f 293 	174 	176
f 289 	272 	288
f 290 	291 	176
f 272 	289 	176
f 291 	292 	176
f 293 	176 	292
f 259 	174 	258
f 293 	258 	174
f 203 	213 	220
f 220 	211 	217
f 296 	300 	216
f 300 	220 	216
f 217 	216 	220
f 349 	175 	298
f 299 	298 	300
f 300 	296 	299
f 314 	220 	353
f 314 	203 	220
f 329 	334 	330
f 433 	327 	331
f 332 	331 	327
f 4870 	326 	325
f 335 	330 	336
f 334 	336 	330
f 329 	339 	334
f 327 	758 	339
f 327 	339 	332
f 327 	752 	758
f 334 	760 	336
f 761 	337 	336
f 766 	338 	337
f 357 	353 	300
f 344 	4922 	345
f 4922 	4923 	345
f 345 	4923 	4926
f 4926 	346 	345
f 300 	298 	175
f 353 	2657 	314
f 220 	300 	353
f 357 	300 	175
f 175 	160 	357
f 360 	4922 	344
f 199 	357 	160
f 5574 	362 	379
f 375 	377 	362
f 359 	362 	5574
f 366 	371 	381
f 391 	390 	6554
f 389 	6554 	390
f 388 	1241 	387
f 387 	1241 	389
f 388 	394 	1241
f 398 	587 	399
f 401 	399 	587
f 401 	403 	402
f 401 	402 	399
f 405 	402 	406
f 403 	406 	402
f 476 	407 	408
f 407 	405 	408
f 406 	408 	405
f 408 	410 	476
f 401 	726 	403
f 412 	744 	424
f 478 	477 	412
f 424 	423 	412
f 423 	422 	412
f 422 	480 	478
f 478 	412 	422
f 424 	431 	429
f 428 	424 	429
f 424 	428 	423
f 429 	431 	433
f 433 	431 	327
f 436 	6564 	435
f 434 	437 	438
f 434 	438 	435
f 336 	440 	335
f 337 	442 	440
f 337 	440 	336
f 437 	434 	439
f 442 	338 	445
f 338 	442 	337
f 445 	338 	451
f 445 	451 	450
f 445 	450 	449
f 492 	453 	451
f 452 	451 	453
f 451 	452 	450
f 492 	454 	453
f 427 	456 	6571
f 431 	752 	327
f 427 	458 	456
f 458 	466 	456
f 466 	448 	446
f 462 	585 	463
f 465 	585 	468
f 469 	586 	470
f 587 	470 	586
f 446 	448 	471
f 587 	398 	470
f 471 	4321 	473
f 448 	4317 	471
f 477 	476 	410
f 4317 	4321 	471
f 410 	412 	477
f 338 	771 	451
f 338 	766 	771
f 483 	487 	488
f 482 	487 	483
f 484 	487 	482
f 488 	490 	483
f 492 	495 	493
f 454 	492 	493
f 495 	496 	493
f 497 	499 	498
f 500 	498 	501
f 499 	501 	498
f 484 	500 	487
f 501 	487 	500
f 495 	492 	775
f 775 	784 	495
f 507 	506 	784
f 504 	784 	505
f 495 	784 	504
f 505 	784 	506
f 504 	496 	495
f 521 	418 	395
f 520 	418 	521
f 534 	516 	530
f 515 	530 	516
f 515 	518 	530
f 518 	517 	395
f 517 	521 	395
f 522 	512 	523
f 523 	512 	524
f 418 	524 	512
f 520 	524 	418
f 512 	522 	527
f 209 	203 	527
f 528 	395 	529
f 530 	395 	528
f 395 	418 	529
f 530 	518 	395
f 371 	529 	537
f 529 	418 	537
f 418 	512 	537
f 512 	539 	537
f 371 	537 	381
f 539 	203 	314
f 539 	512 	203
f 381 	537 	539
f 381 	539 	2674
f 2674 	539 	314
f 1510 	559 	543
f 561 	543 	559
f 564 	567 	559
f 561 	559 	567
f 552 	543 	561
f 552 	561 	566
f 745 	574 	570
f 427 	563 	649
f 561 	567 	566
f 6592 	649 	563
f 570 	566 	567
f 622 	557 	6586
f 649 	6592 	557
f 649 	4964 	427
f 4964 	4227 	427
f 566 	5942 	552
f 5942 	566 	574
f 566 	570 	574
f 572 	573 	580
f 497 	510 	499
f 510 	507 	794
f 510 	794 	499
f 600 	6624 	580
f 600 	580 	573
f 659 	660 	6502
f 623 	551 	589
f 589 	6624 	594
f 589 	594 	595
f 610 	6501 	611
f 595 	571 	589
f 594 	6624 	600
f 613 	615 	6501
f 682 	623 	589
f 682 	589 	571
f 755 	6501 	615
f 551 	623 	622
f 625 	633 	630
f 646 	633 	647
f 664 	647 	633
f 648 	630 	646
f 633 	646 	630
f 4963 	557 	622
f 650 	665 	651
f 652 	651 	668
f 655 	654 	656
f 674 	656 	654
f 657 	655 	658
f 656 	658 	655
f 4963 	649 	557
f 465 	463 	585
f 657 	585 	462
f 658 	585 	657
f 611 	6501 	626
f 585 	586 	469
f 469 	468 	585
f 663 	6410 	662
f 658 	805 	585
f 647 	664 	650
f 665 	650 	664
f 668 	651 	665
f 668 	671 	669
f 668 	669 	652
f 572 	550 	573
f 654 	653 	674
f 672 	674 	653
f 671 	673 	669
f 664 	826 	665
f 578 	550 	577
f 577 	550 	572
f 579 	550 	578
f 576 	550 	579
f 829 	671 	668
f 4975 	594 	600
f 594 	4975 	595
f 829 	812 	671
f 573 	550 	600
f 676 	812 	674
f 672 	676 	674
f 671 	812 	676
f 671 	676 	673
f 674 	814 	656
f 595 	4975 	571
f 550 	4883 	4975
f 4978 	623 	682
f 829 	668 	827
f 6502 	667 	666
f 682 	571 	4975
f 677 	1344 	681
f 667 	1344 	670
f 252 	683 	684
f 252 	684 	697
f 488 	685 	490
f 687 	252 	692
f 683 	252 	687
f 490 	685 	491
f 686 	491 	685
f 688 	690 	689
f 625 	624 	693
f 689 	693 	624
f 690 	693 	689
f 693 	633 	625
f 686 	685 	707
f 690 	709 	966
f 710 	966 	709
f 688 	709 	690
f 710 	714 	975
f 707 	975 	714
f 716 	751 	582
f 715 	716 	582
f 690 	966 	693
f 715 	582 	719
f 743 	719 	582
f 743 	582 	584
f 1003 	664 	633
f 487 	969 	488
f 969 	973 	488
f 973 	685 	488
f 633 	1002 	1003
f 728 	406 	403
f 728 	403 	726
f 406 	728 	730
f 726 	1834 	728
f 736 	726 	401
f 733 	1831 	736
f 408 	742 	410
f 410 	744 	412
f 742 	744 	410
f 747 	584 	755
f 743 	584 	747
f 748 	424 	744
f 745 	61 	59
f 424 	748 	749
f 745 	570 	61
f 749 	431 	424
f 6493 	582 	751
f 745 	6439 	574
f 744 	1888 	748
f 749 	748 	1393
f 752 	749 	1394
f 1393 	1394 	749
f 431 	749 	752
f 339 	758 	334
f 758 	760 	334
f 336 	760 	761
f 756 	574 	6439
f 730 	408 	406
f 742 	408 	730
f 766 	337 	761
f 769 	770 	767
f 834 	767 	770
f 451 	773 	492
f 771 	773 	451
f 774 	767 	789
f 769 	767 	774
f 773 	775 	492
f 6439 	6436 	2331
f 784 	794 	507
f 756 	6439 	2331
f 792 	789 	767
f 528 	529 	788
f 499 	796 	501
f 794 	796 	499
f 501 	790 	487
f 796 	790 	501
f 2185 	794 	784
f 794 	2245 	796
f 788 	786 	528
f 802 	528 	786
f 5279 	528 	802
f 815 	805 	658
f 788 	813 	786
f 813 	788 	371
f 806 	585 	805
f 788 	529 	371
f 806 	586 	585
f 586 	806 	733
f 807 	786 	808
f 586 	733 	587
f 6225 	786 	807
f 587 	736 	401
f 587 	733 	736
f 817 	4215 	819
f 806 	805 	1827
f 814 	674 	812
f 808 	786 	813
f 656 	815 	658
f 656 	814 	815
f 6472 	818 	819
f 823 	6503 	824
f 665 	827 	668
f 824 	6503 	828
f 665 	826 	827
f 6422 	812 	829
f 772 	838 	831
f 839 	831 	838
f 848 	849 	834
f 849 	843 	772
f 838 	772 	840
f 770 	781 	834
f 840 	772 	843
f 848 	834 	781
f 807 	808 	546
f 371 	366 	813
f 913 	923 	1176
f 1176 	1174 	913
f 1186 	1011 	1174
f 957 	808 	959
f 813 	959 	808
f 813 	366 	959
f 808 	957 	546
f 564 	559 	959
f 957 	959 	559
f 829 	6420 	6422
f 685 	975 	707
f 966 	710 	975
f 790 	969 	487
f 969 	2265 	973
f 975 	685 	973
f 969 	790 	2262
f 969 	2262 	2265
f 973 	2267 	975
f 2319 	975 	2267
f 966 	979 	693
f 983 	6500 	982
f 984 	990 	6503
f 6500 	983 	6503
f 990 	996 	6503
f 975 	2319 	966
f 2319 	979 	966
f 693 	979 	1002
f 693 	1002 	633
f 1004 	6503 	996
f 1004 	828 	6503
f 1003 	826 	664
f 826 	1003 	6418
f 913 	1174 	1011
f 6604 	1011 	1009
f 144 	35 	1384
f 1011 	6604 	913
f 6607 	1009 	1016
f 1019 	1888 	1193
f 1009 	1188 	1016
f 1023 	1020 	1912
f 1034 	36 	1427
f 1060 	1059 	1205
f 1022 	6615 	6614
f 1160 	6615 	1022
f 6614 	1015 	1022
f 6615 	1160 	1161
f 1168 	1171 	1178
f 1172 	1170 	1256
f 1172 	1171 	1170
f 1170 	1171 	1168
f 4681 	1176 	923
f 1172 	1182 	1171
f 1168 	1178 	1177
f 6374 	1174 	1176
f 1266 	1177 	1178
f 1016 	1187 	1015
f 1171 	1185 	1178
f 1183 	1182 	1172
f 1015 	1187 	1022
f 1171 	1182 	1185
f 1188 	1187 	1016
f 1190 	1160 	1022
f 1022 	1187 	1190
f 1193 	1055 	1194
f 1060 	1194 	1055
f 1194 	1201 	1193
f 1011 	1186 	1202
f 1203 	1019 	1193
f 1011 	1202 	1009
f 1202 	1188 	1009
f 1193 	1201 	1203
f 6385 	1187 	1188
f 6384 	6385 	1188
f 1205 	1059 	1020
f 1020 	1023 	1208
f 1208 	1205 	1020
f 1209 	1210 	1208
f 1206 	1207 	6406
f 1210 	1060 	1205
f 5801 	6407 	6406
f 1205 	1208 	1210
f 1194 	1060 	1210
f 1211 	1206 	1204
f 1207 	1211 	1212
f 1207 	1206 	1211
f 1212 	5813 	1207
f 1209 	1032 	1210
f 1213 	1194 	1210
f 1214 	1211 	4820
f 1217 	1211 	1214
f 1211 	1217 	1212
f 4864 	1220 	1214
f 1221 	1217 	1214
f 1220 	1221 	1214
f 1221 	5826 	1217
f 1210 	1032 	1213
f 1226 	1227 	1231
f 1032 	1034 	1213
f 1227 	1229 	1228
f 1213 	1201 	1194
f 1226 	1229 	1227
f 1034 	1427 	1213
f 1221 	1220 	1228
f 1221 	1228 	1229
f 1426 	5395 	1255
f 1257 	1172 	1256
f 6554 	389 	1241
f 1257 	1183 	1172
f 1168 	1177 	1251
f 1251 	1177 	1255
f 1168 	1251 	1252
f 1252 	1425 	1170
f 1170 	1168 	1252
f 394 	1263 	1241
f 1263 	1262 	1241
f 1262 	1264 	1241
f 1264 	1265 	1241
f 1261 	1241 	1265
f 1255 	1177 	1273
f 1177 	1266 	1273
f 1272 	1270 	1261
f 1269 	1261 	1270
f 1274 	1272 	1261
f 1265 	1274 	1261
f 1273 	1426 	1255
f 1269 	1276 	1261
f 1370 	1261 	1276
f 1277 	1279 	1370
f 1276 	1277 	1370
f 1279 	1362 	1370
f 1241 	1261 	1287
f 1383 	1287 	1370
f 1023 	1241 	1287
f 1023 	404 	1241
f 1183 	1295 	1182
f 1466 	1295 	1307
f 1307 	1295 	1183
f 1311 	1307 	1183
f 1230 	1231 	1227
f 1231 	1230 	1319
f 1231 	1319 	1320
f 1322 	1326 	5093
f 1326 	5968 	1327
f 1327 	1328 	1320
f 1320 	1319 	1327
f 1322 	5964 	5968
f 1322 	5968 	1326
f 5968 	1328 	1327
f 1261 	1370 	1287
f 1359 	1370 	1360
f 1359 	1356 	1370
f 1355 	1370 	1356
f 1358 	1370 	1355
f 1360 	1370 	1361
f 1361 	1370 	1362
f 1365 	1370 	1358
f 1365 	1366 	1370
f 1366 	1375 	1370
f 1372 	1369 	1368
f 1368 	5072 	1367
f 5072 	1368 	5073
f 1369 	1372 	1373
f 6239 	1372 	1368
f 1373 	1371 	1369
f 1373 	1374 	1371
f 1375 	1376 	1370
f 1378 	1379 	1377
f 1379 	1373 	1372
f 1379 	1372 	1377
f 1379 	1378 	1380
f 1287 	1208 	1023
f 1378 	1381 	1380
f 1370 	1384 	1383
f 1382 	1381 	1378
f 1385 	1373 	1379
f 1385 	1374 	1373
f 1386 	1387 	1380
f 1209 	1208 	1383
f 1381 	1386 	1380
f 1379 	1380 	1387
f 1379 	1387 	1385
f 1388 	1383 	1384
f 1406 	1407 	1381
f 1287 	1383 	1208
f 1381 	1382 	1406
f 1386 	1381 	1407
f 1407 	1409 	1386
f 35 	34 	1388
f 1384 	35 	1388
f 1383 	1388 	1209
f 692 	252 	1390
f 1388 	1032 	1209
f 1032 	1388 	34
f 678 	675 	1344
f 1032 	34 	1034
f 1393 	748 	1019
f 752 	1394 	1395
f 752 	1395 	758
f 1019 	1203 	1393
f 704 	6410 	703
f 704 	691 	1390
f 758 	1396 	760
f 2757 	2754 	1392
f 758 	1395 	1396
f 2746 	2764 	1392
f 1398 	760 	1396
f 760 	1398 	761
f 1399 	761 	1398
f 761 	1399 	766
f 1398 	1396 	1678
f 1183 	1257 	1311
f 1400 	1182 	1295
f 4037 	6410 	4035
f 1182 	1400 	1185
f 1178 	1401 	1266
f 1178 	1185 	1401
f 1185 	1475 	1401
f 1404 	1391 	1389
f 1391 	1404 	1405
f 1405 	1404 	1411
f 1411 	1412 	1405
f 1391 	1405 	1406
f 1406 	1405 	1407
f 1412 	1407 	1405
f 1407 	1412 	1409
f 4186 	1412 	1411
f 1412 	4186 	1409
f 1404 	1442 	1411
f 1414 	1415 	6416
f 6416 	1415 	1389
f 1414 	1416 	1415
f 1416 	1417 	1415
f 1415 	1417 	1404
f 1404 	1417 	1442
f 1415 	1404 	1389
f 1418 	1416 	1414
f 1414 	1413 	1418
f 1419 	1420 	1416
f 1420 	1442 	1416
f 1678 	1679 	1398
f 1422 	766 	1399
f 766 	1422 	771
f 1679 	1399 	1398
f 1311 	1257 	1410
f 1706 	1422 	1399
f 771 	1422 	1424
f 1425 	5459 	1256
f 1170 	1425 	1256
f 1252 	1251 	5322
f 1251 	1255 	1423
f 1255 	5395 	1423
f 1201 	1213 	1427
f 1427 	1556 	1201
f 1427 	36 	1428
f 1428 	36 	37
f 1416 	1418 	1419
f 1428 	37 	1443
f 1416 	1442 	1417
f 1420 	1419 	4195
f 1420 	4195 	4196
f 1273 	1266 	1510
f 1442 	4185 	1411
f 4195 	1419 	4243
f 1273 	1510 	543
f 1410 	5412 	1311
f 1457 	1307 	1311
f 5416 	1307 	1457
f 1307 	5416 	1466
f 135 	1464 	1465
f 1464 	135 	47
f 1470 	1471 	135
f 1469 	135 	1468
f 1465 	1467 	135
f 1469 	1470 	135
f 1467 	1468 	135
f 5426 	1295 	1466
f 1471 	1472 	135
f 1475 	1185 	1400
f 1479 	1481 	142
f 1472 	1477 	135
f 1477 	1478 	142
f 1479 	142 	1478
f 142 	135 	1477
f 807 	546 	1401
f 1481 	1483 	142
f 1489 	2538 	139
f 2900 	2901 	1421
f 2710 	2701 	1421
f 1484 	1486 	138
f 1489 	139 	1488
f 546 	1266 	1401
f 139 	138 	1486
f 1483 	1484 	138
f 1488 	139 	1486
f 138 	142 	1483
f 1491 	2538 	1489
f 6462 	6410 	6454
f 6340 	6342 	1507
f 543 	1426 	1273
f 546 	957 	1510
f 1510 	957 	559
f 546 	1510 	1266
f 2617 	2607 	1529
f 2617 	1529 	1531
f 1531 	1536 	2617
f 1506 	1559 	1552
f 1559 	3916 	1552
f 1575 	1560 	1443
f 1575 	1443 	1582
f 1201 	1556 	1203
f 1559 	1561 	3918
f 1560 	1556 	1428
f 1563 	1564 	1561
f 1427 	1428 	1556
f 1561 	1564 	2324
f 1564 	1614 	2326
f 1203 	1556 	1568
f 1568 	1394 	1393
f 1564 	2326 	2324
f 1570 	1395 	1394
f 1562 	1506 	1557
f 1559 	1506 	1562
f 1568 	1570 	1394
f 1559 	1563 	1561
f 1559 	1562 	1563
f 1556 	1560 	1568
f 1568 	1560 	1570
f 1575 	1570 	1560
f 1428 	1443 	1560
f 1395 	1570 	1573
f 1573 	1396 	1395
f 1570 	1575 	1573
f 1582 	1681 	1575
f 1681 	1573 	1575
f 1573 	1678 	1396
f 1203 	1568 	1393
f 1443 	37 	56
f 1582 	1443 	56
f 1582 	56 	1583
f 56 	98 	1583
f 1582 	1585 	1681
f 1582 	1583 	1585
f 1583 	1587 	1585
f 1722 	1587 	5445
f 1602 	2629 	1601
f 2629 	1602 	1603
f 2629 	1603 	1597
f 2617 	1618 	1621
f 2629 	1608 	1601
f 2629 	2618 	1608
f 1610 	1608 	2618
f 1617 	1618 	2617
f 1536 	1617 	2617
f 1507 	6347 	6340
f 1629 	2327 	2326
f 1614 	1629 	2326
f 2282 	1643 	1636
f 1611 	1610 	2618
f 1647 	2631 	1646
f 1597 	1599 	2629
f 1636 	1643 	2345
f 1650 	2629 	1599
f 1645 	2629 	1650
f 1905 	1909 	1632
f 1677 	1657 	2640
f 2284 	2282 	1636
f 1676 	1677 	2631
f 2640 	2631 	1677
f 1573 	1681 	1678
f 1678 	1683 	1679
f 1681 	1683 	1678
f 2282 	1680 	1643
f 2345 	1643 	1680
f 1683 	1695 	1679
f 1585 	1683 	1681
f 2299 	1689 	1693
f 2354 	1693 	1689
f 1679 	1706 	1399
f 2353 	1689 	1704
f 1679 	1695 	1706
f 1695 	1722 	5443
f 1706 	1695 	1714
f 1695 	5443 	1714
f 1716 	1422 	1706
f 1422 	1716 	1424
f 1714 	1716 	1706
f 1726 	1728 	1727
f 1728 	1729 	1727
f 1730 	1729 	1728
f 1730 	5960 	5961
f 1730 	5961 	1729
f 1729 	1733 	1727
f 1729 	5961 	1733
f 1675 	1676 	2631
f 1647 	1675 	2631
f 1585 	1587 	1722
f 1695 	1683 	1722
f 1683 	1585 	1722
f 3880 	1740 	57
f 1750 	1583 	98
f 2123 	1725 	2129
f 2130 	2129 	1725
f 1645 	1646 	2631
f 1645 	2631 	2629
f 1725 	4660 	2126
f 4778 	1725 	4777
f 1725 	4780 	4781
f 1725 	4804 	4780
f 1758 	1772 	1776
f 1725 	4781 	4802
f 4658 	4804 	1725
f 1725 	4802 	4777
f 1776 	1726 	1758
f 4778 	4811 	1725
f 1725 	4811 	4667
f 1728 	1766 	1730
f 1725 	4667 	4666
f 1772 	1785 	1776
f 1776 	1785 	1784
f 1783 	2728 	1782
f 2728 	2729 	1782
f 1776 	1728 	1726
f 1740 	1750 	98
f 1776 	1784 	1766
f 1740 	5529 	1750
f 1776 	1766 	1728
f 1770 	1771 	1772
f 1771 	1785 	1772
f 1785 	2033 	2005
f 1583 	1750 	1587
f 1785 	2005 	1784
f 1795 	2640 	1658
f 1657 	1658 	2640
f 1796 	2640 	1795
f 1796 	1817 	2640
f 2684 	1805 	1806
f 1804 	1805 	2685
f 2115 	1875 	1725
f 2115 	1725 	2116
f 2684 	2685 	1805
f 1936 	1937 	1725
f 1725 	1938 	1936
f 1725 	2123 	1938
f 1940 	1725 	1937
f 1725 	1940 	1935
f 1810 	2668 	1811
f 1814 	1815 	2640
f 2668 	2640 	1815
f 2668 	1815 	1816
f 1811 	2668 	1816
f 1817 	1814 	2640
f 736 	1818 	726
f 726 	1818 	1834
f 815 	1824 	805
f 815 	1823 	1824
f 3334 	3332 	1765
f 1824 	1827 	805
f 1828 	806 	1827
f 2692 	2680 	1830
f 1824 	2173 	2174
f 806 	1828 	733
f 1831 	733 	1828
f 1828 	2164 	1831
f 1818 	736 	1831
f 1806 	1840 	2684
f 2680 	1838 	1837
f 1829 	2680 	1837
f 2680 	2684 	1838
f 1839 	2684 	1840
f 730 	728 	1870
f 728 	1834 	1870
f 1772 	2672 	1770
f 1770 	2671 	1850
f 3299 	3298 	1746
f 1829 	1830 	2680
f 1835 	1836 	2692
f 1830 	1835 	2692
f 2495 	2692 	1869
f 1836 	1869 	2692
f 1870 	1878 	730
f 1870 	1834 	1943
f 730 	1878 	742
f 1885 	4930 	1710
f 1888 	742 	1878
f 1876 	1885 	1710
f 1725 	1875 	1876
f 1710 	1725 	1876
f 1888 	744 	742
f 1887 	1614 	1564
f 1563 	1887 	1564
f 1019 	748 	1888
f 1891 	1887 	1563
f 1888 	1878 	1055
f 1892 	1891 	1563
f 1055 	1193 	1888
f 1562 	1892 	1563
f 1892 	1885 	1876
f 3326 	3337 	1769
f 1897 	6548 	404
f 397 	6548 	1897
f 1891 	1892 	1876
f 1557 	1885 	1892
f 1892 	1562 	1557
f 1632 	1909 	1910
f 1907 	1897 	1917
f 397 	1897 	1907
f 1902 	1614 	1903
f 1905 	1629 	1902
f 404 	1912 	1897
f 1614 	1887 	1903
f 404 	1023 	1912
f 1887 	1891 	1875
f 1891 	1876 	1875
f 1730 	1766 	1913
f 1766 	1784 	1913
f 1730 	1913 	1914
f 1902 	1903 	1925
f 1902 	1925 	1905
f 1905 	1925 	1927
f 1902 	1629 	1614
f 1905 	1631 	1629
f 1905 	1632 	1631
f 1917 	1897 	1912
f 1912 	1945 	1917
f 1639 	1632 	1910
f 1910 	1920 	1641
f 1636 	1641 	1920
f 1639 	1910 	1641
f 1903 	2116 	1925
f 1912 	1020 	1945
f 1909 	1922 	1923
f 1945 	1020 	1059
f 1940 	2284 	1935
f 1870 	1949 	1878
f 1922 	1909 	1905
f 1943 	1949 	1870
f 1910 	1923 	1935
f 1949 	1055 	1878
f 1943 	1945 	1059
f 1059 	1949 	1943
f 1059 	1060 	1949
f 1949 	1060 	1055
f 1818 	1831 	1966
f 1969 	1818 	1966
f 1913 	1915 	1914
f 1966 	1917 	1969
f 46 	1783 	1782
f 1818 	1969 	1834
f 1773 	3335 	1782
f 1915 	2088 	1981
f 1907 	1917 	1966
f 1987 	1915 	6321
f 1969 	1945 	1943
f 1969 	1917 	1945
f 1987 	1914 	1915
f 1943 	1834 	1969
f 3329 	1761 	1762
f 2005 	1913 	1784
f 2011 	1915 	1913
f 3306 	1741 	3307
f 2011 	2088 	1915
f 2011 	1913 	2005
f 2033 	2011 	2005
f 1785 	1771 	2099
f 2033 	1785 	2099
f 2048 	2050 	2059
f 2048 	2059 	2064
f 2059 	2066 	2064
f 2066 	1846 	2064
f 1850 	1846 	2068
f 2066 	2068 	1846
f 2059 	2069 	2066
f 1770 	1850 	2068
f 2068 	1771 	1770
f 2069 	2071 	2066
f 2071 	2068 	2066
f 2071 	1771 	2068
f 2082 	2089 	2084
f 2082 	2087 	2089
f 2084 	2089 	2216
f 2090 	1981 	2088
f 2090 	2081 	1981
f 2087 	2105 	2106
f 2087 	2106 	2089
f 2093 	2095 	2090
f 2090 	2095 	2083
f 3299 	1746 	1747
f 2090 	2083 	2081
f 2098 	2087 	2096
f 2098 	2105 	2087
f 2096 	2087 	2082
f 2083 	2095 	2119
f 2105 	2098 	2109
f 2108 	2099 	2103
f 2107 	2110 	2103
f 2103 	2110 	2108
f 2108 	2011 	2033
f 2110 	2011 	2108
f 2109 	2257 	2105
f 1775 	1769 	3337
f 2099 	2108 	2033
f 1922 	1905 	1927
f 2011 	2110 	2088
f 1782 	3321 	46
f 1910 	1935 	1920
f 2283 	1937 	1936
f 2110 	2113 	2090
f 2090 	2088 	2110
f 2107 	2241 	2112
f 2112 	2113 	2110
f 2112 	2114 	2113
f 1940 	1937 	2284
f 2112 	2110 	2107
f 1743 	3309 	1742
f 1910 	1909 	1923
f 2111 	2114 	2112
f 2113 	2114 	2093
f 2093 	2090 	2113
f 3329 	3328 	1761
f 2114 	2111 	2117
f 3306 	3305 	1741
f 1725 	1935 	1923
f 2199 	2114 	2117
f 6409 	2083 	2118
f 1725 	1923 	1922
f 2119 	2120 	2118
f 2116 	1725 	1925
f 1725 	1922 	1927
f 2120 	2121 	2118
f 1927 	1925 	1725
f 1903 	1887 	2116
f 1995 	411 	2122
f 2116 	1887 	2115
f 2115 	1887 	1875
f 1739 	3305 	1765
f 3337 	1774 	1775
f 2125 	2093 	2114
f 2125 	2119 	2095
f 2125 	2095 	2093
f 2083 	2119 	2118
f 1745 	1746 	3298
f 3296 	3309 	1744
f 3296 	1744 	3298
f 1747 	3300 	3299
f 1748 	3301 	1747
f 2133 	2127 	397
f 2128 	2130 	1725
f 2133 	397 	1907
f 1827 	2174 	2151
f 2151 	1828 	1827
f 1828 	2151 	2164
f 2151 	2133 	2164
f 2164 	2133 	1907
f 1966 	1831 	2164
f 1725 	2126 	2128
f 2164 	1907 	1966
f 1823 	6373 	1824
f 1827 	1824 	2174
f 1920 	1935 	2284
f 2173 	2176 	2174
f 2177 	2151 	2174
f 1936 	1938 	2283
f 2174 	2176 	2177
f 2177 	2133 	2151
f 2177 	2127 	2133
f 6357 	1995 	2176
f 1995 	2122 	2176
f 2122 	2177 	2176
f 2178 	2124 	2121
f 2121 	2120 	2178
f 2127 	2177 	2122
f 2131 	2124 	2178
f 6351 	6555 	411
f 2179 	2119 	2125
f 2179 	2120 	2119
f 1424 	773 	771
f 1424 	2181 	773
f 1719 	2181 	1716
f 2179 	2180 	2178
f 773 	2181 	775
f 2182 	784 	775
f 2179 	2178 	2120
f 2181 	2182 	775
f 2182 	2185 	784
f 2187 	2131 	2180
f 2131 	2178 	2180
f 1424 	1716 	2181
f 5609 	2182 	2181
f 1719 	5609 	2181
f 2197 	2125 	2114
f 2114 	2199 	2197
f 2204 	2207 	2197
f 2204 	2197 	2199
f 2207 	2125 	2197
f 2207 	2179 	2125
f 2453 	2370 	2204
f 2208 	2209 	2204
f 2207 	2204 	2209
f 2209 	2179 	2207
f 2208 	2377 	2211
f 2378 	2211 	2377
f 2208 	2211 	2209
f 3332 	1762 	1764
f 2405 	2213 	2387
f 3326 	1769 	1759
f 2219 	2082 	2217
f 2084 	2216 	2144
f 2253 	2216 	2089
f 2217 	2082 	2084
f 2084 	2218 	2217
f 2084 	2144 	2218
f 145 	146 	1745
f 13 	14 	1761
f 1765 	16 	1739
f 2378 	2379 	2211
f 2179 	2209 	2180
f 2209 	2211 	2180
f 2180 	2211 	2187
f 2211 	2213 	2187
f 2187 	2213 	3239
f 2234 	2236 	2069
f 2128 	2301 	2130
f 2234 	2248 	2236
f 2128 	2126 	2301
f 2185 	2182 	5611
f 2236 	2239 	2069
f 2226 	2109 	2098
f 2236 	2241 	2239
f 2241 	2103 	2239
f 2238 	2241 	2236
f 2243 	790 	796
f 2238 	2258 	2241
f 2242 	2098 	2096
f 2226 	2098 	2242
f 1771 	2071 	2099
f 2245 	794 	2185
f 2099 	2239 	2103
f 2245 	2243 	796
f 2099 	2071 	2239
f 2071 	2069 	2239
f 2241 	2107 	2103
f 2245 	5663 	2243
f 2111 	2112 	2241
f 814 	812 	2250
f 812 	6422 	2250
f 2219 	2096 	2082
f 2238 	2236 	2248
f 2248 	2252 	2258
f 2248 	2258 	2238
f 2111 	2241 	2258
f 2260 	2258 	2252
f 2261 	2105 	2257
f 2111 	2258 	2260
f 814 	2250 	1823
f 2254 	2260 	2252
f 2260 	2117 	2111
f 1823 	815 	814
f 1823 	2250 	6373
f 790 	2243 	2262
f 2304 	2199 	2260
f 2199 	2117 	2260
f 2257 	2109 	2275
f 2261 	2106 	2105
f 2265 	2267 	973
f 2050 	2266 	2268
f 2268 	2271 	2059
f 2253 	2089 	2106
f 2268 	2059 	2050
f 2266 	2274 	2268
f 2226 	2273 	2109
f 2069 	2059 	2271
f 2274 	2234 	2271
f 2234 	2069 	2271
f 2274 	2271 	2268
f 2273 	2275 	2109
f 2273 	2678 	2275
f 2277 	2274 	2266
f 2277 	2278 	2281
f 2277 	2281 	2274
f 2283 	1682 	1680
f 2248 	2234 	2274
f 2283 	1680 	2282
f 1636 	1920 	2284
f 2248 	2274 	2281
f 2282 	2284 	1937
f 2278 	2993 	2459
f 2286 	1682 	2283
f 2290 	2281 	2278
f 2248 	2281 	2290
f 2290 	2278 	2288
f 2286 	2289 	1682
f 2289 	1693 	1682
f 2123 	2289 	1938
f 2290 	2252 	2248
f 2286 	1938 	2289
f 2412 	2288 	2413
f 2415 	2290 	2412
f 2288 	2412 	2290
f 2283 	1938 	2286
f 2415 	2417 	2290
f 2282 	1937 	2283
f 2296 	2254 	2290
f 2254 	2252 	2290
f 2289 	2299 	1693
f 2419 	2254 	2296
f 2418 	2411 	2296
f 1704 	2302 	4530
f 2301 	4530 	2302
f 2302 	1704 	1689
f 2302 	1689 	2299
f 2289 	2123 	2299
f 2129 	2130 	2299
f 2299 	2130 	2302
f 2304 	2305 	2204
f 2301 	2302 	2130
f 2304 	2204 	2199
f 2305 	2453 	2204
f 2299 	2123 	2129
f 2262 	5689 	2265
f 5696 	2267 	2265
f 2320 	979 	2319
f 2320 	2322 	979
f 1002 	979 	2322
f 2267 	2331 	2319
f 2320 	2319 	6436
f 1629 	2330 	2327
f 6417 	1002 	2322
f 2322 	6448 	6417
f 2327 	5417 	2326
f 6437 	2322 	2320
f 2327 	5419 	5417
f 2331 	6436 	2319
f 2330 	1629 	1631
f 1631 	1632 	2330
f 5437 	2332 	2338
f 2397 	2342 	3649
f 136 	3649 	2342
f 1636 	2345 	2343
f 2330 	1632 	2332
f 1639 	2332 	1632
f 2339 	2338 	1639
f 1639 	2338 	2332
f 1639 	1641 	2339
f 2343 	2339 	1641
f 2345 	1680 	2335
f 1641 	1636 	2343
f 2440 	2409 	3649
f 158 	2355 	162
f 2355 	2356 	205
f 2358 	2359 	205
f 2805 	2820 	206
f 2363 	2850 	2362
f 2366 	2362 	2850
f 1704 	4530 	2353
f 2365 	2364 	2235
f 2354 	1689 	2353
f 214 	2837 	2367
f 2361 	1680 	1682
f 1682 	1693 	2361
f 2368 	2366 	2850
f 2361 	2335 	1680
f 1693 	2351 	2361
f 2354 	2351 	1693
f 2370 	2371 	2204
f 2371 	2374 	2204
f 2208 	2372 	2373
f 2208 	2376 	2377
f 2376 	2208 	2373
f 2208 	2204 	2372
f 2374 	2372 	2204
f 2388 	1384 	1370
f 2391 	2392 	1370
f 2392 	2394 	1370
f 2388 	1370 	2394
f 2389 	2391 	1370
f 2390 	2389 	1370
f 144 	1384 	2388
f 2387 	2213 	2380
f 2211 	2403 	2213
f 2380 	2213 	2403
f 2403 	2211 	2406
f 2406 	2211 	2379
f 2411 	2420 	2419
f 2288 	2414 	2413
f 2296 	2290 	2417
f 2296 	2417 	2418
f 2419 	2296 	2411
f 144 	2388 	2470
f 2420 	2421 	2419
f 2423 	2419 	2422
f 2421 	2422 	2419
f 2423 	2424 	2419
f 2144 	2216 	2427
f 2434 	2144 	2427
f 6375 	2434 	2427
f 2144 	2425 	2218
f 3654 	2441 	2440
f 2144 	2434 	2425
f 2397 	3649 	2409
f 2446 	3654 	2445
f 6435 	2443 	2425
f 2443 	2218 	2425
f 2446 	2441 	3654
f 3795 	3293 	2231
f 2448 	114 	219
f 128 	2448 	2426
f 128 	114 	2448
f 2394 	2428 	2388
f 2217 	2218 	2449
f 2428 	2432 	2388
f 2429 	2433 	2388
f 2430 	2429 	2388
f 2218 	2443 	2449
f 2430 	2388 	2432
f 2435 	2388 	2433
f 2235 	3814 	2231
f 2260 	2254 	2419
f 2304 	2260 	2419
f 2305 	2419 	2424
f 2305 	2424 	2452
f 2419 	2305 	2304
f 2452 	2453 	2305
f 2459 	2992 	2458
f 2458 	2461 	2459
f 2462 	2459 	2463
f 2445 	3654 	2468
f 3654 	2537 	2468
f 2479 	66 	59
f 2479 	2219 	66
f 2476 	6450 	66
f 31 	6450 	2476
f 2476 	2449 	31
f 2217 	2449 	2476
f 2693 	2477 	2478
f 2693 	2478 	2368
f 2850 	2693 	2368
f 2096 	2219 	2479
f 2476 	66 	2219
f 2477 	2693 	2481
f 2435 	2473 	2388
f 2219 	2217 	2476
f 2473 	2474 	2470
f 2470 	2388 	2473
f 2474 	2475 	2470
f 3654 	2440 	3649
f 2461 	2463 	2459
f 2495 	2484 	2692
f 2693 	2692 	2485
f 2693 	2485 	2481
f 2278 	2459 	2288
f 2459 	2462 	2486
f 2486 	2414 	2288
f 2459 	2486 	2288
f 2487 	2488 	2489
f 2487 	2489 	2490
f 2491 	2487 	2490
f 2492 	2487 	2491
f 2467 	2468 	2536
f 2484 	2485 	2692
f 2492 	2493 	2487
f 2533 	2497 	2536
f 2500 	2502 	2498
f 2498 	2502 	2504
f 2504 	2512 	2498
f 2500 	3136 	2506
f 2509 	2498 	2512
f 2512 	2514 	2509
f 2487 	2509 	2488
f 2515 	2488 	2509
f 2514 	2515 	2509
f 2520 	3127 	2519
f 2497 	2480 	2536
f 2522 	3127 	2521
f 2525 	2532 	2536
f 2523 	2506 	3136
f 2537 	2536 	2468
f 2533 	2536 	2532
f 2505 	2507 	2470
f 2475 	2505 	2470
f 2507 	2511 	2470
f 3662 	2470 	2510
f 2511 	2510 	2470
f 3662 	2510 	2526
f 2480 	2467 	2536
f 2483 	2226 	2242
f 2540 	2524 	2536
f 2525 	2536 	2524
f 2531 	3330 	2530
f 2542 	2543 	2544
f 2543 	2545 	2544
f 2544 	3330 	2542
f 2547 	2544 	2545
f 49 	3329 	50
f 3331 	3332 	50
f 3662 	2536 	2537
f 2544 	2547 	2549
f 3662 	2526 	2536
f 2550 	2544 	2549
f 2541 	2536 	2526
f 2517 	4278 	2518
f 2518 	4278 	2527
f 2541 	2540 	2536
f 2527 	4318 	2528
f 2558 	4383 	2557
f 1370 	1376 	2390
f 2565 	4392 	2567
f 2564 	4392 	2565
f 2566 	4394 	2574
f 2574 	2567 	2566
f 2578 	2579 	2580
f 2578 	2580 	2581
f 2589 	2815 	2581
f 2578 	2596 	2594
f 2578 	2594 	2579
f 2588 	2587 	2575
f 2598 	2593 	5606
f 2595 	5606 	2593
f 5606 	2600 	2598
f 5606 	2601 	2600
f 2606 	2588 	2575
f 1621 	1611 	2618
f 1621 	2618 	2617
f 2613 	2614 	2733
f 2733 	2614 	2615
f 2615 	2665 	2733
f 2618 	1726 	1727
f 2624 	2813 	2597
f 1727 	2617 	2618
f 2607 	2617 	1727
f 1727 	1733 	2607
f 2628 	2915 	2627
f 2633 	2628 	2632
f 2627 	2632 	2628
f 2631 	2636 	1758
f 2629 	2631 	1758
f 1758 	1726 	2618
f 1758 	2618 	2629
f 2639 	2759 	2879
f 1772 	2636 	2672
f 1772 	1758 	2636
f 2363 	2649 	2850
f 2483 	2539 	2226
f 2642 	2641 	2628
f 2539 	2273 	2226
f 2628 	2633 	2642
f 61 	2483 	2242
f 61 	2242 	2479
f 2645 	2845 	2644
f 2646 	2845 	2645
f 2647 	2845 	2646
f 2850 	2649 	2648
f 2242 	2096 	2479
f 2653 	74 	77
f 2253 	2106 	2650
f 74 	2253 	2650
f 2650 	83 	74
f 2216 	2653 	2427
f 2253 	2653 	2216
f 2653 	97 	2427
f 2253 	74 	2653
f 77 	97 	2653
f 2657 	2257 	2275
f 2658 	2261 	2257
f 2658 	2257 	2657
f 353 	2658 	2657
f 2658 	353 	357
f 357 	199 	2658
f 2261 	2658 	199
f 2650 	2106 	2261
f 2650 	2261 	199
f 199 	83 	2650
f 1804 	2685 	1809
f 2746 	1397 	2835
f 2834 	2835 	1397
f 2721 	2538 	2733
f 2640 	2672 	2631
f 2721 	2733 	2669
f 2667 	2669 	2733
f 959 	366 	2663
f 2670 	1846 	2671
f 1850 	2671 	1846
f 2685 	2670 	2668
f 2671 	2668 	2670
f 2640 	2668 	2672
f 2674 	2678 	381
f 2671 	2672 	2668
f 2672 	2636 	2631
f 2678 	2674 	2275
f 2657 	2275 	2674
f 2672 	2671 	1770
f 314 	2657 	2674
f 2716 	2713 	6479
f 2678 	2273 	2663
f 366 	2678 	2663
f 366 	381 	2678
f 1810 	1809 	2685
f 1810 	2685 	2668
f 1839 	1838 	2684
f 2663 	2273 	2539
f 2684 	2680 	2687
f 2684 	2687 	2688
f 2670 	2685 	2684
f 2670 	2684 	2688
f 2687 	2064 	2688
f 2064 	2687 	2048
f 2670 	2688 	2064
f 2670 	2064 	1846
f 2648 	2644 	2845
f 2483 	61 	570
f 3822 	3814 	2364
f 570 	567 	2483
f 567 	564 	2539
f 567 	2539 	2483
f 564 	2663 	2539
f 2648 	2845 	2850
f 2698 	2705 	2694
f 2717 	2719 	2694
f 2719 	2723 	2694
f 564 	959 	2663
f 1782 	2725 	1773
f 2736 	2696 	2694
f 2807 	2692 	2693
f 2807 	2825 	2692
f 2707 	2705 	2698
f 2717 	2694 	2706
f 2697 	2699 	2694
f 2699 	2709 	2694
f 2698 	2694 	2709
f 2710 	6479 	2715
f 2713 	2714 	6479
f 2724 	2725 	1782
f 2687 	2692 	2825
f 2707 	2698 	2708
f 2687 	2680 	2692
f 2706 	2694 	2705
f 2708 	2698 	2709
f 4858 	1774 	4857
f 2714 	2715 	6479
f 1782 	2694 	2723
f 2534 	2538 	2722
f 2538 	2721 	2722
f 2724 	1782 	2723
f 2739 	2740 	2538
f 2725 	2726 	1773
f 2726 	2727 	1773
f 2694 	2729 	2730
f 2730 	2734 	2694
f 2694 	1782 	2729
f 2924 	2925 	2744
f 2744 	2745 	2924
f 2731 	2732 	2924
f 2736 	2694 	2734
f 2637 	2638 	2879
f 2697 	2694 	2696
f 1491 	2738 	2538
f 692 	1390 	691
f 261 	6410 	256
f 2741 	2733 	2740
f 2731 	2924 	2737
f 2739 	2538 	2738
f 2665 	2667 	2733
f 2638 	2639 	2879
f 2741 	2742 	2733
f 2538 	2740 	2733
f 2742 	2612 	2733
f 2744 	2925 	2743
f 2849 	2838 	1397
f 2737 	2924 	2745
f 2613 	2733 	2612
f 2846 	2847 	6480
f 2743 	2925 	2748
f 2750 	2749 	2877
f 2754 	257 	1392
f 2747 	2877 	2749
f 2900 	1421 	2905
f 2763 	2764 	2746
f 2762 	2763 	2746
f 6480 	2844 	2846
f 2877 	2752 	2753
f 2750 	2877 	2753
f 255 	1392 	257
f 2877 	2759 	2756
f 2752 	2877 	2756
f 2877 	2879 	2759
f 2844 	6480 	2843
f 2904 	2905 	1421
f 2765 	1392 	2764
f 2758 	1392 	2765
f 2762 	2746 	2766
f 2847 	2917 	6480
f 2834 	1397 	2838
f 2781 	3015 	2784
f 2779 	3013 	2782
f 2791 	2792 	2793
f 2792 	2794 	2793
f 2791 	2795 	2792
f 2790 	3049 	2795
f 2792 	2796 	2794
f 2799 	4129 	2798
f 2796 	3052 	2778
f 3052 	2796 	2792
f 2576 	2802 	2360
f 2359 	2360 	2802
f 2576 	2596 	2802
f 2800 	4128 	2803
f 2802 	205 	2359
f 205 	2802 	2805
f 2810 	2807 	2809
f 2813 	2815 	2583
f 2589 	2583 	2815
f 2578 	2581 	2815
f 2583 	2584 	2813
f 2814 	2817 	2810
f 2813 	2624 	2818
f 2818 	2815 	2813
f 2818 	2819 	2815
f 2819 	2820 	2815
f 2814 	2810 	2809
f 2578 	2802 	2596
f 2802 	2578 	2815
f 2802 	2815 	2805
f 2815 	2820 	2805
f 2825 	2807 	2810
f 2825 	2810 	2048
f 2757 	1392 	2758
f 2766 	2746 	2835
f 2904 	1421 	2702
f 2849 	6480 	2848
f 2917 	2848 	6480
f 2810 	2817 	2048
f 2853 	2850 	2845
f 2825 	2048 	2687
f 2048 	2817 	2050
f 2817 	2266 	2050
f 2855 	2807 	2850
f 2807 	2693 	2850
f 2850 	2853 	2855
f 2853 	2918 	2857
f 2857 	2855 	2853
f 2861 	2864 	2857
f 2864 	2866 	2867
f 5215 	2860 	2859
f 2870 	2863 	2878
f 2864 	2867 	2857
f 2854 	5215 	2859
f 2867 	2855 	2857
f 2867 	2809 	2855
f 2809 	2807 	2855
f 2867 	2866 	2814
f 2863 	3045 	2875
f 2867 	2814 	2809
f 2873 	3070 	2878
f 2647 	2637 	2879
f 2873 	2878 	2875
f 2879 	2845 	2647
f 2888 	2881 	2914
f 2894 	2895 	2877
f 2889 	2367 	2837
f 2819 	2976 	2899
f 2702 	1421 	2701
f 2820 	2819 	2899
f 2899 	2889 	2837
f 2831 	2889 	2899
f 2899 	2837 	2820
f 2820 	2837 	214
f 2820 	214 	210
f 2619 	2620 	2916
f 2915 	2916 	2620
f 2915 	2974 	2916
f 2916 	2818 	2619
f 2623 	2915 	2620
f 2883 	2868 	2878
f 2895 	2879 	2877
f 2845 	2879 	2895
f 2863 	2875 	2878
f 2895 	2853 	2845
f 2878 	2868 	2870
f 2883 	2880 	2868
f 2891 	2895 	2894
f 2891 	2918 	2895
f 2918 	2853 	2895
f 2891 	2886 	3074
f 2861 	2918 	2891
f 2861 	2857 	2918
f 2747 	2748 	2925
f 2732 	4128 	2924
f 2732 	2735 	4128
f 2932 	2943 	176
f 2747 	2925 	2877
f 2924 	2934 	2925
f 2934 	2939 	2925
f 2914 	2881 	2936
f 2939 	2877 	2925
f 2943 	2945 	176
f 2934 	2886 	2939
f 2886 	2891 	2939
f 2939 	2894 	2877
f 2939 	2891 	2894
f 2941 	2814 	2866
f 2898 	2938 	2882
f 2938 	2898 	2935
f 2881 	2882 	2938
f 2938 	2936 	2881
f 2948 	3005 	176
f 2584 	2597 	2813
f 3005 	3008 	176
f 2625 	2621 	2818
f 2621 	2619 	2818
f 2946 	5578 	2949
f 378 	2951 	5574
f 2952 	5574 	2951
f 2625 	2818 	2624
f 2950 	5578 	2956
f 2626 	2627 	2915
f 2623 	2626 	2915
f 54 	2958 	2959
f 2958 	54 	53
f 2959 	2969 	2996
f 2915 	2628 	3000
f 3112 	2959 	2996
f 2772 	2999 	2641
f 2643 	2999 	2772
f 17 	2966 	2958
f 2958 	53 	17
f 2964 	2831 	2899
f 2976 	2964 	2899
f 2958 	2969 	2959
f 11 	2979 	19
f 2958 	2966 	2969
f 2916 	2974 	2975
f 11 	21 	2979
f 19 	2979 	2966
f 2266 	2817 	2814
f 2941 	2266 	2814
f 2982 	2979 	21
f 2941 	2277 	2266
f 2997 	2966 	2979
f 2982 	2997 	2979
f 2941 	2866 	2985
f 2992 	2993 	2991
f 2985 	2991 	2941
f 2989 	2995 	2996
f 2941 	2991 	2994
f 2989 	2996 	2990
f 2993 	2994 	2991
f 2994 	2993 	2277
f 2975 	2976 	2916
f 2993 	2278 	2277
f 2997 	2969 	2966
f 2454 	2456 	2992
f 2976 	2818 	2916
f 2277 	2941 	2994
f 2976 	2819 	2818
f 2998 	2969 	2997
f 3064 	2455 	2992
f 2990 	2996 	2998
f 2996 	2969 	2998
f 2457 	2458 	2992
f 2993 	2992 	2459
f 2457 	2992 	2456
f 3074 	2861 	2891
f 3074 	3001 	2861
f 2628 	2641 	2999
f 3241 	3000 	2999
f 3243 	3000 	3241
f 38 	3003 	29
f 3000 	3244 	2974
f 3001 	3002 	2861
f 3243 	3244 	3000
f 3002 	2864 	2861
f 2985 	2866 	3002
f 3002 	2866 	2864
f 2628 	2999 	3000
f 3006 	3007 	3001
f 2974 	2915 	3000
f 3009 	3010 	272
f 272 	176 	3009
f 2779 	2777 	3013
f 3014 	3017 	272
f 3014 	272 	3010
f 3015 	2781 	2782
f 2945 	2948 	176
f 3008 	3009 	176
f 2785 	2784 	3015
f 271 	272 	3018
f 3017 	3018 	272
f 3013 	3015 	2782
f 271 	3018 	3020
f 3020 	282 	271
f 2999 	2643 	2785
f 2999 	2785 	3015
f 3022 	2929 	3046
f 3022 	2922 	2929
f 3001 	3007 	3002
f 3002 	3007 	2985
f 3247 	3042 	3025
f 2929 	3026 	3045
f 3045 	3026 	3042
f 3026 	3025 	3042
f 3046 	2929 	3045
f 2790 	2787 	3049
f 2873 	2875 	3042
f 2792 	2795 	3049
f 2875 	3045 	3042
f 3045 	2863 	3046
f 3049 	3250 	2792
f 2863 	3022 	3046
f 2777 	2778 	3052
f 3052 	3013 	2777
f 3064 	3007 	3006
f 3007 	2991 	2985
f 3007 	2992 	2991
f 3099 	2509 	3006
f 2992 	3007 	3064
f 2487 	3064 	3006
f 2493 	2494 	3064
f 2494 	2496 	3064
f 2487 	2493 	3064
f 2454 	2992 	2455
f 2496 	2455 	3064
f 2873 	3248 	3070
f 3072 	3074 	2886
f 3063 	2880 	3062
f 3062 	2883 	2878
f 3096 	3074 	3072
f 3074 	3096 	3001
f 2878 	3070 	3062
f 3094 	2885 	3063
f 3003 	38 	3095
f 3099 	3001 	3096
f 3063 	2885 	2880
f 2880 	2883 	3062
f 3095 	3011 	3130
f 3076 	3096 	3072
f 3078 	3099 	3076
f 3096 	3076 	3099
f 3099 	3006 	3001
f 3094 	3098 	2885
f 3134 	2498 	3078
f 2498 	3136 	2500
f 3060 	3056 	3105
f 3099 	3078 	2498
f 3099 	2498 	2509
f 3123 	3106 	3105
f 2487 	3006 	2509
f 3106 	3062 	3105
f 3105 	3056 	3123
f 3109 	3110 	3107
f 3063 	3062 	3106
f 3114 	3063 	3106
f 3109 	3107 	3120
f 2959 	3112 	54
f 2934 	2937 	3110
f 3095 	3130 	3131
f 2937 	3108 	3110
f 3062 	3070 	3105
f 3110 	2886 	2934
f 3070 	3060 	3105
f 3108 	3107 	3110
f 39 	3112 	3011
f 3110 	3109 	2886
f 3114 	3094 	3063
f 3072 	2886 	3109
f 3098 	3094 	3114
f 2995 	3112 	2996
f 3098 	3114 	3116
f 3116 	3103 	3098
f 3122 	3109 	3120
f 3103 	4737 	4688
f 3003 	3124 	29
f 3076 	3109 	3122
f 3076 	3072 	3109
f 3122 	3078 	3076
f 3125 	3122 	3120
f 3140 	3126 	3123
f 3127 	3125 	4276
f 2520 	2521 	3127
f 3125 	3134 	3122
f 3103 	3129 	3132
f 3134 	3078 	3122
f 3095 	3131 	3124
f 3136 	3125 	3127
f 3114 	3123 	3126
f 3136 	3134 	3125
f 3112 	3130 	3011
f 3128 	3114 	3126
f 3124 	3003 	3095
f 3114 	3128 	3116
f 2498 	3134 	3136
f 3152 	3131 	3149
f 3131 	3130 	3149
f 3114 	3106 	3123
f 3136 	3127 	2522
f 3128 	3129 	3103
f 3128 	3103 	3116
f 2523 	3136 	2522
f 3131 	3148 	3124
f 3142 	3557 	3143
f 3140 	3557 	3142
f 3140 	3142 	3128
f 3140 	3128 	3126
f 3142 	3143 	3128
f 3128 	3143 	3129
f 2989 	3149 	2995
f 3112 	2995 	3149
f 3150 	3143 	3170
f 3149 	3130 	3112
f 3144 	3152 	3149
f 3150 	3132 	3129
f 3132 	3150 	4774
f 3148 	3152 	3144
f 3143 	3150 	3129
f 3148 	3131 	3152
f 3148 	3144 	3146
f 3159 	3160 	2989
f 3547 	3144 	3160
f 3547 	3160 	3159
f 3547 	3146 	3144
f 3149 	2989 	3160
f 3160 	3144 	3149
f 3178 	3168 	60
f 60 	3168 	3172
f 3168 	2982 	3172
f 2982 	21 	3172
f 3198 	2982 	3168
f 3557 	3156 	3143
f 3174 	3170 	3555
f 58 	69 	3178
f 3174 	3150 	3170
f 69 	3304 	3178
f 3174 	4809 	3150
f 3170 	3143 	3156
f 3176 	3292 	3178
f 3168 	3178 	3292
f 3304 	3176 	3178
f 3187 	3188 	2989
f 2990 	3187 	2989
f 3187 	2998 	3192
f 3195 	3232 	3185
f 3232 	3195 	3197
f 3192 	3199 	3230
f 3250 	3052 	2792
f 3205 	2367 	3215
f 3205 	219 	221
f 221 	2367 	3205
f 2831 	2964 	3211
f 3215 	2889 	2831
f 2831 	3211 	3215
f 2367 	2889 	3215
f 3558 	3205 	3215
f 3223 	2964 	3220
f 3211 	2964 	3223
f 3198 	3199 	2997
f 3229 	1418 	1413
f 3198 	2997 	2982
f 1418 	3233 	1419
f 2997 	3199 	3192
f 2997 	3192 	2998
f 3187 	2990 	2998
f 3197 	3201 	3232
f 3229 	3233 	1418
f 3240 	3233 	3229
f 2974 	3244 	3237
f 3237 	2975 	2974
f 3229 	1413 	3236
f 3237 	2964 	2976
f 3237 	3220 	2964
f 3237 	2976 	2975
f 3346 	3232 	3201
f 3239 	3236 	2187
f 2131 	2187 	3236
f 3240 	3239 	2213
f 3240 	3236 	3239
f 3236 	3240 	3229
f 3245 	3233 	3240
f 3283 	3284 	2987
f 3025 	3242 	3247
f 3313 	3314 	2987
f 3244 	3243 	3344
f 1419 	3233 	4243
f 3247 	3242 	3246
f 3060 	3248 	3262
f 3250 	3387 	3052
f 3247 	3248 	2873
f 3060 	3070 	3248
f 2712 	2716 	6479
f 3247 	2873 	3042
f 3185 	3264 	3246
f 3241 	2999 	3015
f 3257 	3185 	3232
f 3015 	3254 	3241
f 3262 	3264 	3257
f 3185 	3257 	3264
f 3386 	3385 	3250
f 3247 	3246 	3264
f 3262 	3248 	3247
f 3267 	3279 	6478
f 3266 	3267 	6478
f 2712 	6479 	2711
f 3266 	6478 	3269
f 3269 	6478 	3276
f 3276 	6478 	3288
f 2448 	219 	3205
f 3223 	3556 	3211
f 3279 	3312 	6478
f 3284 	3285 	2987
f 3287 	2987 	3314
f 3288 	6478 	3285
f 3235 	3187 	3192
f 3234 	3187 	3235
f 3188 	3187 	3234
f 3292 	3231 	3198
f 3292 	3198 	3168
f 3230 	3199 	3198
f 3231 	3230 	3198
f 3235 	3192 	3230
f 3304 	70 	81
f 3293 	3301 	1749
f 3304 	81 	3340
f 2711 	6479 	3310
f 3319 	6410 	3366
f 3313 	6410 	3316
f 3512 	3317 	6410
f 3318 	6410 	3317
f 3366 	6410 	3318
f 3315 	6410 	3319
f 3447 	4293 	3321
f 3233 	3245 	4243
f 2530 	2213 	2407
f 2405 	2407 	2213
f 3264 	3262 	3247
f 3330 	2213 	2530
f 2531 	2542 	3330
f 3330 	3240 	2213
f 3056 	3333 	3357
f 3327 	1759 	3328
f 1760 	1761 	3328
f 3330 	2544 	3240
f 3056 	3060 	3333
f 2544 	3245 	3240
f 1764 	1765 	3332
f 3060 	3262 	3333
f 3569 	3562 	3220
f 3340 	3378 	3311
f 81 	78 	3378
f 3378 	3340 	81
f 3342 	3344 	3243
f 3232 	3346 	3348
f 3348 	3257 	3232
f 3237 	3244 	3344
f 3346 	3201 	3238
f 3220 	3237 	3344
f 3340 	3311 	3350
f 3348 	3262 	3257
f 3600 	3220 	3344
f 3507 	3346 	3238
f 3350 	3352 	3340
f 3350 	3351 	3353
f 3351 	3359 	3353
f 3350 	3353 	3352
f 3354 	3348 	3410
f 3426 	3423 	3254
f 3262 	3348 	3354
f 3421 	3342 	3243
f 3346 	3410 	3348
f 3359 	3351 	3358
f 3391 	3013 	3393
f 3262 	3354 	3333
f 3283 	2987 	3287
f 3254 	3445 	3426
f 3056 	3357 	3123
f 3354 	3357 	3333
f 3359 	3361 	3230
f 3231 	3359 	3230
f 3352 	3353 	3292
f 3176 	3352 	3292
f 3304 	3340 	3352
f 3176 	3304 	3352
f 3353 	3359 	3292
f 3292 	3359 	3231
f 3456 	3342 	3466
f 3421 	3243 	3241
f 4129 	4128 	2797
f 2735 	2803 	4128
f 3455 	3601 	3342
f 3371 	84 	93
f 3371 	3378 	84
f 3378 	87 	84
f 3385 	3389 	3250
f 3382 	3383 	3350
f 3351 	3383 	3413
f 3383 	3351 	3350
f 3371 	3382 	3378
f 3311 	3378 	3382
f 3387 	3250 	3389
f 3350 	3311 	3382
f 3390 	3052 	3387
f 3394 	3393 	3013
f 3159 	2989 	3188
f 3390 	3394 	3052
f 3013 	3052 	3394
f 3423 	3420 	3241
f 3241 	3254 	3423
f 3391 	3254 	3015
f 3234 	3598 	3188
f 3391 	3015 	3013
f 3359 	3358 	3397
f 3397 	3361 	3359
f 3399 	3361 	3397
f 3411 	3400 	3357
f 3439 	3391 	3401
f 3393 	3401 	3391
f 3430 	3445 	3391
f 3254 	3391 	3445
f 3358 	3351 	3450
f 3450 	3397 	3358
f 3123 	3357 	3400
f 3234 	3235 	3399
f 3399 	3230 	3361
f 3235 	3230 	3399
f 3371 	93 	3402
f 2797 	2798 	4129
f 3403 	3408 	3382
f 3346 	3507 	3410
f 3389 	3404 	3387
f 3390 	3404 	3394
f 3507 	3405 	3410
f 3382 	3408 	3383
f 3410 	3357 	3354
f 93 	3460 	3402
f 3405 	3357 	3410
f 3371 	3402 	3403
f 3371 	3403 	3382
f 3408 	3403 	3465
f 3357 	3405 	3411
f 3414 	3415 	4211
f 3412 	3383 	3408
f 3411 	3140 	3400
f 4211 	4136 	3417
f 3387 	3404 	3390
f 3394 	3404 	3393
f 3412 	3413 	3383
f 3140 	3411 	3544
f 3404 	3401 	3393
f 3412 	3753 	3413
f 3424 	4129 	2799
f 3421 	3466 	3342
f 3414 	4211 	3418
f 3416 	3417 	4136
f 4129 	3425 	3434
f 3424 	3425 	4129
f 3123 	3400 	3140
f 3140 	3544 	3557
f 3420 	3421 	3241
f 3422 	5602 	3427
f 3420 	3428 	3421
f 3467 	3468 	3421
f 3421 	3468 	3466
f 3430 	3391 	3439
f 3419 	3416 	4136
f 3432 	3440 	3429
f 6410 	4039 	4036
f 3427 	3201 	3422
f 3417 	3418 	4211
f 3427 	3238 	3201
f 3427 	3429 	3238
f 3518 	3519 	6410
f 3415 	3473 	4211
f 3432 	3570 	3443
f 3441 	4213 	3444
f 3432 	3443 	3440
f 3894 	3753 	3412
f 3420 	3423 	3448
f 3423 	3426 	3448
f 3426 	3445 	3448
f 3404 	3448 	3430
f 3753 	3450 	3413
f 3448 	3428 	3420
f 3351 	3413 	3450
f 3430 	3439 	3404
f 91 	3452 	3453
f 3401 	3404 	3439
f 3430 	3448 	3445
f 3460 	3453 	3452
f 3455 	3342 	3456
f 3600 	3342 	3601
f 3460 	93 	3453
f 3460 	3403 	3402
f 3459 	3460 	3452
f 3440 	3446 	3429
f 3440 	3462 	3446
f 3443 	3462 	3440
f 130 	3298 	131
f 3456 	3461 	3455
f 3455 	3461 	3601
f 3460 	3459 	3463
f 3463 	3465 	3460
f 3403 	3460 	3465
f 3444 	4213 	3469
f 3532 	3522 	6410
f 3428 	3467 	3421
f 3505 	3506 	6410
f 4213 	4211 	3473
f 3473 	3469 	4213
f 3456 	3466 	3461
f 3505 	6410 	3508
f 3468 	3467 	3461
f 3448 	3461 	3467
f 3441 	3442 	3504
f 3476 	3477 	3504
f 3474 	3504 	3477
f 3466 	3468 	3461
f 3518 	6410 	3522
f 3448 	3467 	3428
f 3512 	6410 	3515
f 3483 	3404 	3484
f 3476 	3504 	3485
f 3485 	3504 	3442
f 3486 	3448 	3483
f 3448 	3404 	3483
f 3486 	3489 	3448
f 3491 	3550 	3502
f 3474 	3475 	3502
f 3475 	3481 	3502
f 3481 	3491 	3502
f 3502 	3504 	3474
f 3521 	3502 	3501
f 3507 	3238 	3429
f 3441 	3504 	4213
f 3507 	3446 	3405
f 3526 	6434 	3527
f 3550 	3552 	3501
f 3429 	3446 	3507
f 3405 	3462 	3411
f 3513 	6410 	3506
f 3462 	3405 	3446
f 3510 	3516 	3520
f 3508 	6410 	3519
f 3520 	3509 	3510
f 3520 	3521 	3501
f 3501 	3509 	3520
f 3523 	3521 	3520
f 3510 	3509 	3534
f 3534 	3537 	3510
f 3535 	3536 	3509
f 3539 	3540 	3509
f 3534 	3509 	3536
f 3501 	3502 	3550
f 3509 	3501 	3539
f 3538 	3539 	3501
f 3535 	3509 	3540
f 3514 	3462 	3443
f 3443 	3464 	3514
f 3463 	3542 	3543
f 3462 	3544 	3411
f 3462 	3514 	3544
f 3465 	3463 	3543
f 3299 	3300 	131
f 3543 	3542 	3901
f 3545 	3543 	3901
f 3408 	3465 	3543
f 3543 	3545 	3408
f 3408 	3545 	3412
f 3848 	3461 	3488
f 3489 	3488 	3461
f 3448 	3489 	3461
f 3146 	3547 	3548
f 3538 	3501 	3552
f 135 	142 	3326
f 3537 	3553 	3510
f 3653 	3555 	3551
f 3554 	3510 	3553
f 3549 	3544 	3514
f 3215 	3211 	3556
f 3556 	3558 	3215
f 3558 	2426 	2448
f 3557 	3544 	3549
f 3549 	3551 	3156
f 2448 	3205 	3558
f 3623 	2451 	3558
f 3156 	3557 	3549
f 2451 	2426 	3558
f 3170 	3551 	3555
f 3571 	3957 	3568
f 3551 	3170 	3156
f 3562 	3223 	3220
f 3555 	3660 	3670
f 3556 	3223 	3562
f 3568 	3957 	3566
f 3558 	3556 	3623
f 3567 	4869 	3174
f 3567 	3174 	3555
f 3626 	3623 	3556
f 3569 	3597 	3562
f 3572 	3443 	3570
f 3572 	3464 	3443
f 3321 	2538 	3447
f 3604 	3777 	3577
f 3579 	3777 	3581
f 5863 	3572 	3570
f 3577 	3777 	3576
f 3572 	3573 	3578
f 3572 	3578 	3464
f 3576 	3777 	3579
f 3306 	42 	3305
f 3307 	42 	3306
f 43 	3307 	44
f 3464 	3578 	3580
f 40 	44 	3296
f 3573 	3575 	3588
f 3777 	3957 	3581
f 3595 	3548 	3547
f 3327 	47 	3326
f 135 	3326 	47
f 3626 	3556 	3562
f 3344 	3342 	3600
f 3301 	3293 	2535
f 3569 	3600 	3603
f 3307 	43 	42
f 4068 	4069 	6410
f 3593 	3595 	3594
f 4072 	4067 	6410
f 3603 	3607 	3569
f 3597 	3569 	3596
f 3594 	3595 	3666
f 3328 	48 	3327
f 3599 	3188 	3598
f 3599 	3159 	3188
f 3309 	44 	3307
f 3600 	3569 	3220
f 3602 	3600 	3601
f 3602 	3603 	3600
f 3599 	3595 	3159
f 3595 	3547 	3159
f 3593 	3548 	3595
f 3601 	3461 	3602
f 3603 	3602 	3461
f 3607 	3608 	3569
f 3584 	3581 	3957
f 3596 	3569 	3608
f 3603 	3461 	3771
f 3607 	3603 	3771
f 3608 	3771 	3596
f 3554 	3621 	3510
f 3955 	3564 	3565
f 3765 	3596 	3771
f 3565 	3566 	3957
f 3607 	3771 	3608
f 3615 	3955 	3614
f 3564 	3955 	3615
f 3626 	3562 	3628
f 3955 	3510 	3621
f 3955 	3621 	3622
f 3614 	3955 	3622
f 3627 	3562 	3597
f 3588 	3578 	3573
f 3588 	3653 	3578
f 3604 	3629 	3777
f 3630 	3777 	3629
f 3653 	3580 	3578
f 3627 	3628 	3562
f 3580 	3551 	3549
f 3776 	3777 	3630
f 3596 	3765 	3597
f 3597 	3765 	3627
f 3627 	3765 	3628
f 3674 	3623 	3637
f 3639 	3637 	3626
f 3626 	3637 	3623
f 3639 	3628 	3765
f 3635 	3510 	3955
f 3639 	3626 	3628
f 3637 	3765 	3674
f 3633 	3638 	3644
f 3635 	3516 	3510
f 3633 	3516 	3635
f 3516 	3633 	3641
f 3633 	3644 	3641
f 3645 	3646 	3638
f 3646 	3644 	3638
f 3646 	4503 	3644
f 3640 	3646 	3645
f 233 	144 	2470
f 233 	2470 	3669
f 3520 	3516 	3641
f 3641 	3523 	3520
f 2426 	3649 	3648
f 128 	2426 	3648
f 104 	128 	3648
f 3514 	3464 	3580
f 3549 	3514 	3580
f 3653 	3551 	3580
f 3649 	2426 	3654
f 3656 	3588 	3575
f 3675 	3672 	3623
f 3588 	3656 	3660
f 2451 	3623 	3654
f 2426 	2451 	3654
f 3588 	3660 	3653
f 3555 	3653 	3660
f 3672 	2537 	3654
f 3661 	3658 	3688
f 3654 	3623 	3672
f 3666 	3595 	3661
f 3662 	3669 	2470
f 3664 	3670 	3660
f 3766 	3788 	3669
f 3667 	3666 	3661
f 3664 	3660 	3656
f 3657 	3658 	3598
f 3675 	3623 	3674
f 3598 	3234 	3657
f 3658 	3661 	3598
f 3598 	3661 	3599
f 3661 	3595 	3599
f 3765 	3662 	3672
f 2537 	3672 	3662
f 3567 	3555 	3670
f 3666 	3667 	3677
f 3672 	3675 	3765
f 3594 	3666 	3677
f 3670 	4977 	3567
f 3675 	3674 	3765
f 3766 	3669 	3662
f 3683 	233 	3669
f 3788 	3683 	3669
f 3684 	3656 	3575
f 3685 	3656 	3684
f 3685 	3664 	3656
f 3687 	3657 	3399
f 3687 	3688 	3658
f 3658 	3657 	3687
f 3682 	3664 	3685
f 3688 	3690 	3661
f 3664 	3682 	3665
f 40 	3296 	130
f 3665 	3682 	5080
f 3299 	131 	3298
f 3667 	3661 	3690
f 3300 	132 	131
f 5080 	5016 	3665
f 133 	132 	3301
f 2535 	133 	3301
f 3336 	138 	3335
f 47 	3327 	48
f 41 	52 	3305
f 139 	2538 	3335
f 4596 	3022 	2863
f 3234 	3399 	3657
f 3695 	3399 	3397
f 3695 	3687 	3399
f 138 	3336 	142
f 3697 	3695 	3397
f 3337 	3326 	142
f 3329 	48 	3328
f 3697 	3687 	3695
f 3697 	3698 	3687
f 3690 	3702 	3704
f 3334 	3305 	52
f 3305 	42 	41
f 3702 	3687 	3698
f 3702 	3688 	3687
f 3309 	3296 	44
f 3298 	130 	3296
f 3300 	3301 	132
f 3690 	3688 	3702
f 3723 	4544 	3724
f 3724 	3726 	3704
f 3723 	3724 	3704
f 3667 	3690 	3726
f 3690 	3704 	3726
f 3904 	3776 	3764
f 3726 	3714 	3677
f 3667 	3726 	3677
f 2534 	3447 	2538
f 3321 	3335 	2538
f 139 	3335 	138
f 3337 	142 	3336
f 3329 	49 	48
f 3331 	50 	3329
f 51 	50 	3332
f 3334 	52 	3332
f 51 	3332 	52
f 3450 	3734 	3397
f 3734 	3732 	3738
f 3738 	3697 	3734
f 3697 	3397 	3734
f 3738 	3741 	3698
f 3744 	4596 	2863
f 3738 	3698 	3697
f 3741 	3745 	3698
f 3745 	3702 	3698
f 3702 	3745 	3704
f 3732 	3894 	3752
f 3894 	3732 	3753
f 3749 	3925 	3793
f 3732 	3752 	3754
f 235 	233 	3683
f 3763 	3904 	3762
f 3904 	3764 	3762
f 3637 	3639 	3765
f 3662 	3765 	3766
f 1552 	3904 	3768
f 3767 	3904 	3770
f 3770 	3904 	3763
f 3767 	3768 	3904
f 3775 	3712 	1552
f 1552 	3768 	3769
f 3769 	3773 	1552
f 3765 	3772 	3766
f 3773 	3775 	1552
f 3712 	3713 	1552
f 3771 	3772 	3765
f 3772 	3774 	3766
f 1506 	1552 	3716
f 3713 	3716 	1552
f 3778 	3771 	3779
f 3571 	3609 	3957
f 3609 	3584 	3957
f 3300 	1747 	3301
f 1748 	1749 	3301
f 3778 	3782 	3771
f 3781 	3780 	3772
f 1739 	1741 	3305
f 1742 	3307 	1741
f 3781 	3772 	3782
f 3771 	3782 	3772
f 3307 	1742 	3309
f 1743 	1744 	3309
f 3789 	3785 	3776
f 3780 	3784 	3772
f 1745 	3298 	1744
f 3783 	3774 	3784
f 3772 	3784 	3774
f 3777 	3776 	3785
f 3786 	3774 	3787
f 3785 	3959 	3777
f 3783 	3787 	3774
f 1749 	2231 	3293
f 1762 	3332 	3331
f 3334 	1765 	3305
f 3766 	3774 	3788
f 1759 	3327 	3326
f 3328 	1759 	1760
f 1762 	3331 	3329
f 4122 	3727 	3776
f 3727 	3728 	3776
f 3728 	3764 	3776
f 3321 	1782 	3335
f 3336 	3335 	1774
f 3789 	3790 	3785
f 3755 	3951 	3756
f 1773 	1774 	3335
f 3336 	1774 	3337
f 3758 	3756 	3951
f 3951 	3938 	3758
f 3929 	3790 	3789
f 3791 	3936 	3794
f 3795 	2231 	3814
f 3758 	4656 	4657
f 3758 	4657 	3756
f 2235 	2364 	3814
f 3822 	3821 	3814
f 3845 	3930 	3786
f 3461 	3849 	3771
f 3779 	3771 	3849
f 3849 	3461 	3848
f 235 	3683 	3851
f 24 	240 	3864
f 3864 	240 	3853
f 3853 	3885 	3864
f 3864 	247 	24
f 3864 	3885 	3873
f 3864 	3873 	247
f 3873 	3880 	247
f 57 	247 	3880
f 3754 	4587 	3810
f 3734 	3753 	3732
f 3450 	3753 	3734
f 3754 	3738 	3732
f 3754 	3810 	3738
f 3738 	3810 	3741
f 3741 	3810 	3887
f 3873 	3885 	5953
f 3887 	4539 	4541
f 4544 	3887 	4541
f 4544 	3723 	3887
f 3887 	3745 	3741
f 3723 	3745 	3887
f 3723 	3704 	3745
f 3542 	3897 	3901
f 3902 	3683 	3788
f 3816 	3938 	3939
f 3683 	3902 	3851
f 3758 	3938 	3816
f 4573 	3908 	3901
f 3904 	1552 	3916
f 3901 	3897 	4573
f 3908 	3545 	3901
f 3908 	3894 	3545
f 3909 	3752 	3908
f 4656 	3758 	3816
f 3752 	3894 	3908
f 3904 	3916 	3912
f 3914 	3905 	3998
f 3916 	3918 	3929
f 3909 	3915 	3754
f 3929 	3912 	3916
f 3909 	3754 	3752
f 3918 	3919 	3929
f 3919 	3920 	3936
f 1176 	3914 	3917
f 3412 	3545 	3894
f 4587 	3754 	3915
f 3916 	1559 	3918
f 3744 	2863 	2870
f 2870 	2868 	3744
f 94 	3921 	3923
f 2324 	3919 	1561
f 2868 	3747 	3744
f 3919 	3918 	1561
f 2868 	3922 	3747
f 3921 	3926 	3923
f 2606 	2575 	3821
f 90 	94 	3923
f 90 	3923 	3452
f 2324 	2326 	3919
f 3749 	3747 	3922
f 3789 	3904 	3912
f 3921 	4764 	3926
f 3924 	3925 	3749
f 3923 	3459 	3452
f 3904 	3789 	3776
f 3923 	3926 	3459
f 3926 	3463 	3459
f 3902 	3788 	3930
f 3922 	3924 	3749
f 3929 	3789 	3912
f 3788 	3774 	3930
f 3919 	3933 	3929
f 3760 	3925 	3757
f 3791 	3929 	3933
f 3942 	3925 	3924
f 3930 	3935 	3902
f 3929 	3791 	3790
f 3924 	3970 	3942
f 3931 	3926 	4767
f 3931 	3463 	3926
f 3936 	3933 	3919
f 3931 	3932 	3542
f 3936 	3791 	3933
f 3760 	3793 	3925
f 3931 	3542 	3463
f 3902 	3935 	3910
f 3932 	4768 	3897
f 3940 	3936 	3920
f 4073 	3794 	3936
f 3542 	3932 	3897
f 4971 	4573 	3897
f 3940 	4073 	3936
f 3943 	3930 	3845
f 3774 	3786 	3930
f 3942 	3757 	3925
f 3942 	3941 	3757
f 3949 	3935 	3950
f 3941 	3755 	3757
f 3930 	3946 	3945
f 3930 	3945 	3947
f 3930 	3947 	3948
f 3950 	3935 	3948
f 3930 	3948 	3935
f 3941 	3951 	3755
f 3940 	5417 	3944
f 3943 	3946 	3930
f 5419 	3944 	5417
f 3949 	3954 	3935
f 5419 	5436 	3944
f 3935 	3954 	3953
f 3853 	3851 	3910
f 3565 	3957 	3955
f 3959 	3635 	3955
f 3960 	3853 	3910
f 3941 	3983 	3951
f 3983 	3984 	3951
f 3959 	3633 	3635
f 3938 	3951 	3984
f 3939 	3938 	3984
f 2868 	2880 	3922
f 2880 	2885 	3922
f 3967 	3960 	3910
f 3922 	2885 	3924
f 3935 	3967 	3910
f 2885 	3970 	3924
f 3957 	3959 	3955
f 3973 	3974 	3633
f 3970 	3941 	3942
f 3967 	3987 	3960
f 3970 	2885 	3964
f 3633 	3974 	3638
f 3980 	3987 	3967
f 3977 	3970 	3964
f 3935 	3953 	3967
f 3978 	3967 	3953
f 3977 	3941 	3970
f 3983 	3941 	3977
f 3967 	3982 	3981
f 3967 	3981 	3980
f 3978 	3982 	3967
f 3995 	4006 	6410
f 3980 	3979 	3987
f 4032 	3987 	3985
f 3979 	3985 	3987
f 106 	6410 	4006
f 3939 	3984 	3989
f 3995 	6410 	3994
f 3989 	3992 	3939
f 3902 	3910 	3851
f 4013 	4001 	3992
f 3998 	3816 	3939
f 3998 	3905 	3816
f 3914 	3998 	4001
f 4001 	3917 	3914
f 4001 	4005 	3917
f 3994 	6410 	4003
f 3885 	3853 	3960
f 4003 	6410 	4008
f 4020 	4008 	6410
f 4012 	4005 	4001
f 2575 	3795 	3814
f 3998 	3939 	3992
f 3992 	4001 	3998
f 4016 	4017 	6410
f 4020 	6410 	4019
f 4013 	4012 	4001
f 3814 	3821 	2575
f 4009 	4032 	4010
f 3985 	4010 	4032
f 5975 	4007 	4032
f 4009 	4030 	4032
f 4032 	4030 	4033
f 4038 	4039 	6410
f 3960 	3987 	4007
f 4007 	3885 	3960
f 4037 	4040 	6434
f 3527 	6434 	4040
f 4042 	4120 	4034
f 4062 	4038 	6410
f 3973 	3633 	3959
f 3959 	4044 	3973
f 3974 	3976 	3645
f 3974 	3645 	3638
f 3976 	3640 	3645
f 3785 	4044 	3959
f 3777 	3959 	3957
f 4044 	3785 	3790
f 3791 	4070 	4044
f 3790 	3791 	4044
f 4054 	4057 	6410
f 4053 	4054 	6410
f 3973 	4070 	3974
f 4017 	4019 	6410
f 4050 	4016 	6410
f 4050 	6410 	4057
f 4047 	4073 	4052
f 4068 	6410 	4067
f 4062 	6410 	4063
f 4060 	4042 	4034
f 4052 	4058 	4083
f 4063 	6410 	4069
f 6256 	4065 	6410
f 4060 	4536 	4042
f 4042 	4538 	4043
f 6410 	4066 	4071
f 6410 	4071 	4072
f 4070 	3976 	3974
f 3973 	4044 	4070
f 4047 	4070 	3791
f 4047 	3976 	4070
f 3794 	4047 	3791
f 3794 	4073 	4047
f 4058 	4052 	4074
f 4073 	4074 	4052
f 4074 	4075 	4061
f 4074 	4061 	4058
f 4073 	3940 	4074
f 3940 	3944 	4074
f 3640 	3976 	4081
f 4052 	4081 	4047
f 3976 	4047 	4081
f 4081 	4052 	4083
f 4081 	4083 	3640
f 4083 	3650 	3640
f 4083 	4061 	4087
f 4061 	4091 	4087
f 4061 	4083 	4058
f 4083 	4087 	4551
f 4083 	4551 	3650
f 5513 	4089 	4075
f 4089 	4061 	4075
f 4061 	4089 	4091
f 2535 	3293 	3795
f 4202 	4187 	6410
f 4098 	4099 	6410
f 4100 	6410 	4104
f 4098 	6410 	4100
f 4102 	4055 	6410
f 4102 	6410 	4099
f 4053 	6410 	4055
f 4111 	4154 	4114
f 5541 	4091 	4089
f 4122 	3776 	3630
f 4125 	4155 	4126
f 2934 	2924 	4128
f 2800 	2797 	4128
f 4129 	2937 	4128
f 2937 	2934 	4128
f 4135 	3107 	3108
f 3431 	3419 	4136
f 3434 	3431 	4136
f 4136 	4129 	3434
f 4129 	4138 	4143
f 3795 	2610 	2535
f 3795 	2575 	2610
f 434 	4321 	4152
f 4110 	439 	4152
f 439 	434 	4152
f 4110 	4152 	4111
f 4115 	4114 	4154
f 4154 	4111 	4152
f 4154 	4124 	4115
f 4125 	4124 	4155
f 4154 	4155 	4124
f 4158 	4126 	4155
f 4158 	4127 	4126
f 4158 	4150 	4127
f 4156 	4159 	4155
f 4159 	4158 	4155
f 4159 	4108 	4109
f 4109 	4150 	4159
f 4159 	4150 	4158
f 4156 	4432 	4159
f 4164 	1371 	1374
f 4317 	448 	4330
f 4164 	4160 	1371
f 4164 	6514 	6513
f 6513 	4160 	4164
f 4164 	1374 	1385
f 1385 	1387 	4177
f 1385 	4177 	4168
f 4169 	4170 	4167
f 4164 	1385 	4168
f 4169 	4171 	4172
f 4176 	4177 	1386
f 4177 	1387 	1386
f 6518 	4177 	4176
f 1386 	1409 	4176
f 4184 	6520 	4176
f 4184 	1409 	4186
f 4184 	4176 	1409
f 4185 	4186 	1411
f 4188 	6410 	4187
f 4104 	6410 	4188
f 4196 	4197 	1420
f 4197 	1442 	1420
f 4196 	6530 	4197
f 4185 	1442 	4197
f 4199 	4204 	4663
f 4204 	4205 	4663
f 6410 	4663 	4205
f 4138 	4129 	4136
f 4143 	2937 	4129
f 4207 	6410 	4205
f 4202 	6410 	4207
f 4208 	4209 	4143
f 4208 	4143 	4138
f 4143 	4209 	2937
f 4209 	3108 	2937
f 4230 	4134 	4208
f 4134 	4135 	4208
f 4135 	4209 	4208
f 4135 	3108 	4209
f 4216 	4211 	4213
f 4216 	4218 	4211
f 4218 	4138 	4136
f 4218 	4136 	4211
f 4219 	4220 	4216
f 4220 	4218 	4216
f 4169 	4172 	4170
f 4220 	4208 	4218
f 4333 	4170 	4172
f 4208 	4138 	4218
f 4220 	4230 	4208
f 4171 	4221 	4172
f 4224 	4225 	4226
f 4227 	458 	427
f 4224 	4226 	4223
f 4226 	4225 	4312
f 4421 	4219 	4216
f 458 	4227 	4234
f 4421 	4228 	4219
f 466 	458 	4229
f 4167 	466 	4229
f 4228 	4230 	4219
f 4234 	4167 	4229
f 4228 	4226 	4230
f 4219 	4230 	4220
f 4167 	448 	466
f 4229 	458 	4234
f 4222 	4226 	4228
f 4226 	4222 	4223
f 4226 	4233 	4230
f 4363 	4231 	4235
f 4363 	4365 	4231
f 4232 	4234 	4238
f 4236 	4231 	4232
f 4236 	4235 	4231
f 4232 	4238 	4236
f 4234 	4227 	4238
f 4031 	4119 	4043
f 4236 	4239 	4235
f 4236 	4240 	4239
f 4243 	4241 	6539
f 4101 	4240 	4236
f 3245 	4241 	4243
f 4221 	4171 	4244
f 4169 	4232 	4171
f 4165 	4166 	4031
f 4232 	4244 	4171
f 4231 	4244 	4232
f 6539 	6540 	4243
f 6540 	6529 	4243
f 6529 	4195 	4243
f 4251 	4269 	4250
f 4254 	4253 	4269
f 4183 	4245 	4269
f 4254 	4269 	4245
f 6367 	4241 	3245
f 4198 	4199 	4663
f 4252 	4269 	4253
f 4663 	6410 	4638
f 4264 	4266 	4262
f 4263 	4264 	4262
f 4266 	4270 	4262
f 4294 	4262 	3321
f 4233 	4226 	4312
f 4270 	4277 	4262
f 4268 	4134 	4267
f 4271 	4272 	4663
f 4272 	4273 	4663
f 4283 	4285 	4261
f 4273 	4274 	4663
f 4277 	4279 	4262
f 4134 	4268 	4135
f 4309 	4246 	4663
f 3120 	3107 	4135
f 4268 	3120 	4135
f 4274 	4309 	4663
f 4267 	4275 	4268
f 4120 	4097 	4034
f 4312 	4275 	4267
f 4275 	4276 	4268
f 4269 	4261 	4285
f 4276 	3125 	4268
f 3125 	3120 	4268
f 3127 	4276 	4278
f 4261 	75 	4262
f 4183 	4269 	4182
f 4279 	4280 	4261
f 4280 	4283 	4261
f 4261 	4262 	4279
f 4269 	4289 	4261
f 4031 	4166 	4119
f 76 	4262 	75
f 4043 	4119 	4120
f 4120 	4042 	4043
f 4258 	4269 	4251
f 4289 	71 	4261
f 4285 	4182 	4269
f 4165 	4237 	4193
f 4252 	4250 	4269
f 71 	72 	4261
f 72 	73 	4261
f 4237 	4355 	4193
f 4289 	4269 	4258
f 4031 	4237 	4165
f 4294 	3321 	4293
f 4262 	4294 	4295
f 4262 	4295 	4263
f 2519 	3127 	4278
f 2517 	2519 	4278
f 4275 	4278 	4276
f 4275 	4298 	4278
f 4318 	2527 	4278
f 4233 	4267 	4230
f 4267 	4134 	4230
f 4246 	4198 	4663
f 4301 	4308 	4288
f 4308 	4305 	4288
f 4304 	4288 	4305
f 4308 	4301 	4310
f 4304 	4290 	4288
f 4303 	4290 	4304
f 4233 	4312 	4267
f 4316 	4663 	4315
f 4315 	4663 	4331
f 4364 	4312 	4225
f 4169 	4167 	4234
f 4314 	4298 	4312
f 4298 	4275 	4312
f 4234 	4232 	4169
f 4663 	4316 	4271
f 4330 	448 	4167
f 4303 	4320 	4290
f 6553 	4290 	4319
f 4320 	4319 	4290
f 4321 	4154 	4152
f 4326 	4663 	4323
f 4327 	4663 	4326
f 434 	473 	4321
f 4301 	4332 	4324
f 4310 	4301 	4328
f 4328 	4301 	4324
f 4321 	4317 	4330
f 4331 	4663 	4327
f 6549 	4329 	4288
f 4288 	4329 	4301
f 4329 	4332 	4301
f 4330 	4167 	4170
f 4321 	4330 	4334
f 4321 	4334 	4154
f 4330 	4170 	4334
f 4335 	4334 	4170
f 4335 	4155 	4154
f 4335 	4156 	4155
f 4335 	4154 	4334
f 4170 	4333 	4335
f 4333 	4156 	4335
f 4332 	5159 	5177
f 4332 	5177 	4338
f 4337 	4332 	4338
f 4337 	4336 	4332
f 4325 	4324 	4332
f 4325 	4332 	4336
f 2604 	5607 	4341
f 4343 	4190 	4192
f 4347 	4342 	4341
f 4344 	4342 	4347
f 4347 	4341 	5607
f 4298 	4318 	4278
f 2528 	4318 	2552
f 4349 	4314 	4368
f 4368 	4383 	4349
f 4298 	4314 	4318
f 4314 	4349 	4318
f 4349 	4383 	4353
f 2554 	4349 	2553
f 4353 	2553 	4349
f 2554 	2552 	4349
f 4318 	4349 	2552
f 2555 	4383 	2556
f 2558 	2560 	4353
f 4235 	4239 	4352
f 4240 	4352 	4239
f 4353 	2560 	2553
f 2555 	2557 	4383
f 4353 	4383 	2558
f 4172 	4357 	4333
f 4221 	4357 	4172
f 4356 	4364 	4224
f 4356 	4368 	4364
f 4364 	4225 	4224
f 4244 	4231 	4365
f 4365 	4367 	4244
f 4343 	4192 	4193
f 6534 	4345 	4346
f 4345 	4190 	4348
f 6532 	4345 	6534
f 4356 	4369 	4368
f 4364 	4314 	4312
f 4345 	6532 	4190
f 4365 	4363 	4352
f 4364 	4368 	4314
f 4235 	4352 	4363
f 4190 	4343 	4348
f 4352 	4367 	4365
f 4343 	4193 	4355
f 4221 	4378 	4379
f 4221 	4244 	4378
f 4368 	4369 	4384
f 4368 	4384 	4383
f 4384 	4391 	4383
f 4383 	4392 	2556
f 4662 	4323 	4663
f 4392 	2563 	2556
f 4390 	4244 	4367
f 4390 	4378 	4244
f 4378 	4390 	4808
f 4391 	4392 	4383
f 2566 	2567 	4392
f 2563 	4392 	2564
f 4393 	4322 	4662
f 4323 	4662 	4322
f 4352 	4808 	4390
f 4390 	4367 	4352
f 4106 	4396 	4397
f 4107 	4396 	4106
f 4159 	4396 	4107
f 4400 	4402 	4394
f 4396 	4401 	4406
f 2572 	4394 	2573
f 4406 	4397 	4396
f 4408 	4407 	4410
f 4400 	5601 	4402
f 4401 	4407 	4408
f 4401 	4408 	4411
f 2569 	4402 	2570
f 4391 	4394 	2566
f 4411 	4406 	4401
f 4402 	2573 	4394
f 4410 	4407 	4414
f 2572 	2574 	4394
f 4413 	4414 	4407
f 4391 	2566 	4392
f 4407 	4403 	4404
f 4407 	4419 	4413
f 2573 	4402 	2569
f 3504 	3502 	4417
f 4401 	4403 	4407
f 4416 	4419 	2789
f 4415 	4413 	4419
f 4418 	3504 	4417
f 4419 	4416 	4415
f 4417 	4420 	4421
f 4536 	4060 	4427
f 4404 	4419 	4407
f 2788 	4419 	2787
f 3049 	2787 	4419
f 2788 	2789 	4419
f 4417 	4421 	4418
f 4424 	4222 	4421
f 4424 	4223 	4222
f 4420 	4424 	4421
f 4223 	4424 	4429
f 4333 	4428 	4156
f 4418 	4213 	3504
f 4213 	4418 	4216
f 4107 	4108 	4159
f 4418 	4421 	4216
f 4432 	4156 	4428
f 4401 	4396 	4159
f 4421 	4222 	4228
f 4432 	4401 	4159
f 3521 	4417 	3502
f 4434 	4427 	2922
f 4403 	4401 	4432
f 3523 	4436 	3521
f 4420 	4417 	3521
f 4436 	4420 	3521
f 4438 	4436 	3523
f 4436 	4438 	4424
f 4548 	3724 	4544
f 4548 	4412 	3724
f 4409 	3724 	4412
f 4373 	6565 	4376
f 3726 	3724 	4409
f 3714 	3726 	4409
f 4376 	6563 	4347
f 4451 	4662 	4450
f 4447 	4662 	4446
f 5112 	4442 	4443
f 4445 	5112 	4443
f 4446 	5112 	4445
f 4450 	4662 	4447
f 5112 	4446 	4662
f 4451 	4474 	4662
f 4444 	4448 	4449
f 4474 	4476 	4662
f 4601 	4419 	4404
f 4448 	4453 	4449
f 4453 	4457 	4449
f 4457 	5693 	4449
f 4457 	4453 	4458
f 4373 	5693 	4457
f 6566 	4373 	4457
f 4436 	4424 	4420
f 4424 	4438 	4464
f 4461 	4356 	4224
f 4429 	4461 	4223
f 4224 	4223 	4461
f 4601 	4604 	4419
f 4469 	4466 	4467
f 4467 	4471 	4469
f 4395 	4662 	4476
f 4429 	4424 	4464
f 4393 	4662 	4395
f 4466 	4429 	4464
f 4429 	4466 	4461
f 4469 	4477 	4461
f 4466 	4469 	4461
f 4477 	4356 	4461
f 4469 	4479 	4477
f 4369 	4356 	4477
f 4471 	4479 	4469
f 4471 	4488 	4479
f 4480 	4471 	4467
f 4471 	4481 	4488
f 4480 	4481 	4471
f 4493 	4488 	4481
f 4493 	4491 	4488
f 4493 	4497 	4491
f 3049 	4419 	4518
f 3640 	4504 	3646
f 4505 	4503 	3646
f 3646 	4506 	4505
f 4599 	4597 	4404
f 4597 	4601 	4404
f 4404 	4403 	4599
f 4504 	4506 	3646
f 4509 	3640 	3650
f 3640 	4509 	4504
f 4551 	4552 	4509
f 4503 	3523 	3641
f 4432 	4510 	4403
f 4438 	3523 	4503
f 4503 	3641 	3644
f 4438 	4505 	4464
f 4466 	4464 	4505
f 4536 	4427 	4434
f 4505 	4438 	4503
f 4538 	4434 	4437
f 4505 	4506 	4466
f 4702 	4703 	4403
f 4702 	4403 	4510
f 4509 	4506 	4504
f 4434 	4538 	4536
f 4509 	4467 	4506
f 4467 	4466 	4506
f 6566 	4457 	4458
f 4520 	4518 	4519
f 4640 	4518 	4520
f 3250 	3049 	4518
f 4640 	3386 	4518
f 4599 	4403 	4605
f 4519 	4523 	4520
f 2922 	4034 	4097
f 2301 	4532 	4530
f 4530 	4532 	4935
f 3887 	3810 	4587
f 4538 	4031 	4043
f 4587 	4539 	3887
f 4538 	4531 	4031
f 4042 	4536 	4538
f 4539 	4585 	4590
f 4531 	4538 	4437
f 4541 	4539 	4590
f 4343 	4547 	4543
f 4541 	4546 	4548
f 4541 	4548 	4544
f 4355 	4517 	4549
f 4549 	4343 	4355
f 4641 	4548 	4546
f 4641 	4412 	4548
f 4509 	4480 	4467
f 4517 	4355 	4237
f 3650 	4551 	4509
f 4551 	4558 	4552
f 4558 	4551 	4560
f 4517 	4237 	4031
f 4549 	4547 	4343
f 4509 	4552 	4480
f 4541 	4642 	4546
f 4558 	4481 	4480
f 4493 	4481 	4558
f 4480 	4552 	4558
f 4560 	4563 	4564
f 4517 	4031 	4531
f 4563 	4566 	4564
f 4560 	4564 	4558
f 5113 	4571 	5112
f 4442 	5112 	4567
f 4569 	4564 	4566
f 4567 	5112 	4571
f 4572 	4571 	5113
f 4564 	4493 	4558
f 4497 	4564 	4569
f 4574 	3909 	4573
f 4866 	4861 	4577
f 4861 	4578 	4577
f 3755 	3756 	4579
f 3909 	3908 	4573
f 4579 	3757 	3755
f 4543 	4547 	3760
f 3757 	4543 	3760
f 3757 	4579 	4543
f 3915 	4574 	4584
f 3756 	4657 	4579
f 3915 	3909 	4574
f 4547 	4549 	3760
f 4598 	4517 	4531
f 4598 	4531 	4441
f 4876 	4588 	4578
f 4531 	4437 	4441
f 4585 	4587 	3915
f 4585 	3915 	4584
f 4876 	4582 	4588
f 4585 	4539 	4587
f 4060 	2922 	4427
f 4034 	2922 	4060
f 4592 	6577 	6578
f 3749 	4598 	3747
f 3022 	4434 	2922
f 4434 	4596 	4437
f 4602 	4603 	5012
f 4518 	4419 	4604
f 4604 	4519 	4518
f 4596 	4434 	3022
f 4596 	3744 	4437
f 5012 	4600 	4602
f 4441 	4437 	3744
f 4598 	3744 	3747
f 4598 	4441 	3744
f 3793 	4549 	4598
f 4549 	4517 	4598
f 3760 	4549 	3793
f 4664 	4665 	4602
f 4600 	4664 	4602
f 4605 	4515 	4599
f 4597 	4599 	4515
f 4606 	4584 	4574
f 4597 	4515 	4601
f 4519 	4604 	4523
f 4606 	4603 	4585
f 4601 	4515 	4604
f 4606 	4585 	4584
f 4523 	4604 	4515
f 4585 	4603 	4602
f 4585 	4602 	4590
f 4602 	4665 	4607
f 4602 	4607 	4590
f 4541 	4590 	4607
f 4497 	4493 	4564
f 4087 	4091 	4551
f 4091 	4560 	4551
f 4091 	3655 	4563
f 4563 	4560 	4091
f 4477 	4479 	4369
f 4612 	4613 	4491
f 4613 	4488 	4491
f 4614 	4612 	4491
f 4617 	5113 	4690
f 4618 	5113 	4617
f 4620 	5113 	4618
f 4491 	4616 	4614
f 4621 	5113 	4620
f 4479 	4488 	4613
f 4613 	4384 	4369
f 4613 	4369 	4479
f 4384 	4612 	4391
f 4613 	4612 	4384
f 4394 	4612 	4614
f 3749 	3793 	4598
f 4394 	4391 	4612
f 4623 	4400 	4616
f 4616 	4400 	4614
f 4400 	4394 	4614
f 4491 	4497 	4616
f 4497 	5608 	4616
f 4543 	4579 	4345
f 4616 	5608 	4623
f 4657 	4346 	4345
f 4621 	4572 	5113
f 3250 	4518 	3386
f 4638 	4674 	4663
f 4345 	4579 	4657
f 4541 	4607 	4642
f 4543 	4345 	4348
f 4665 	4642 	4607
f 4520 	4523 	4640
f 4647 	4515 	4648
f 4648 	4515 	4649
f 4515 	4808 	4649
f 4515 	4647 	4651
f 4651 	4650 	4523
f 4515 	4651 	4523
f 4348 	4343 	4543
f 4523 	4653 	3484
f 4523 	3484 	3404
f 4523 	4650 	4653
f 4676 	4656 	3816
f 3404 	3385 	4523
f 3386 	4523 	3385
f 3389 	3385 	3404
f 4642 	4638 	4639
f 4642 	4639 	4546
f 3386 	4640 	4523
f 4657 	4656 	4346
f 4641 	4546 	4639
f 4676 	4370 	4656
f 4370 	4372 	4656
f 4346 	4656 	4372
f 4510 	4432 	4714
f 4714 	4720 	4510
f 4674 	4638 	4642
f 4637 	4563 	3655
f 4667 	4811 	4835
f 4667 	4835 	4666
f 4703 	4605 	4403
f 4668 	4673 	4664
f 4673 	4674 	4664
f 4510 	4700 	4702
f 4673 	4662 	4663
f 4663 	4674 	4673
f 4674 	4665 	4664
f 4677 	4370 	4676
f 4662 	4673 	4668
f 4674 	4642 	4665
f 4677 	3816 	3905
f 4677 	4676 	3816
f 4370 	4677 	892
f 892 	4677 	4681
f 905 	4681 	923
f 892 	4681 	905
f 5116 	4690 	5113
f 3914 	4681 	4677
f 5116 	4684 	4685
f 4685 	4687 	5116
f 3914 	1176 	4681
f 4677 	3905 	3914
f 3098 	3964 	2885
f 4688 	4689 	3964
f 5116 	4687 	4690
f 4689 	3977 	3964
f 3098 	4688 	3964
f 4689 	4688 	4692
f 4432 	4428 	4714
f 4510 	4717 	4700
f 4700 	4515 	4702
f 4515 	4703 	4702
f 4515 	4605 	4703
f 3983 	4689 	4692
f 4694 	3984 	3983
f 4694 	3989 	3984
f 3983 	4692 	4694
f 4711 	3989 	4707
f 3977 	4689 	3983
f 4694 	4707 	3989
f 4712 	4713 	4714
f 4713 	4720 	4714
f 4875 	4712 	4714
f 4717 	4510 	4720
f 4684 	5116 	4723
f 4713 	4808 	4720
f 4720 	4515 	4717
f 4711 	3992 	3989
f 4711 	4013 	3992
f 4726 	3103 	3132
f 4728 	2854 	4761
f 4723 	5116 	4732
f 1741 	1739 	2
f 4750 	4730 	4735
f 4688 	4737 	4692
f 3098 	3103 	4688
f 4737 	3103 	4726
f 4661 	4666 	4893
f 4694 	4692 	4737
f 2126 	4660 	4859
f 4745 	4694 	4737
f 4861 	4660 	4659
f 4733 	4707 	4745
f 4733 	4730 	4707
f 4707 	4694 	4745
f 4711 	4707 	4730
f 4700 	4717 	4515
f 2 	1742 	1741
f 4750 	4711 	4730
f 4753 	4012 	4013
f 4750 	4753 	4013
f 4013 	4711 	4750
f 4756 	4759 	2859
f 15 	16 	1764
f 4759 	4761 	2859
f 4758 	4750 	4735
f 1774 	4895 	1775
f 4758 	4760 	1204
f 95 	317 	3921
f 15 	1764 	14
f 4768 	4767 	4958
f 4767 	3932 	3931
f 4768 	3932 	4767
f 3926 	4764 	4767
f 4659 	4660 	1725
f 4661 	4659 	1725
f 1725 	4666 	4661
f 317 	4770 	3921
f 4779 	4770 	317
f 317 	320 	4779
f 1204 	4753 	4758
f 2301 	2126 	4859
f 1211 	1204 	4760
f 4753 	4750 	4758
f 4770 	4773 	4764
f 4770 	4764 	3921
f 4660 	4861 	4866
f 4764 	4773 	4776
f 4776 	4767 	4764
f 4910 	4782 	1775
f 1747 	178 	1748
f 178 	1747 	146
f 4896 	1775 	4895
f 1773 	4857 	1774
f 4730 	4733 	4795
f 4800 	1773 	2727
f 4857 	1773 	4800
f 4795 	4733 	4798
f 4735 	4730 	4775
f 4730 	4795 	4775
f 4806 	4726 	3132
f 4806 	4737 	4726
f 3132 	4774 	4806
f 4806 	4745 	4737
f 4806 	4733 	4745
f 4806 	4798 	4733
f 4515 	4720 	4808
f 4774 	3150 	4809
f 4816 	4649 	4808
f 5117 	5114 	4807
f 4777 	4802 	4854
f 4814 	4808 	4815
f 4807 	4815 	4808
f 4812 	4806 	4774
f 4807 	4813 	4815
f 4872 	4774 	4809
f 4816 	4808 	4814
f 5109 	5110 	4658
f 4817 	4812 	4872
f 4810 	4817 	4880
f 4784 	4770 	4779
f 4784 	4773 	4770
f 4428 	4333 	4357
f 4776 	4784 	4818
f 4817 	4795 	4812
f 4776 	4773 	4784
f 4798 	4812 	4795
f 4817 	4810 	4795
f 4795 	4810 	4775
f 4806 	4812 	4798
f 4810 	4819 	4775
f 4835 	4878 	4666
f 4860 	4819 	4810
f 4775 	4819 	4758
f 4820 	4758 	4819
f 4758 	4735 	4775
f 4820 	4760 	4758
f 4811 	4778 	4848
f 4778 	4777 	4848
f 4848 	4777 	4852
f 4777 	4854 	4852
f 4956 	4957 	1885
f 4808 	4352 	4807
f 4811 	4848 	4837
f 4837 	4835 	4811
f 4592 	4878 	4835
f 4873 	4874 	4357
f 4835 	6577 	4592
f 4841 	4929 	1885
f 4357 	4862 	4863
f 4873 	4357 	4863
f 4784 	4783 	4853
f 4428 	4357 	4874
f 4874 	4875 	4428
f 4853 	4818 	4784
f 4780 	4804 	6597
f 6597 	6596 	4780
f 4856 	4870 	325
f 4887 	4904 	4856
f 4895 	1774 	4894
f 4858 	4894 	1774
f 4820 	1211 	4760
f 2301 	4859 	4532
f 320 	326 	4779
f 4864 	4860 	4941
f 4578 	4861 	4876
f 326 	4871 	4779
f 4819 	4860 	4864
f 4379 	4862 	4221
f 4357 	4221 	4862
f 4941 	1228 	4864
f 1228 	1220 	4864
f 4864 	4820 	4819
f 4864 	1214 	4820
f 4577 	4859 	4866
f 4577 	4532 	4859
f 4863 	4862 	4808
f 4379 	4378 	4808
f 326 	4870 	4871
f 4862 	4379 	4808
f 4660 	4866 	4859
f 4884 	4885 	4869
f 4871 	4783 	4784
f 4869 	4872 	3174
f 4871 	4879 	4783
f 4809 	3174 	4872
f 4871 	4784 	4779
f 4872 	4812 	4774
f 4861 	4659 	4661
f 4856 	4865 	4870
f 4865 	4867 	4870
f 4714 	4428 	4875
f 4817 	4872 	4877
f 4867 	4879 	4870
f 4863 	4808 	4873
f 4880 	4817 	4877
f 4875 	4874 	4808
f 4879 	4871 	4870
f 4881 	4853 	4783
f 4873 	4808 	4874
f 4875 	4808 	4712
f 4880 	4860 	4810
f 4879 	4881 	4783
f 4867 	4868 	4879
f 4868 	4881 	4879
f 4808 	4713 	4712
f 4882 	92 	82
f 4882 	82 	89
f 4882 	4883 	92
f 89 	5272 	4882
f 4856 	4904 	4865
f 4868 	4867 	4907
f 4869 	4885 	4886
f 4886 	4872 	4869
f 4886 	4877 	4872
f 4930 	4937 	1710
f 4876 	4861 	4661
f 4893 	4666 	4878
f 4892 	4913 	4906
f 4898 	1775 	4896
f 4898 	4899 	1775
f 4893 	4876 	4661
f 4892 	4906 	4889
f 4878 	4582 	4893
f 4902 	1775 	4899
f 4582 	4878 	4592
f 4904 	4906 	4907
f 4907 	4865 	4904
f 4907 	4867 	4865
f 4910 	1775 	4909
f 1775 	4902 	4909
f 4582 	4876 	4893
f 4913 	4916 	4906
f 4913 	4911 	4916
f 4904 	4889 	4906
f 1746 	146 	1747
f 4904 	4887 	4889
f 4913 	4954 	4934
f 4934 	4911 	4913
f 2932 	176 	4782
f 4916 	4907 	4906
f 145 	1745 	1744
f 4913 	4892 	4954
f 4923 	4922 	4952
f 4886 	4880 	4877
f 4890 	4880 	4886
f 4954 	4892 	4926
f 4929 	4930 	1885
f 4937 	4946 	1710
f 4883 	550 	92
f 4934 	4933 	5387
f 4946 	4942 	1710
f 1710 	4945 	4950
f 4860 	4939 	4941
f 4942 	4944 	1710
f 4945 	1710 	4944
f 5024 	4935 	4948
f 4951 	1710 	4950
f 4532 	4948 	4935
f 4939 	4880 	4890
f 4939 	4890 	4928
f 4860 	4880 	4939
f 4839 	4841 	1885
f 4995 	4956 	1885
f 4941 	4939 	4928
f 4706 	4997 	1557
f 4941 	4928 	4943
f 4933 	4934 	4952
f 4943 	1227 	4941
f 1228 	4941 	1227
f 4923 	4954 	4926
f 4923 	4952 	4954
f 4838 	4839 	1885
f 4952 	4934 	4954
f 1885 	1557 	4997
f 4997 	5002 	1885
f 1230 	4955 	1319
f 4884 	4977 	4885
f 4838 	1885 	4957
f 5021 	4885 	4977
f 2353 	4530 	4935
f 4958 	4767 	4776
f 4978 	4979 	623
f 4979 	5007 	623
f 4955 	1227 	4943
f 1230 	1227 	4955
f 4886 	4959 	4890
f 4964 	649 	4965
f 4959 	4886 	4885
f 4963 	4965 	649
f 4890 	4968 	4928
f 622 	623 	4963
f 4968 	4943 	4928
f 4532 	4966 	4948
f 4890 	4959 	4968
f 4964 	4965 	4227
f 4955 	4943 	4968
f 3567 	4977 	4884
f 4884 	4869 	3567
f 4981 	4965 	4963
f 3897 	4961 	4971
f 5001 	4976 	4971
f 3664 	3665 	4977
f 4963 	623 	4981
f 4577 	4578 	4966
f 4966 	4532 	4577
f 4578 	4967 	4966
f 4578 	4588 	5061
f 4227 	4965 	4238
f 4582 	5061 	4588
f 4965 	4236 	4238
f 4578 	5061 	4967
f 4236 	4965 	5046
f 4978 	682 	4975
f 4987 	4988 	1725
f 4979 	4978 	4975
f 1762 	1761 	14
f 4981 	623 	5007
f 5007 	5006 	4981
f 4967 	5127 	4966
f 5125 	4966 	5127
f 4935 	5024 	4992
f 3897 	4768 	4961
f 4573 	4971 	4976
f 5002 	4998 	1885
f 4574 	4573 	4976
f 4606 	4574 	4976
f 5000 	4961 	4768
f 4768 	4958 	5000
f 4971 	4961 	5000
f 4971 	5000 	5001
f 4995 	1885 	4998
f 5001 	5005 	4976
f 4883 	5060 	4975
f 5004 	5005 	5001
f 1739 	1 	2
f 5004 	5008 	5009
f 4981 	5046 	4965
f 5004 	5009 	5005
f 5008 	5011 	5009
f 5006 	5048 	4981
f 5012 	5009 	5011
f 5011 	4600 	5012
f 5006 	5007 	4975
f 5009 	4606 	5005
f 4976 	5005 	4606
f 5009 	5012 	4606
f 5012 	4603 	4606
f 3664 	4977 	3670
f 5004 	5071 	5008
f 5080 	5018 	5016
f 4977 	3665 	5016
f 4975 	5007 	4979
f 5016 	5021 	4977
f 5016 	5018 	5022
f 5016 	5022 	5021
f 5125 	5024 	4948
f 5018 	5079 	4973
f 4948 	4966 	5125
f 5022 	4959 	4885
f 5022 	4885 	5021
f 4974 	5018 	4973
f 5018 	4974 	5022
f 4974 	4959 	5022
f 4974 	4968 	4959
f 4968 	4974 	4955
f 4973 	5030 	4974
f 4955 	4974 	5030
f 4973 	5095 	5030
f 5138 	5029 	5132
f 1743 	4 	1744
f 4776 	4818 	5023
f 4958 	4776 	5023
f 3 	4 	1742
f 5 	1744 	4
f 5000 	4958 	5023
f 5023 	5038 	5000
f 10 	12 	1759
f 5038 	5040 	5000
f 1760 	12 	1761
f 5040 	5001 	5000
f 5004 	5001 	5040
f 4975 	4352 	5049
f 5043 	4853 	4881
f 4818 	4853 	5043
f 5043 	5023 	4818
f 13 	1761 	12
f 5045 	5038 	5023
f 5045 	5040 	5038
f 5045 	5023 	5043
f 5049 	5046 	5048
f 4981 	5048 	5046
f 4236 	5046 	4101
f 5049 	4101 	5046
f 4240 	4101 	4352
f 4101 	5049 	4352
f 5049 	5048 	4975
f 5006 	4975 	5048
f 1765 	1764 	16
f 100 	92 	550
f 1742 	2 	3
f 550 	6633 	100
f 1744 	5 	145
f 1760 	1759 	12
f 1775 	176 	1769
f 1739 	16 	1
f 1743 	1742 	4
f 1746 	1745 	146
f 1769 	10 	1759
f 1762 	14 	1764
f 1769 	174 	10
f 1775 	4782 	176
f 174 	1769 	176
f 4883 	5277 	5060
f 4352 	4975 	5060
f 5062 	5040 	5045
f 5252 	5066 	5231
f 5064 	5063 	5065
f 5231 	5066 	5063
f 5065 	5063 	5066
f 5063 	5064 	5070
f 5067 	5045 	5041
f 5067 	5062 	5045
f 5068 	5117 	5069
f 5069 	5117 	5070
f 1327 	5030 	5095
f 5030 	1327 	1319
f 5062 	5071 	5004
f 5061 	4582 	6579
f 4955 	5030 	1319
f 4582 	4592 	6579
f 5062 	5004 	5040
f 5075 	5008 	5071
f 5073 	5074 	5072
f 5075 	5017 	5011
f 5011 	5008 	5075
f 5078 	5082 	1725
f 5076 	5074 	5073
f 5077 	5062 	5067
f 5076 	5079 	5074
f 5077 	5071 	5062
f 5093 	5079 	5076
f 5079 	5095 	4973
f 5077 	5075 	5071
f 5072 	3682 	3681
f 5082 	5083 	1725
f 3682 	5072 	5080
f 4658 	1725 	5083
f 5359 	5363 	5077
f 5077 	5067 	5359
f 5074 	5018 	5080
f 5363 	5081 	5085
f 5072 	5074 	5080
f 5018 	5074 	5079
f 5092 	4658 	5083
f 5090 	4658 	5089
f 5085 	5075 	5077
f 5089 	4658 	5092
f 5091 	5093 	5076
f 5093 	5095 	5079
f 5011 	5096 	4600
f 5091 	1322 	5093
f 5096 	5097 	4664
f 4664 	4600 	5096
f 1327 	5093 	1326
f 5093 	1327 	5095
f 5099 	5096 	5017
f 5076 	1368 	1369
f 4988 	5078 	1725
f 5102 	4658 	5094
f 5094 	4658 	5090
f 5017 	5096 	5011
f 5076 	5073 	1368
f 1369 	1371 	5076
f 5103 	4658 	5107
f 5107 	4658 	5102
f 1371 	5091 	5076
f 5091 	1371 	4160
f 4668 	4664 	5097
f 1322 	5091 	4160
f 5104 	4658 	5103
f 5206 	5207 	831
f 4658 	5104 	5109
f 839 	5135 	831
f 4732 	2854 	4729
f 5112 	5122 	5113
f 2854 	4732 	5116
f 4668 	5097 	5118
f 5118 	4662 	4668
f 5116 	5113 	5122
f 179 	2942 	1748
f 5137 	831 	5135
f 2942 	5442 	1749
f 5116 	5122 	5119
f 5017 	5197 	5099
f 1749 	1748 	2942
f 5197 	5123 	5099
f 5099 	5123 	5124
f 5124 	5097 	5096
f 5124 	5096 	5099
f 5115 	5114 	5117
f 4967 	5061 	5127
f 5123 	5118 	5124
f 5063 	5070 	5117
f 5123 	5122 	5118
f 5118 	5097 	5124
f 5117 	5068 	5115
f 4813 	4807 	5114
f 5122 	5112 	5118
f 5112 	4662 	5118
f 2860 	4751 	2859
f 4752 	2859 	4751
f 4752 	4756 	2859
f 2859 	4761 	2854
f 4729 	2854 	4728
f 5117 	5277 	5063
f 5134 	2914 	5131
f 5134 	5136 	2860
f 5136 	5139 	2860
f 5139 	4754 	2860
f 4751 	2860 	4754
f 5128 	5029 	5138
f 5132 	5029 	4992
f 5132 	4992 	5024
f 5133 	5138 	5132
f 5138 	5133 	5141
f 2914 	5142 	5143
f 5143 	5129 	2914
f 2914 	5129 	5130
f 5130 	5131 	2914
f 5134 	2860 	2914
f 2231 	1749 	5442
f 1748 	178 	179
f 5128 	5138 	5157
f 5155 	5128 	5157
f 5060 	5277 	5117
f 5138 	5141 	5157
f 5125 	5133 	5132
f 5125 	5132 	5024
f 4352 	5060 	4807
f 5168 	5166 	1725
f 5167 	5168 	1725
f 5161 	1725 	5166
f 1725 	5163 	5170
f 5157 	5141 	6585
f 4807 	5060 	5117
f 6585 	6567 	5157
f 5116 	5119 	2854
f 5188 	5085 	5081
f 5188 	5075 	5085
f 5186 	5188 	5081
f 764 	831 	5207
f 5298 	5160 	764
f 5185 	5193 	5186
f 5185 	5191 	5193
f 5197 	5186 	5193
f 5137 	5210 	831
f 5197 	5188 	5186
f 5193 	5191 	5200
f 5200 	5191 	5199
f 5119 	5200 	5199
f 5278 	5119 	5199
f 5298 	764 	5203
f 5202 	5203 	764
f 5075 	5188 	5017
f 5188 	5197 	5017
f 5206 	831 	5210
f 5197 	5193 	5200
f 5202 	764 	5207
f 5197 	5200 	5123
f 5200 	5119 	5122
f 5200 	5122 	5123
f 5214 	5215 	5213
f 5298 	5299 	5160
f 5160 	5174 	5175
f 5292 	5222 	5160
f 5219 	5174 	5160
f 5241 	5246 	1725
f 5226 	1725 	5225
f 5226 	5228 	1725
f 166 	182 	5229
f 5235 	1725 	5246
f 5249 	5321 	1725
f 5236 	1725 	5235
f 5244 	5229 	5245
f 5242 	5243 	182
f 5229 	182 	5243
f 5245 	5229 	5243
f 5240 	5242 	182
f 191 	5240 	182
f 5248 	5249 	1725
f 5229 	5244 	5251
f 5250 	5231 	5251
f 5229 	5251 	5231
f 5231 	5254 	5253
f 5231 	5253 	5252
f 5231 	5250 	5254
f 172 	166 	5229
f 5309 	5304 	1710
f 5229 	5231 	172
f 5270 	5271 	1710
f 5258 	5259 	1710
f 172 	5231 	5272
f 5271 	5273 	1710
f 5159 	6633 	5260
f 5261 	5260 	6633
f 5272 	5231 	5063
f 6633 	5262 	5263
f 5264 	5261 	5263
f 5268 	5267 	6634
f 5269 	5262 	6634
f 5267 	5269 	6634
f 6633 	6634 	5262
f 5266 	5258 	1710
f 5159 	5275 	5274
f 5159 	5274 	5177
f 5159 	5260 	5275
f 172 	5272 	89
f 4444 	5155 	5157
f 4448 	4444 	5157
f 2860 	5214 	2914
f 4444 	5594 	5155
f 4882 	5272 	5277
f 2888 	2914 	5214
f 5272 	5063 	5277
f 2860 	5215 	5214
f 5157 	6567 	4448
f 5277 	4883 	4882
f 5215 	5199 	5213
f 5215 	5278 	5199
f 2854 	5278 	5215
f 5119 	5278 	2854
f 4881 	5290 	5281
f 530 	5279 	534
f 5282 	534 	5279
f 5043 	4881 	5281
f 5041 	5045 	5281
f 5043 	5281 	5045
f 5041 	5339 	5067
f 4868 	4907 	5288
f 5288 	5289 	5290
f 5289 	5339 	5290
f 5222 	5219 	5160
f 5294 	5295 	1710
f 5292 	5160 	5296
f 5296 	5160 	5299
f 5297 	1257 	1256
f 5305 	5276 	1710
f 5276 	5266 	1710
f 5297 	1410 	1257
f 5304 	5305 	1710
f 5259 	5270 	1710
f 5295 	5314 	1710
f 5314 	5233 	1710
f 5273 	5294 	1710
f 5233 	5225 	1710
f 5228 	5237 	1725
f 1725 	1710 	5225
f 5161 	5163 	1725
f 4987 	1725 	4986
f 5319 	5167 	1725
f 5237 	5241 	1725
f 5315 	1725 	5321
f 5236 	5239 	1725
f 5316 	1725 	5315
f 5317 	1725 	5316
f 5318 	1725 	5317
f 5319 	1725 	5318
f 1725 	5170 	4986
f 5239 	5248 	1725
f 5311 	5309 	1710
f 5328 	5311 	1710
f 5326 	5328 	1710
f 5323 	5326 	1710
f 4951 	5323 	1710
f 5667 	1252 	5322
f 1251 	1423 	5322
f 5388 	4704 	1557
f 5332 	5333 	1557
f 5333 	5337 	1557
f 1557 	5337 	5388
f 5332 	1557 	5335
f 5288 	5290 	4868
f 5290 	5041 	5281
f 4881 	4868 	5290
f 5339 	5041 	5290
f 5343 	5344 	5345
f 5344 	5346 	5345
f 4260 	5343 	5345
f 5342 	5339 	5289
f 5346 	5349 	5345
f 5350 	376 	362
f 5339 	5342 	5357
f 5339 	5357 	5359
f 5067 	5339 	5359
f 5357 	5360 	5359
f 5360 	5354 	5355
f 5354 	5360 	5357
f 5358 	3201 	3197
f 5361 	5362 	6385
f 5356 	6385 	5362
f 5368 	5369 	5329
f 5360 	5363 	5359
f 5367 	5361 	6407
f 5365 	5329 	5369
f 5363 	5085 	5077
f 5329 	5664 	5383
f 5373 	4911 	4934
f 5376 	5375 	5373
f 5375 	5376 	5289
f 5382 	5664 	5385
f 5372 	5448 	5378
f 5329 	5383 	5381
f 5368 	5329 	5381
f 4916 	4911 	5375
f 4911 	5373 	5375
f 5383 	5664 	5382
f 4916 	5375 	5288
f 5379 	17 	8
f 5375 	5289 	5288
f 4907 	4916 	5288
f 5385 	5664 	5384
f 5380 	5378 	5448
f 5376 	5377 	5342
f 5377 	5357 	5342
f 5342 	5289 	5376
f 5377 	5354 	5357
f 5387 	5373 	4934
f 5638 	5667 	5322
f 5391 	5389 	5392
f 5334 	5335 	1506
f 5394 	5334 	1506
f 5390 	5373 	5387
f 5373 	5390 	5397
f 5399 	1506 	5398
f 5397 	5376 	5373
f 5396 	5389 	5391
f 5399 	5394 	1506
f 5390 	5403 	5400
f 5390 	5400 	5397
f 5397 	5377 	5376
f 5397 	5400 	5377
f 4705 	4706 	1557
f 4705 	1557 	4704
f 543 	552 	1426
f 5335 	1557 	1506
f 5398 	1506 	3716
f 5401 	5403 	5390
f 5404 	5401 	5402
f 5404 	5403 	5401
f 5825 	5409 	5402
f 5402 	5409 	5404
f 5400 	5403 	5404
f 5400 	5404 	5411
f 5354 	5400 	5411
f 5413 	5354 	5411
f 5354 	5377 	5400
f 5404 	5409 	5411
f 5411 	5409 	5413
f 1457 	1311 	5412
f 6034 	1457 	5412
f 5513 	5407 	5406
f 5451 	5450 	2361
f 5450 	2335 	2361
f 1457 	6135 	5416
f 5417 	3940 	3920
f 3919 	2326 	3920
f 2326 	5417 	3920
f 2327 	2330 	5419
f 5437 	5436 	2332
f 2332 	5436 	5419
f 2330 	2332 	5419
f 1401 	1475 	807
f 5426 	1400 	1295
f 6219 	1400 	5426
f 1475 	1400 	6219
f 1466 	6245 	5426
f 5370 	5362 	5429
f 6219 	6225 	1475
f 3944 	5432 	4074
f 3944 	5436 	5432
f 5436 	5437 	5432
f 5437 	5452 	5406
f 5437 	5407 	5432
f 5407 	5437 	5406
f 5392 	5389 	5438
f 5452 	5516 	5406
f 5370 	5356 	5362
f 5460 	5429 	5362
f 5429 	5460 	5461
f 5429 	5461 	5462
f 5429 	5462 	5444
f 5445 	5443 	1722
f 5370 	5429 	5444
f 5370 	5444 	5372
f 5445 	5447 	5443
f 5448 	5444 	5462
f 20 	5448 	5462
f 5452 	5437 	2338
f 5413 	5355 	5354
f 5451 	5523 	5450
f 5454 	5450 	5523
f 5454 	5523 	5522
f 5447 	5459 	5457
f 5451 	5521 	5523
f 5443 	5447 	5457
f 5372 	5444 	5448
f 5186 	5081 	5458
f 20 	11 	5448
f 5355 	5465 	5360
f 5363 	5360 	5458
f 5363 	5458 	5081
f 5460 	5362 	5361
f 5467 	5185 	5458
f 5460 	5361 	5367
f 5185 	5186 	5458
f 5467 	5191 	5185
f 5297 	1256 	5459
f 5465 	5355 	5413
f 5463 	5465 	5413
f 5477 	5457 	5459
f 5463 	5466 	5467
f 5461 	58 	5462
f 5482 	5467 	5466
f 5463 	5467 	5465
f 58 	20 	5462
f 5463 	5469 	5466
f 2338 	2339 	5452
f 5175 	5470 	5160
f 5470 	5471 	5160
f 5471 	5498 	5160
f 5453 	5452 	2343
f 5453 	2343 	2345
f 2339 	2343 	5452
f 2345 	5454 	5453
f 5450 	2345 	2335
f 2345 	5450 	5454
f 5476 	5451 	2351
f 2361 	2351 	5451
f 2351 	2354 	5476
f 5443 	5457 	1714
f 5469 	5468 	5466
f 5459 	1425 	5477
f 5479 	5466 	5468
f 2610 	5442 	2535
f 5487 	1714 	5457
f 5457 	5477 	5487
f 5493 	5487 	5477
f 5479 	5482 	5466
f 5482 	5479 	5488
f 5862 	5479 	5468
f 5656 	5661 	5481
f 5488 	5479 	5862
f 5488 	5213 	5482
f 2888 	5214 	5488
f 5214 	5213 	5488
f 5465 	5458 	5360
f 5487 	1719 	1714
f 5467 	5458 	5465
f 5467 	5482 	5191
f 5199 	5191 	5482
f 5199 	5482 	5213
f 5496 	5160 	5498
f 5483 	5160 	5496
f 5484 	5582 	5483
f 5497 	5463 	5409
f 5463 	5413 	5409
f 5903 	5469 	5497
f 5497 	5469 	5463
f 5499 	2354 	2353
f 4933 	5549 	5502
f 2354 	5504 	5476
f 5504 	2354 	5499
f 2353 	4935 	5499
f 4992 	5499 	4935
f 5503 	5987 	5401
f 4933 	5502 	5387
f 5502 	5503 	5387
f 5390 	5387 	5503
f 5401 	5390 	5503
f 5485 	5548 	5582
f 4075 	4074 	5432
f 5432 	5407 	4075
f 5664 	5582 	5548
f 5516 	5452 	5453
f 5453 	5454 	5516
f 5513 	4075 	5407
f 5406 	5519 	5513
f 5519 	4089 	5513
f 5406 	5520 	5519
f 179 	133 	2942
f 5656 	5481 	5480
f 5406 	5516 	5520
f 1716 	1714 	1719
f 5520 	5545 	5541
f 5541 	5519 	5520
f 5487 	5493 	1719
f 5516 	5522 	5520
f 1719 	5493 	5609
f 5454 	5522 	5516
f 1587 	1750 	5528
f 1750 	5529 	5528
f 5529 	5531 	5528
f 5530 	5755 	5525
f 1740 	6105 	5529
f 2575 	2587 	5389
f 5523 	5524 	5522
f 5521 	5534 	5533
f 5533 	5524 	5521
f 1587 	5528 	5445
f 5524 	5523 	5521
f 5445 	5528 	5532
f 5531 	5532 	5528
f 5568 	5534 	5521
f 5531 	1410 	5532
f 5531 	5412 	1410
f 5520 	5522 	5535
f 5389 	5442 	2575
f 5412 	5531 	6119
f 5522 	5524 	5535
f 2587 	5438 	5389
f 2535 	2942 	133
f 2942 	2535 	5442
f 2610 	2575 	5442
f 5554 	5524 	5533
f 5537 	5664 	5536
f 5533 	5534 	5557
f 5541 	3655 	4091
f 5541 	5545 	4637
f 5545 	5553 	4637
f 5540 	5549 	5539
f 4637 	3655 	5541
f 5549 	5552 	5539
f 5958 	5549 	5540
f 5552 	4952 	4922
f 5552 	5549 	4952
f 5553 	5535 	5554
f 5538 	5556 	5664
f 5537 	5538 	5664
f 5548 	5536 	5664
f 5485 	5582 	5484
f 5384 	5664 	5386
f 4089 	5519 	5541
f 5386 	5664 	5556
f 5535 	5545 	5520
f 4952 	5549 	4933
f 360 	5566 	4922
f 5709 	5714 	5527
f 5709 	5527 	5526
f 5561 	5539 	5562
f 5535 	5553 	5545
f 5561 	5540 	5539
f 5524 	5554 	5535
f 5533 	5555 	5554
f 5566 	359 	5565
f 5533 	5557 	5555
f 5566 	360 	359
f 5566 	5552 	4922
f 5562 	5539 	5566
f 5562 	5566 	5565
f 5566 	5539 	5552
f 2955 	5574 	2952
f 359 	5574 	5565
f 5568 	5570 	5534
f 5565 	5574 	5562
f 5534 	5570 	5575
f 2950 	2949 	5578
f 5579 	5575 	5570
f 5570 	5573 	5579
f 5562 	5578 	5561
f 5578 	5581 	5561
f 5578 	5574 	2955
f 2955 	2956 	5578
f 5029 	5128 	5579
f 5573 	5029 	5579
f 5557 	5534 	5575
f 5574 	5578 	5562
f 5575 	5587 	5557
f 5588 	5589 	5886
f 5582 	5593 	5584
f 5530 	1161 	5596
f 5594 	5587 	5575
f 5579 	5594 	5575
f 1190 	5595 	1160
f 5595 	5596 	1160
f 5128 	5155 	5594
f 5596 	1161 	1160
f 5128 	5594 	5579
f 1410 	5297 	5532
f 5451 	5568 	5521
f 5476 	5568 	5451
f 5570 	5568 	5504
f 5532 	5447 	5445
f 5476 	5504 	5568
f 5573 	5570 	5504
f 5573 	5504 	5499
f 4992 	5029 	5573
f 5499 	4992 	5573
f 5532 	5297 	5447
f 5297 	5459 	5447
f 5600 	5584 	5593
f 5599 	2591 	5598
f 2262 	5688 	5689
f 5584 	5600 	5569
f 5569 	5600 	3422
f 5696 	2265 	5689
f 5606 	2595 	5599
f 5601 	4400 	5597
f 5597 	5598 	5601
f 3422 	5358 	5569
f 4402 	5601 	2570
f 2577 	2570 	5601
f 5601 	2582 	2577
f 2585 	2582 	5598
f 5601 	5598 	2582
f 5593 	5653 	5602
f 5599 	2590 	2591
f 5600 	5593 	5602
f 2585 	5598 	2591
f 3422 	5600 	5602
f 2592 	5599 	2595
f 2590 	5599 	2592
f 2185 	5611 	5604
f 2185 	5604 	2245
f 5602 	5603 	3429
f 5604 	5611 	5605
f 3432 	3429 	5603
f 5632 	5607 	5606
f 5602 	3429 	3427
f 5322 	1423 	5605
f 2602 	2601 	5607
f 5607 	2601 	5606
f 5665 	5605 	1423
f 2604 	2602 	5607
f 5603 	5643 	3432
f 4376 	4347 	5607
f 3422 	3201 	5358
f 5160 	5483 	5582
f 5666 	5610 	5608
f 5608 	5610 	5620
f 5160 	5582 	5584
f 5609 	5611 	2182
f 5365 	5366 	5329
f 5630 	5628 	5331
f 5613 	5331 	5612
f 5622 	2936 	5621
f 5627 	2936 	5623
f 5620 	4623 	5608
f 2938 	5615 	5617
f 5617 	5618 	2938
f 5621 	2938 	5618
f 5366 	5639 	5329
f 5626 	5610 	5616
f 5639 	5634 	5331
f 5671 	5677 	5616
f 5624 	5616 	5677
f 2914 	5627 	5142
f 5610 	5626 	5620
f 5623 	2936 	5622
f 5620 	5597 	4400
f 5620 	4400 	4623
f 5625 	5616 	5624
f 5626 	5616 	5625
f 5620 	5626 	5598
f 5598 	5626 	5599
f 5620 	5598 	5597
f 5625 	5599 	5626
f 5612 	5331 	5628
f 5625 	5632 	5599
f 5624 	5631 	5625
f 5625 	5631 	5632
f 5633 	5635 	5632
f 5637 	5630 	5331
f 5637 	5331 	5636
f 5636 	5331 	5634
f 5607 	5632 	5635
f 5635 	4376 	5607
f 5632 	5631 	5633
f 5599 	5632 	5606
f 5609 	5638 	5611
f 5627 	2914 	2936
f 4376 	5633 	4373
f 5633 	4376 	5635
f 5331 	5329 	5639
f 2935 	5646 	2938
f 4373 	5633 	5693
f 5595 	5370 	5596
f 5613 	5641 	5331
f 5886 	5641 	5588
f 2938 	5621 	2936
f 1190 	5370 	5595
f 5886 	5331 	5641
f 5596 	5370 	5372
f 4563 	4637 	4566
f 5646 	5650 	2938
f 4637 	5640 	4566
f 5642 	5684 	5643
f 5644 	4637 	5553
f 5687 	5643 	5684
f 5649 	5651 	5643
f 5650 	5655 	2938
f 5655 	5673 	2938
f 5645 	5640 	5644
f 5649 	5643 	5687
f 4637 	5644 	5640
f 5653 	5684 	5642
f 5645 	5658 	5640
f 5602 	5653 	5642
f 5609 	5493 	5638
f 5642 	5603 	5602
f 5611 	5638 	5605
f 5645 	5652 	5659
f 5652 	5660 	5659
f 5642 	5643 	5603
f 5645 	5659 	5658
f 5322 	5605 	5638
f 5604 	5663 	2245
f 5643 	3570 	3432
f 5604 	5605 	5665
f 5660 	5662 	5659
f 5665 	5663 	5604
f 5665 	5690 	5663
f 5668 	5664 	5329
f 5672 	5582 	5664
f 4566 	5640 	5666
f 5665 	1423 	5395
f 5640 	5658 	5666
f 4566 	5666 	4569
f 5493 	5667 	5638
f 5668 	5672 	5664
f 5666 	4497 	4569
f 5657 	5741 	5654
f 5667 	5493 	5477
f 5666 	5608 	4497
f 5670 	5668 	5329
f 5666 	5669 	5610
f 5671 	5610 	5669
f 5616 	5610 	5671
f 5673 	5615 	2938
f 5658 	5669 	5666
f 1425 	1252 	5667
f 5658 	5671 	5669
f 5667 	5477 	1425
f 5670 	5674 	5668
f 5478 	5675 	3124
f 5674 	5676 	5672
f 5658 	5659 	5671
f 5480 	5654 	5656
f 5671 	5659 	5662
f 5662 	5677 	5671
f 5674 	5672 	5668
f 5993 	5678 	5674
f 5481 	5675 	5478
f 5684 	5676 	5674
f 5481 	5661 	5675
f 5593 	5582 	5672
f 5593 	5672 	5676
f 5675 	29 	3124
f 5691 	5662 	5682
f 5660 	5682 	5662
f 6628 	5527 	5681
f 5329 	6081 	5670
f 5682 	5660 	5683
f 5709 	5526 	5525
f 5740 	5681 	5527
f 5527 	5714 	5740
f 5678 	5684 	5674
f 5685 	5682 	5683
f 5685 	5686 	5682
f 5687 	5684 	6022
f 2243 	5663 	5688
f 5663 	5690 	5688
f 2262 	2243 	5688
f 4444 	4449 	5685
f 6022 	5684 	5678
f 5685 	4449 	5686
f 5654 	33 	5656
f 33 	38 	5661
f 5690 	5692 	5688
f 5687 	6022 	5649
f 5661 	5656 	33
f 5691 	5624 	5677
f 5653 	5593 	5676
f 5688 	5692 	5689
f 5676 	5684 	5653
f 5677 	5662 	5691
f 5692 	5697 	5689
f 5693 	5691 	5682
f 38 	29 	5661
f 5693 	5631 	5691
f 5661 	29 	5675
f 5686 	5693 	5682
f 5686 	4449 	5693
f 33 	5654 	32
f 5696 	5689 	5697
f 5395 	5690 	5665
f 5657 	5681 	5741
f 5631 	5624 	5691
f 5693 	5633 	5631
f 5553 	5554 	5645
f 5554 	5652 	5645
f 5553 	5645 	5644
f 5652 	5554 	5555
f 5557 	5652 	5555
f 5652 	5557 	5660
f 5557 	5587 	5683
f 5557 	5683 	5660
f 5587 	5594 	5683
f 5594 	5685 	5683
f 5685 	5594 	4444
f 6327 	5799 	2935
f 5724 	6327 	5722
f 5800 	5647 	2935
f 5647 	5648 	2935
f 5724 	5739 	6327
f 5758 	5709 	5525
f 228 	5728 	6327
f 5589 	5736 	5886
f 5739 	5751 	6327
f 5885 	5723 	5725
f 5728 	228 	5727
f 5722 	6327 	5721
f 5738 	5886 	5737
f 5736 	5737 	5886
f 5738 	5723 	5885
f 5740 	5741 	5681
f 5654 	5741 	32
f 54 	32 	5741
f 5646 	2935 	5648
f 5800 	2935 	5799
f 6327 	5751 	5799
f 5530 	5596 	5755
f 2267 	5696 	2331
f 5758 	5525 	5755
f 5696 	5697 	756
f 574 	756 	5697
f 5372 	5378 	5755
f 5378 	5758 	5755
f 5738 	5885 	5886
f 5596 	5372 	5755
f 756 	2331 	5696
f 5885 	5725 	5772
f 5773 	5885 	5772
f 5774 	5823 	5885
f 5773 	5774 	5885
f 5379 	8 	5709
f 5692 	5690 	5775
f 5775 	5690 	5395
f 5380 	5758 	5378
f 1426 	552 	5775
f 5395 	1426 	5775
f 8 	5740 	5714
f 5714 	5709 	8
f 54 	5741 	5740
f 53 	54 	5740
f 5709 	5758 	5379
f 5775 	552 	5942
f 5380 	5379 	5758
f 1207 	5813 	5801
f 5936 	5803 	5804
f 5811 	5810 	5887
f 6406 	1207 	5801
f 5936 	5810 	5803
f 5936 	5887 	5810
f 5801 	5851 	5367
f 5826 	5813 	1217
f 5824 	5811 	5887
f 5813 	1212 	1217
f 5814 	5825 	5402
f 5899 	5825 	5881
f 5825 	5899 	5497
f 5497 	5409 	5825
f 5833 	5468 	5903
f 2881 	5842 	5840
f 5835 	1221 	1229
f 1221 	5835 	5826
f 5835 	5909 	5826
f 5849 	5936 	5848
f 5847 	5848 	5936
f 5804 	5847 	5936
f 5840 	2882 	2881
f 5842 	5833 	5840
f 5842 	2881 	2888
f 5643 	5651 	3570
f 5862 	5833 	5842
f 5842 	2888 	5862
f 5851 	5801 	5813
f 5862 	5468 	5833
f 5367 	5851 	5857
f 5367 	5857 	5460
f 5857 	5859 	5461
f 2888 	5488 	5862
f 5863 	5651 	5649
f 5857 	5461 	5460
f 58 	5461 	5859
f 3570 	5651 	5863
f 3573 	3572 	5863
f 6167 	3575 	3573
f 58 	5859 	69
f 65 	69 	5859
f 5890 	5882 	5813
f 5851 	5813 	5882
f 5872 	5883 	5881
f 5882 	5884 	5851
f 5884 	5857 	5851
f 5823 	5887 	5885
f 5884 	5859 	5857
f 5884 	65 	5859
f 5891 	5884 	5890
f 5983 	5881 	5814
f 5823 	5824 	5887
f 1528 	1529 	2607
f 5895 	1528 	2607
f 5881 	5825 	5814
f 5890 	5826 	5909
f 5890 	5813 	5826
f 5883 	5903 	5881
f 5890 	5884 	5882
f 5903 	5899 	5881
f 5903 	5497 	5899
f 5883 	5888 	5833
f 5891 	65 	5884
f 5840 	5833 	5888
f 5943 	5909 	5835
f 5883 	5833 	5903
f 5951 	5910 	5887
f 5910 	5885 	5887
f 5888 	5947 	5840
f 5909 	5891 	5890
f 78 	5891 	5909
f 5468 	5469 	5903
f 5927 	5885 	5910
f 5886 	5885 	5927
f 5933 	1229 	1226
f 5927 	5331 	5886
f 5933 	5946 	1229
f 5872 	6037 	5929
f 5933 	5940 	5946
f 5872 	5929 	5939
f 88 	84 	5940
f 5775 	5942 	5692
f 5939 	5883 	5872
f 2607 	5941 	5935
f 5929 	5928 	5939
f 5944 	5939 	5928
f 5697 	5692 	5942
f 2607 	1733 	5941
f 84 	5943 	5940
f 5935 	5941 	5945
f 5943 	87 	78
f 5883 	5939 	5944
f 5942 	574 	5697
f 78 	5909 	5943
f 5944 	5888 	5883
f 5935 	5945 	5936
f 5835 	1229 	5946
f 6105 	1740 	3880
f 5943 	5946 	5940
f 5941 	5965 	5948
f 5928 	5930 	5947
f 5835 	5946 	5943
f 5941 	5948 	5945
f 5949 	5933 	1226
f 1226 	1231 	5949
f 5945 	5887 	5936
f 5928 	5947 	5944
f 5945 	5951 	5887
f 5930 	2898 	5947
f 5949 	88 	5940
f 5940 	5933 	5949
f 5948 	5952 	5945
f 5952 	5951 	5945
f 5910 	5951 	5952
f 5944 	5947 	5888
f 5956 	1231 	1320
f 2882 	5840 	5947
f 5955 	5956 	1320
f 5947 	2898 	2882
f 5957 	5958 	5540
f 4007 	5953 	3885
f 1231 	5956 	5949
f 90 	5956 	5955
f 90 	91 	5956
f 91 	88 	5956
f 5949 	5956 	88
f 1733 	5961 	5965
f 6513 	5964 	4160
f 5965 	5941 	1733
f 5964 	1322 	4160
f 5960 	5966 	5961
f 5958 	5502 	5549
f 5966 	5965 	5961
f 5957 	5962 	5967
f 5967 	5958 	5957
f 5967 	5503 	5502
f 5502 	5958 	5967
f 5964 	5973 	5968
f 5960 	6307 	5966
f 1328 	5968 	5982
f 5967 	5987 	5503
f 1328 	5982 	5955
f 5955 	1320 	1328
f 5895 	2607 	5971
f 5959 	5972 	5962
f 5984 	5981 	5935
f 5975 	5954 	4007
f 5953 	4007 	5954
f 6513 	5973 	5964
f 5978 	5963 	5954
f 5980 	5971 	2607
f 5975 	5978 	5954
f 2607 	5935 	5980
f 5968 	5973 	5982
f 5981 	5980 	5935
f 94 	5973 	95
f 3987 	4032 	4007
f 5982 	5973 	94
f 5982 	90 	5955
f 5982 	94 	90
f 5986 	5935 	5985
f 5984 	5935 	5986
f 5987 	5967 	5962
f 5935 	5936 	5989
f 5987 	5962 	5972
f 5989 	5985 	5935
f 5990 	4032 	4033
f 5991 	5402 	5987
f 6034 	6135 	1457
f 5402 	5991 	5814
f 5987 	5402 	5401
f 6033 	5649 	6023
f 5972 	5979 	5987
f 5987 	5979 	5991
f 5649 	6033 	6166
f 5991 	5979 	5814
f 5670 	5992 	5674
f 5983 	5814 	5979
f 5992 	5993 	5674
f 6000 	5993 	5997
f 6001 	6002 	5994
f 5954 	6017 	5995
f 6021 	5994 	5959
f 3873 	5953 	5995
f 6081 	5992 	5670
f 5959 	5994 	6010
f 6010 	5972 	5959
f 6002 	6010 	5994
f 5997 	5993 	5992
f 5953 	5954 	5995
f 6010 	6002 	5979
f 6010 	5979 	5972
f 5996 	5993 	6000
f 6036 	5979 	6002
f 5678 	5993 	6018
f 6038 	6020 	6018
f 6017 	5954 	5963
f 6018 	6022 	5678
f 6018 	6020 	6023
f 6020 	6032 	6023
f 6034 	6017 	5963
f 6018 	6023 	6022
f 6027 	5581 	6019
f 5996 	6038 	6018
f 6032 	6033 	6023
f 6027 	5561 	5581
f 6027 	5540 	5561
f 5540 	6027 	5957
f 5959 	6027 	6019
f 6027 	5959 	5962
f 5959 	6019 	6021
f 5649 	6022 	6023
f 6027 	5962 	5957
f 6032 	6194 	6033
f 6506 	6410 	6507
f 6317 	6035 	6001
f 5993 	5996 	6018
f 6036 	6001 	6035
f 6001 	6036 	6002
f 5979 	6036 	5983
f 6020 	6051 	6032
f 6036 	6037 	5872
f 5983 	6036 	5872
f 5983 	5872 	5881
f 6039 	6040 	6038
f 6040 	6051 	6038
f 6038 	6051 	6020
f 6040 	6217 	6051
f 6040 	6041 	6217
f 6041 	6222 	6223
f 6081 	5331 	5927
f 6087 	5997 	6081
f 6081 	5927 	6087
f 6087 	6122 	6000
f 6034 	5412 	6119
f 6000 	5997 	6087
f 6081 	5329 	5331
f 6081 	5997 	5992
f 5849 	5988 	5936
f 5989 	5936 	5988
f 6034 	6119 	6017
f 5952 	6115 	5910
f 6117 	6115 	5952
f 3880 	5995 	6105
f 3880 	3873 	5995
f 5995 	6017 	6105
f 6125 	6120 	6117
f 5529 	6119 	5531
f 6119 	5529 	6105
f 6120 	6115 	6117
f 6105 	6017 	6119
f 6115 	6122 	6087
f 6120 	6122 	6115
f 6125 	6128 	6120
f 6128 	6122 	6120
f 5927 	5910 	6115
f 6034 	5963 	6135
f 6115 	6087 	5927
f 6142 	6122 	6128
f 6039 	6038 	6142
f 6122 	6142 	5996
f 6038 	5996 	6142
f 6122 	5996 	6000
f 6142 	6152 	6039
f 6128 	6152 	6142
f 6168 	6193 	6153
f 6039 	6152 	6154
f 6154 	6040 	6039
f 6303 	6117 	5952
f 6189 	6188 	6163
f 6303 	5952 	5948
f 6194 	6167 	6166
f 6167 	6194 	6179
f 6179 	6181 	6167
f 5863 	6166 	3573
f 6148 	6153 	6147
f 6167 	3573 	6166
f 6168 	6153 	6148
f 6153 	6180 	6252
f 6184 	6180 	6153
f 6179 	6185 	6181
f 6190 	6168 	6191
f 6191 	6168 	6192
f 6163 	6192 	6168
f 6188 	6192 	6163
f 6190 	6193 	6168
f 5863 	5649 	6166
f 6184 	6153 	6193
f 6167 	6181 	3575
f 6148 	6147 	5416
f 6194 	6032 	6213
f 6207 	6195 	6200
f 6195 	6189 	6200
f 6166 	6033 	6194
f 6196 	6163 	6168
f 6168 	6148 	6196
f 6214 	6216 	6179
f 6163 	6200 	6189
f 6197 	6185 	6210
f 6185 	6198 	6181
f 6185 	6197 	6198
f 6198 	3575 	6181
f 5975 	6200 	5978
f 4032 	6200 	5975
f 6210 	3681 	6197
f 5978 	6200 	6163
f 6198 	3684 	3575
f 6201 	36 	1034
f 6198 	6197 	3684
f 5978 	6163 	6196
f 6197 	3685 	3684
f 34 	6201 	1034
f 3682 	6197 	3681
f 6201 	6202 	36
f 3682 	3685 	6197
f 1367 	6203 	6234
f 6205 	6204 	6200
f 4032 	5990 	6200
f 6205 	6200 	5990
f 6204 	6207 	6200
f 6201 	6209 	6202
f 6208 	6209 	6201
f 6209 	6215 	6202
f 6196 	6148 	6135
f 6251 	6234 	6210
f 5416 	6135 	6148
f 22 	6208 	35
f 22 	23 	6208
f 6203 	3681 	6210
f 23 	6209 	6208
f 23 	24 	6209
f 1466 	6147 	6245
f 1367 	3681 	6203
f 6212 	56 	37
f 1367 	5072 	3681
f 6202 	6212 	37
f 6213 	6179 	6194
f 57 	98 	6212
f 5963 	6196 	6135
f 6179 	6213 	6214
f 6147 	1466 	5416
f 6185 	6179 	6216
f 6215 	6212 	6202
f 6215 	57 	6212
f 5978 	6196 	5963
f 6209 	24 	6215
f 24 	247 	6215
f 6051 	6217 	6032
f 6215 	247 	57
f 6217 	6213 	6032
f 2898 	5930 	6221
f 6223 	6217 	6041
f 6223 	6214 	6213
f 6327 	2898 	6221
f 6223 	6216 	6214
f 6223 	6213 	6217
f 3648 	6285 	228
f 6285 	6264 	228
f 6292 	128 	104
f 5426 	6247 	6219
f 6224 	6216 	6223
f 6226 	6232 	2947
f 6229 	154 	6299
f 807 	1475 	6225
f 154 	153 	6299
f 151 	6299 	153
f 2946 	2947 	6232
f 6225 	802 	786
f 6227 	6232 	6226
f 6203 	6210 	6234
f 6232 	5578 	2946
f 1367 	6234 	6239
f 6232 	5581 	5578
f 6228 	6299 	6227
f 1368 	1367 	6239
f 6147 	6252 	6245
f 6239 	1377 	1372
f 5721 	6327 	5728
f 6216 	6210 	6185
f 6251 	6210 	6216
f 6153 	6252 	6147
f 5726 	5727 	228
f 6224 	6254 	6251
f 6254 	6234 	6251
f 6245 	6253 	6247
f 6252 	6253 	6245
f 4065 	4066 	6410
f 6253 	6255 	6247
f 6251 	6216 	6224
f 5726 	228 	6250
f 6254 	6244 	6234
f 6265 	6269 	6255
f 6264 	6249 	228
f 6257 	6252 	6258
f 6180 	6258 	6252
f 6250 	228 	6249
f 6257 	6263 	6252
f 6261 	6253 	6262
f 6262 	6253 	6263
f 6252 	6263 	6253
f 6260 	6272 	6259
f 6261 	6266 	6253
f 6265 	6255 	6266
f 6253 	6266 	6255
f 6267 	5928 	6311
f 6268 	6255 	6269
f 104 	6221 	5930
f 5930 	5928 	6267
f 6255 	6268 	5279
f 6259 	6125 	6117
f 109 	110 	3648
f 5283 	5279 	6268
f 5282 	5279 	5283
f 110 	112 	3648
f 6247 	5426 	6245
f 6259 	6272 	6125
f 6273 	6219 	6247
f 6272 	6128 	6125
f 6273 	6247 	6255
f 6255 	5279 	6273
f 113 	6286 	3648
f 112 	113 	3648
f 6272 	6152 	6128
f 6274 	6272 	6260
f 6152 	6272 	6154
f 6285 	3648 	6286
f 6272 	6274 	6154
f 6260 	6270 	6274
f 528 	5279 	530
f 6273 	6225 	6219
f 6271 	6284 	6274
f 6225 	6273 	802
f 6273 	5279 	802
f 6388 	6391 	706
f 6267 	221 	219
f 6271 	6274 	6270
f 6284 	6290 	6274
f 6408 	6388 	706
f 114 	128 	6292
f 6290 	6154 	6274
f 219 	6292 	6267
f 6633 	706 	100
f 104 	5930 	6292
f 5930 	6267 	6292
f 6290 	6284 	6369
f 5994 	6314 	6001
f 6290 	6040 	6154
f 6317 	6001 	6314
f 6290 	6041 	6040
f 6232 	6227 	6299
f 6290 	6369 	6041
f 5965 	6303 	5948
f 5965 	5966 	6303
f 151 	162 	6299
f 5960 	1730 	1914
f 6299 	6019 	5581
f 6299 	5581 	6232
f 6021 	6019 	6299
f 6299 	6300 	6021
f 1914 	6305 	5960
f 6305 	6307 	5960
f 5994 	6021 	6306
f 6300 	6306 	6021
f 6314 	5994 	6306
f 6307 	6259 	6303
f 6309 	6035 	6317
f 6310 	6308 	6435
f 6267 	6311 	221
f 6307 	6303 	5966
f 6435 	2425 	6310
f 6308 	6310 	6312
f 6036 	6035 	6309
f 6309 	6037 	6036
f 6309 	6311 	6037
f 6313 	6260 	6259
f 6307 	6313 	6259
f 2425 	2434 	6310
f 6311 	5928 	5929
f 5929 	6037 	6311
f 6307 	6305 	6313
f 6315 	6270 	6260
f 210 	6317 	206
f 6313 	6315 	6260
f 6308 	6312 	6316
f 6228 	6229 	6299
f 6308 	6316 	6304
f 6300 	6299 	162
f 6271 	6270 	6315
f 6316 	6312 	6322
f 205 	6306 	162
f 6300 	162 	6306
f 6303 	6259 	6117
f 205 	6314 	6306
f 6314 	205 	206
f 6330 	6332 	6271
f 6320 	6304 	6316
f 6314 	206 	6317
f 6309 	6317 	6318
f 6318 	214 	2367
f 6319 	6305 	1914
f 1915 	1981 	6321
f 1987 	6319 	1914
f 6318 	2367 	221
f 6319 	6313 	6305
f 221 	6311 	6318
f 1987 	6321 	6319
f 6318 	6311 	6309
f 6321 	6325 	6319
f 6325 	6313 	6319
f 1981 	2081 	6323
f 1507 	4046 	6346
f 6323 	6321 	1981
f 6346 	6347 	1507
f 6323 	6324 	6325
f 6316 	6322 	6326
f 6323 	6325 	6321
f 6351 	1995 	6326
f 2081 	2083 	6323
f 1995 	6357 	6326
f 2083 	6328 	6323
f 6329 	6328 	6403
f 2935 	2898 	6327
f 6327 	104 	228
f 6410 	6361 	6363
f 6315 	6313 	6325
f 6325 	6324 	6330
f 6344 	6345 	4046
f 6325 	6330 	6315
f 104 	6327 	6221
f 6330 	6271 	6315
f 6328 	6324 	6323
f 6328 	6329 	6324
f 6332 	6324 	6329
f 6332 	6330 	6324
f 6342 	6335 	1507
f 6329 	6403 	6332
f 6332 	6377 	6376
f 6256 	6410 	6336
f 6369 	6222 	6041
f 6369 	6333 	6222
f 6337 	6222 	6333
f 6333 	6352 	6337
f 6337 	6223 	6222
f 6224 	6223 	6337
f 6333 	6343 	6352
f 6224 	6337 	6352
f 6352 	6254 	6224
f 6346 	4046 	6345
f 4046 	6360 	6344
f 6349 	6350 	6348
f 6326 	6322 	6351
f 6316 	6326 	6320
f 6349 	6244 	6350
f 6349 	6234 	6244
f 6349 	6239 	6234
f 6349 	6348 	1377
f 6357 	6320 	6326
f 1377 	6348 	1378
f 1377 	6239 	6349
f 411 	1995 	6351
f 6363 	6364 	6410
f 6352 	6343 	6350
f 6352 	6350 	6244
f 6244 	6254 	6352
f 6364 	6366 	6410
f 4046 	6366 	6368
f 6368 	6360 	4046
f 6398 	6358 	6343
f 6358 	6350 	6343
f 6358 	6359 	6348
f 6358 	6348 	6350
f 2173 	6373 	6357
f 1382 	1378 	6348
f 1382 	6348 	6359
f 4259 	6367 	2550
f 2544 	2550 	6367
f 6365 	6284 	6376
f 5345 	6367 	4260
f 4259 	4260 	6367
f 6357 	2176 	2173
f 6365 	6369 	6284
f 3245 	2544 	6367
f 6365 	6370 	6369
f 6365 	6378 	6370
f 6365 	6376 	6378
f 6320 	6373 	6371
f 6370 	6333 	6369
f 6370 	6372 	6333
f 1188 	6382 	6384
f 6304 	6320 	6371
f 2173 	1824 	6373
f 5370 	1190 	5356
f 6372 	6343 	6333
f 6320 	6357 	6373
f 3917 	6374 	1176
f 6372 	6398 	6343
f 6398 	6359 	6358
f 1382 	6359 	6401
f 2427 	97 	6375
f 6374 	3917 	4005
f 6332 	6376 	6271
f 6377 	6378 	6376
f 6284 	6271 	6376
f 1186 	6379 	1202
f 6374 	6396 	6379
f 6380 	6372 	6370
f 1186 	1174 	6379
f 1174 	6374 	6379
f 6378 	6380 	6370
f 6382 	1202 	6379
f 6383 	6378 	6377
f 6383 	6380 	6378
f 2434 	6375 	6381
f 6380 	6383 	6386
f 5361 	6385 	6384
f 6375 	97 	96
f 6381 	6310 	2434
f 1188 	1202 	6382
f 6372 	6380 	6389
f 6372 	6389 	6398
f 6385 	1190 	1187
f 6385 	5356 	1190
f 6380 	6386 	6389
f 6374 	6390 	6396
f 6374 	4005 	6390
f 6387 	6392 	6389
f 6402 	6390 	4012
f 6361 	6410 	6362
f 4012 	6390 	4005
f 6397 	6394 	6410
f 6392 	6398 	6389
f 6395 	6393 	6410
f 6387 	6389 	6386
f 6362 	6410 	6393
f 6375 	96 	6391
f 1389 	6387 	6416
f 1389 	1391 	6392
f 6382 	6379 	6396
f 6382 	6396 	6399
f 6392 	6387 	1389
f 6382 	6399 	6400
f 6391 	6388 	6381
f 6400 	6384 	6382
f 6391 	6381 	6375
f 5361 	6384 	6400
f 6398 	6392 	6401
f 6381 	6388 	6312
f 6401 	6359 	6398
f 6407 	5361 	6400
f 1406 	1382 	6401
f 1206 	6404 	6402
f 1206 	6402 	1204
f 6402 	4012 	4753
f 1391 	6401 	6392
f 6401 	1391 	1406
f 4753 	1204 	6402
f 6381 	6312 	6310
f 6332 	6403 	6377
f 1206 	6406 	6404
f 6390 	6402 	6404
f 6404 	6396 	6390
f 6405 	6383 	6403
f 6383 	6377 	6403
f 5801 	5367 	6407
f 100 	706 	6391
f 6406 	6399 	6404
f 6413 	6383 	6405
f 6391 	96 	100
f 6399 	6396 	6404
f 6406 	6407 	6399
f 6407 	6400 	6399
f 6409 	6328 	2083
f 6409 	2121 	6411
f 2118 	2121 	6409
f 6411 	2124 	6412
f 6412 	6413 	6405
f 6322 	6388 	6408
f 6412 	6405 	6411
f 6411 	2121 	2124
f 6322 	6312 	6388
f 2124 	6414 	6412
f 6409 	6403 	6328
f 6408 	6351 	6322
f 6409 	6411 	6405
f 6409 	6405 	6403
f 6383 	6413 	6386
f 6413 	6387 	6386
f 2124 	6415 	6414
f 6510 	6507 	6410
f 6415 	1413 	6414
f 6408 	6555 	6351
f 6414 	1413 	1414
f 6414 	6413 	6412
f 6416 	6387 	6413
f 6417 	1003 	1002
f 6413 	6414 	6416
f 6414 	1414 	6416
f 6417 	6418 	1003
f 6419 	826 	6418
f 6415 	2124 	2131
f 2131 	3236 	6415
f 6410 	3594 	3677
f 3236 	1413 	6415
f 3677 	3714 	6410
f 986 	988 	6500
f 984 	6503 	983
f 3146 	3548 	6410
f 6448 	30 	6417
f 6417 	30 	6418
f 988 	982 	6500
f 792 	4215 	791
f 6466 	6465 	6410
f 6465 	6397 	6410
f 827 	826 	6419
f 6420 	827 	6419
f 827 	6420 	829
f 818 	6472 	823
f 6419 	6418 	6423
f 6419 	6424 	6420
f 105 	103 	6410
f 6458 	6410 	6459
f 6458 	6460 	6410
f 6371 	2250 	6422
f 6462 	6459 	6410
f 6371 	6373 	2250
f 105 	6410 	106
f 6423 	6418 	30
f 6423 	6424 	6419
f 6423 	30 	6425
f 6423 	6426 	6424
f 6423 	6425 	6426
f 6431 	6424 	6426
f 6410 	3548 	3593
f 6410 	3593 	3594
f 3714 	4409 	6410
f 31 	2449 	6425
f 6425 	2443 	6426
f 6428 	4639 	6410
f 6425 	2449 	2443
f 4412 	6410 	4409
f 4639 	4638 	6410
f 6420 	6430 	6422
f 4412 	4641 	6410
f 6420 	6424 	6430
f 6410 	4641 	6428
f 6410 	6461 	6466
f 6431 	6430 	6424
f 6430 	6431 	6304
f 4046 	6410 	6366
f 4046 	1507 	6410
f 6308 	6431 	6435
f 6434 	6410 	4037
f 6431 	6308 	6304
f 6434 	3528 	6410
f 3528 	3529 	6410
f 6371 	6422 	6430
f 6410 	3531 	3532
f 3529 	3533 	6410
f 6304 	6371 	6430
f 6435 	6426 	2443
f 3513 	3515 	6410
f 697 	679 	6410
f 6435 	6431 	6426
f 6410 	6502 	660
f 667 	6502 	6410
f 680 	1344 	6410
f 667 	6410 	1344
f 661 	6410 	660
f 661 	662 	6410
f 6453 	6410 	6457
f 2320 	6436 	6437
f 6501 	6410 	663
f 6438 	4097 	6410
f 6410 	6501 	755
f 6493 	6410 	582
f 6482 	6483 	6410
f 6436 	6439 	6440
f 6484 	6482 	6410
f 6410 	6494 	6441
f 6395 	6410 	6394
f 6442 	6500 	6410
f 6437 	6436 	6440
f 6410 	2922 	6438
f 6500 	6444 	6410
f 6439 	745 	59
f 6484 	6410 	6441
f 6439 	59 	6440
f 6410 	6486 	986
f 6410 	6446 	6442
f 6440 	59 	66
f 6448 	2322 	6437
f 6446 	6410 	986
f 6449 	3026 	6410
f 6448 	6437 	6450
f 6437 	6440 	6450
f 6410 	4215 	792
f 6448 	31 	30
f 6448 	6450 	31
f 6410 	831 	764
f 6440 	66 	6450
f 6457 	6410 	6468
f 764 	5160 	6410
f 6410 	3242 	3025
f 6461 	6410 	6460
f 6410 	3025 	6449
f 6410 	3195 	3185
f 6410 	3246 	3242
f 6410 	3026 	2929
f 2929 	6463 	6410
f 3185 	6464 	6410
f 6410 	3197 	3195
f 5358 	3197 	6410
f 6463 	2922 	6410
f 6464 	3246 	6410
f 6410 	5569 	5358
f 6410 	5584 	5569
f 6468 	6410 	6469
f 6410 	5160 	5584
f 849 	6410 	834
f 6410 	767 	834
f 772 	831 	6410
f 849 	772 	6410
f 792 	767 	6410
f 6410 	823 	6472
f 6410 	6472 	4215
f 6473 	6410 	6444
f 6410 	6473 	6503
f 823 	6410 	6503
f 6493 	6494 	6410
f 6475 	6410 	6481
f 6469 	6410 	6475
f 584 	582 	6410
f 584 	6410 	755
f 6410 	252 	697
f 702 	703 	6410
f 704 	1390 	6410
f 6410 	1390 	252
f 255 	256 	6410
f 6410 	1392 	255
f 1421 	2901 	6410
f 2843 	6480 	2901
f 6410 	2710 	1421
f 6478 	3312 	6410
f 3312 	6479 	6410
f 6410 	6479 	2710
f 2746 	1392 	6410
f 6410 	1397 	2746
f 6480 	2849 	6410
f 2849 	1397 	6410
f 985 	986 	6486
f 6410 	2901 	6480
f 6410 	4120 	4119
f 6494 	6495 	6441
f 4193 	4192 	6410
f 4192 	4190 	6410
f 4190 	6487 	6410
f 4119 	4166 	6410
f 6481 	6410 	6491
f 4165 	4193 	6410
f 6490 	6492 	6410
f 6532 	6534 	6410
f 6536 	6533 	6410
f 6537 	6603 	6410
f 6603 	6604 	6410
f 6614 	6615 	6410
f 6615 	6497 	6410
f 6410 	6606 	6614
f 6607 	6606 	6410
f 6605 	6607 	6410
f 6410 	6535 	6537
f 6538 	6535 	6410
f 6533 	6538 	6410
f 6534 	6536 	6410
f 6487 	6532 	6410
f 6410 	4166 	4165
f 6410 	4097 	4120
f 6616 	6617 	6410
f 6618 	6627 	6410
f 6627 	6498 	6410
f 6619 	6618 	6410
f 6498 	6628 	6410
f 6628 	6499 	6410
f 6617 	6619 	6410
f 6497 	6616 	6410
f 6625 	5480 	6410
f 817 	791 	4215
f 6626 	6625 	6410
f 6499 	6626 	6410
f 6410 	127 	126
f 6441 	6485 	6484
f 680 	6410 	679
f 678 	1344 	677
f 680 	681 	1344
f 675 	670 	1344
f 6509 	6510 	6410
f 6472 	819 	4215
f 6489 	6490 	6410
f 6488 	6489 	6410
f 666 	659 	6502
f 663 	626 	6501
f 610 	613 	6501
f 6496 	6441 	6495
f 6496 	6485 	6441
f 6488 	6410 	6504
f 6504 	6410 	6508
f 6410 	6506 	6505
f 6505 	6508 	6410
f 121 	6509 	6410
f 4164 	6517 	6514
f 95 	5973 	317
f 5973 	6513 	6515
f 5973 	6515 	317
f 6515 	320 	317
f 6513 	6514 	6516
f 6515 	6513 	6516
f 320 	6515 	6516
f 6517 	4168 	4177
f 6517 	4164 	4168
f 6516 	6514 	6517
f 6518 	6519 	4177
f 6517 	4177 	6519
f 6518 	4176 	6520
f 6518 	6520 	6526
f 6521 	4186 	4185
f 6521 	6522 	4186
f 6522 	6520 	4186
f 6520 	4184 	4186
f 6522 	6526 	6520
f 4856 	6523 	4887
f 4856 	325 	6523
f 6523 	325 	6524
f 6524 	6518 	6523
f 6524 	6519 	6518
f 6519 	6524 	6525
f 6519 	6525 	6517
f 6525 	6516 	6517
f 325 	326 	6525
f 6525 	6524 	325
f 320 	6516 	6525
f 326 	320 	6525
f 6518 	6526 	6523
f 6526 	6527 	4887
f 6523 	6526 	4887
f 4889 	4887 	6527
f 6521 	6527 	6522
f 6526 	6522 	6527
f 6527 	6521 	6528
f 4926 	4892 	6528
f 6527 	6528 	4892
f 4892 	4889 	6527
f 4195 	6529 	6530
f 6530 	4196 	4195
f 4197 	6530 	6531
f 6534 	4346 	4372
f 4185 	4197 	6531
f 6531 	6521 	4185
f 6531 	346 	6528
f 346 	4926 	6528
f 6531 	6528 	6521
f 344 	345 	6529
f 4372 	4370 	6533
f 6530 	6529 	345
f 345 	346 	6531
f 6531 	6530 	345
f 892 	6535 	6538
f 6533 	6536 	4372
f 6533 	4370 	892
f 905 	923 	6535
f 892 	905 	6535
f 892 	6538 	6533
f 923 	6537 	6535
f 6539 	4241 	6367
f 923 	913 	6537
f 5345 	6539 	6367
f 6534 	4372 	6536
f 6410 	2987 	3285
f 6539 	5345 	359
f 359 	6540 	6539
f 359 	360 	6540
f 6410 	3313 	2987
f 344 	6540 	360
f 6410 	3285 	6478
f 6529 	6540 	344
f 362 	5345 	5350
f 5349 	5350 	5345
f 3315 	3316 	6410
f 362 	359 	5345
f 6410 	5481 	6541
f 4036 	4035 	6410
f 6546 	6545 	6554
f 6544 	6554 	6545
f 6554 	6544 	391
f 397 	6547 	6548
f 6335 	6336 	6410
f 6549 	2122 	411
f 6549 	2127 	2122
f 2127 	6547 	397
f 6547 	2127 	6549
f 411 	4329 	6549
f 4288 	6547 	6549
f 6551 	6554 	6552
f 6552 	6554 	6553
f 6554 	6550 	6546
f 4290 	6553 	6554
f 6550 	6554 	6551
f 6547 	4288 	4290
f 6548 	6547 	4290
f 6554 	6548 	4290
f 6548 	6554 	404
f 6554 	1241 	404
f 6556 	6555 	6408
f 6408 	706 	6556
f 6555 	6556 	4332
f 6556 	5159 	4332
f 6555 	4332 	4329
f 6556 	6633 	5159
f 6555 	4329 	411
f 6410 	1507 	6335
f 4347 	6563 	6558
f 6434 	3526 	3528
f 6559 	6557 	6563
f 4347 	6558 	4344
f 6563 	6560 	6559
f 3531 	6410 	3533
f 6561 	6564 	436
f 6557 	6558 	6563
f 4376 	6565 	6563
f 6563 	6575 	6564
f 6564 	473 	434
f 434 	435 	6564
f 6563 	6564 	6562
f 6561 	6562 	6564
f 6560 	6563 	6562
f 6438 	2922 	4097
f 6565 	6575 	6563
f 6565 	4373 	6566
f 6442 	6446 	6500
f 6486 	6410 	6483
f 986 	6500 	6446
f 4448 	6567 	6568
f 6449 	3025 	3026
f 6568 	4453 	4448
f 6573 	6569 	4458
f 6566 	4458 	6569
f 6569 	6575 	6565
f 6569 	6565 	6566
f 6570 	6568 	6567
f 6571 	456 	6570
f 6568 	6573 	4453
f 6572 	6568 	6570
f 6570 	456 	6572
f 6572 	6573 	6568
f 6572 	6574 	6573
f 6573 	4458 	4453
f 446 	6569 	6573
f 6574 	446 	6573
f 466 	6572 	456
f 6463 	2929 	2922
f 6572 	466 	6574
f 6574 	466 	446
f 6464 	3185 	3246
f 6575 	446 	471
f 6575 	6569 	446
f 471 	473 	6564
f 6564 	6575 	471
f 6444 	6500 	6473
f 6473 	6500 	6503
f 6576 	4837 	4848
f 4837 	6576 	4835
f 6576 	6577 	4835
f 3312 	3310 	6479
f 6577 	6587 	6578
f 6602 	6587 	6577
f 6578 	6579 	4592
f 5127 	5061 	6580
f 6582 	5127 	6580
f 6581 	6580 	5061
f 6579 	6581 	5061
f 6579 	6588 	6581
f 5125 	6582 	5133
f 5125 	5127 	6582
f 6499 	6628 	6626
f 6453 	6454 	6410
f 6584 	5141 	5133
f 3124 	6410 	5478
f 5133 	6582 	6584
f 6583 	6584 	6582
f 6583 	6591 	6584
f 6492 	6491 	6410
f 6585 	6593 	6567
f 5141 	6593 	6585
f 6593 	5141 	6584
f 6580 	6583 	6582
f 6428 	4641 	4639
f 6577 	6576 	6602
f 6410 	3148 	3146
f 6587 	6602 	6589
f 6588 	6578 	6587
f 6589 	6588 	6587
f 551 	622 	6586
f 6588 	6579 	6578
f 6586 	6588 	6589
f 6498 	6627 	6628
f 6589 	551 	6586
f 589 	551 	6589
f 6590 	6580 	6581
f 6581 	6588 	6590
f 6590 	6583 	6580
f 6588 	6586 	6590
f 6583 	6590 	6592
f 6591 	6583 	6592
f 6590 	6586 	6592
f 6586 	557 	6592
f 6584 	6591 	6593
f 6594 	563 	427
f 6594 	427 	6571
f 6615 	6616 	6497
f 6594 	6593 	6591
f 6592 	563 	6591
f 6591 	563 	6594
f 6487 	4190 	6532
f 6410 	6541 	5478
f 4854 	4802 	6596
f 4781 	6596 	4802
f 6597 	4804 	6598
f 4781 	4780 	6596
f 4848 	4852 	6601
f 6601 	6599 	4848
f 5481 	5478 	6541
f 6410 	3124 	3148
f 4804 	4658 	6595
f 6595 	6598 	4804
f 4852 	4854 	6600
f 6576 	4848 	6599
f 6622 	6576 	6599
f 6610 	6597 	6598
f 6610 	6611 	6596
f 6596 	6611 	6600
f 6596 	6600 	4854
f 4852 	6600 	6601
f 6601 	6622 	6599
f 6610 	6598 	6608
f 6596 	6597 	6610
f 6622 	6602 	6576
f 6605 	6410 	6604
f 6609 	6610 	6608
f 6604 	6603 	913
f 6613 	6612 	6610
f 913 	6603 	6537
f 6609 	6613 	6610
f 1009 	6605 	6604
f 6614 	6606 	1015
f 1016 	1015 	6606
f 6607 	1016 	6606
f 6605 	1009 	6607
f 6620 	6611 	6612
f 6610 	6612 	6611
f 5525 	5526 	6618
f 6595 	6631 	6598
f 6601 	6623 	6622
f 6616 	1161 	6617
f 1161 	5530 	6617
f 6616 	6615 	1161
f 6600 	6630 	6601
f 5530 	5525 	6617
f 6602 	580 	6624
f 6589 	6602 	6624
f 6589 	6624 	589
f 6608 	550 	6609
f 6609 	550 	6613
f 6613 	550 	6612
f 5481 	6410 	5480
f 5654 	5480 	6625
f 6621 	6620 	550
f 6620 	6612 	550
f 6632 	6631 	550
f 6620 	6621 	6611
f 6626 	5654 	6625
f 6630 	577 	6623
f 6623 	6601 	6630
f 6600 	6611 	6630
f 6619 	5525 	6618
f 6626 	5657 	5654
f 4975 	600 	550
f 6626 	6628 	5657
f 6627 	5527 	6628
f 6628 	5681 	5657
f 6611 	6629 	6630
f 6629 	576 	6630
f 5527 	6627 	6618
f 6611 	6621 	6629
f 6602 	6622 	580
f 580 	6623 	572
f 6618 	5526 	5527
f 6623 	580 	6622
f 6619 	6617 	5525
f 572 	6623 	577
f 6630 	578 	577
f 576 	579 	6630
f 579 	578 	6630
f 6621 	550 	6629
f 6629 	550 	576
f 6631 	6595 	6635
f 6598 	6631 	6632
f 6608 	6598 	6632
f 6632 	550 	6608
f 5110 	5165 	4658
f 550 	6631 	6633
f 706 	6633 	6556
f 5165 	5265 	4658
f 6634 	6595 	4658
f 6634 	4658 	5265
f 6635 	6595 	6634
f 6633 	6631 	6635
f 5265 	5268 	6634
f 6633 	5263 	5261
f 6635 	6634 	6633
f 6570 	6567 	6593
f 6570 	6593 	6594
f 6570 	6594 	6571
f 2231 	5442 	2235
f 5389 	2235 	5442
f 2235 	5389 	2365
f 5396 	2365 	5389
f 376 	375 	362
f 377 	379 	362
f 379 	378 	5574
f 11 	5379 	5380
f 8 	53 	5740
f 8 	17 	53
f 5448 	11 	5380
f 19 	5379 	11
f 19 	17 	5379
# 6019 faces

g group_0_16096031

usemtl color_16096031
s 0

f 102 	101 	140
f 101 	103 	143
f 103 	105 	143
f 110 	107 	112
f 107 	110 	109
f 109 	108 	107
f 125 	134 	111
f 107 	113 	112
f 120 	140 	116
f 117 	116 	140
f 117 	140 	118
f 140 	121 	118
f 111 	134 	108
f 126 	140 	120
f 127 	140 	126
f 107 	108 	134
f 137 	136 	134
f 134 	125 	141
f 137 	134 	141
f 645 	226 	222
f 227 	140 	127
f 115 	119 	6445
f 122 	6455 	119
f 123 	645 	222
f 687 	242 	241
f 255 	257 	244
f 687 	692 	242
f 261 	256 	244
f 255 	244 	256
f 261 	244 	262
f 140 	227 	229
f 140 	275 	274
f 274 	276 	140
f 102 	140 	276
f 275 	140 	278
f 278 	140 	279
f 229 	279 	140
f 140 	101 	143
f 390 	1642 	389
f 394 	388 	1642
f 387 	1642 	388
f 391 	1642 	390
f 615 	613 	588
f 613 	610 	588
f 611 	588 	610
f 626 	588 	611
f 115 	6445 	6452
f 660 	238 	661
f 659 	238 	660
f 661 	238 	662
f 659 	666 	238
f 666 	667 	238
f 667 	670 	238
f 675 	678 	238
f 670 	675 	238
f 238 	588 	662
f 663 	588 	626
f 662 	588 	663
f 588 	124 	226
f 238 	124 	588
f 606 	588 	226
f 678 	677 	238
f 606 	226 	645
f 679 	241 	680
f 681 	680 	241
f 677 	681 	238
f 241 	238 	681
f 6452 	123 	115
f 241 	684 	683
f 683 	687 	241
f 244 	242 	691
f 691 	242 	692
f 241 	679 	697
f 241 	697 	684
f 262 	244 	702
f 703 	702 	244
f 704 	244 	691
f 703 	244 	704
f 716 	715 	588
f 588 	715 	719
f 719 	743 	588
f 747 	588 	743
f 588 	606 	716
f 747 	755 	588
f 615 	588 	755
f 776 	770 	769
f 774 	776 	769
f 781 	770 	776
f 776 	774 	789
f 789 	792 	776
f 817 	776 	791
f 792 	791 	776
f 818 	977 	819
f 819 	977 	817
f 824 	977 	823
f 824 	828 	977
f 840 	835 	838
f 839 	838 	835
f 840 	843 	835
f 835 	780 	778
f 835 	776 	780
f 835 	778 	832
f 843 	849 	835
f 849 	848 	835
f 848 	781 	835
f 776 	835 	781
f 778 	967 	832
f 5121 	832 	967
f 982 	988 	977
f 985 	6486 	986
f 776 	817 	977
f 977 	6470 	776
f 818 	823 	977
f 1004 	977 	828
f 1004 	996 	977
f 990 	977 	996
f 1270 	1272 	6421
f 1276 	1269 	6421
f 1642 	1263 	394
f 1264 	1262 	1258
f 1270 	6421 	1269
f 1362 	1279 	1642
f 1274 	1265 	1258
f 1264 	1258 	1265
f 1277 	1642 	1279
f 2394 	2392 	1642
f 1360 	1361 	1642
f 1366 	294 	1375
f 294 	1365 	1358
f 294 	1358 	1355
f 1362 	1642 	1361
f 2389 	2390 	294
f 1375 	294 	1376
f 2432 	1642 	2430
f 2432 	2428 	1642
f 1365 	294 	1366
f 1376 	294 	2390
f 1519 	1531 	1521
f 1531 	1529 	1521
f 1529 	1528 	1521
f 5895 	1521 	1528
f 1531 	1519 	1536
f 1539 	1618 	1519
f 1597 	1623 	1599
f 1603 	1602 	1623
f 1602 	1601 	1623
f 1539 	1623 	1601
f 1608 	1610 	1539
f 1601 	1608 	1539
f 1610 	1611 	1539
f 1617 	1519 	1618
f 1611 	1621 	1539
f 1539 	1621 	1618
f 1617 	1536 	1519
f 1650 	1623 	1624
f 1647 	1646 	1624
f 1646 	1645 	1624
f 1650 	1624 	1645
f 1650 	1599 	1623
f 1597 	1603 	1623
f 2430 	1642 	2429
f 1642 	134 	2460
f 4023 	4059 	1642
f 4678 	1642 	4609
f 4678 	4679 	1642
f 4709 	4710 	1642
f 4708 	4709 	1642
f 1642 	4405 	4398
f 4311 	1642 	4265
f 1642 	4313 	4405
f 4151 	4153 	1642
f 4059 	4151 	1642
f 3087 	4023 	1642
f 5126 	1642 	4710
f 5126 	5140 	1642
f 5590 	5591 	1642
f 5629 	5679 	1642
f 1657 	1625 	1658
f 5591 	5629 	1642
f 1675 	1647 	1624
f 1676 	1675 	1624
f 1657 	1677 	1625
f 1624 	1625 	1676
f 1677 	1676 	1625
f 107 	134 	1642
f 2508 	1642 	2460
f 1642 	5140 	5590
f 1359 	1360 	1642
f 1277 	1276 	1642
f 2392 	2391 	1642
f 2433 	2429 	1642
f 1642 	4398 	4399
f 4311 	4313 	1642
f 4153 	4242 	1642
f 1642 	4242 	4265
f 1642 	4399 	4609
f 1642 	5679 	5680
f 1642 	5680 	6248
f 1642 	6248 	107
f 1272 	1274 	1642
f 1642 	3409 	2700
f 3406 	3407 	1642
f 3407 	3409 	1642
f 1642 	2703 	2704
f 1642 	2700 	2703
f 2718 	1642 	2704
f 1642 	2718 	2720
f 2634 	1642 	2720
f 1642 	2635 	2357
f 1821 	1820 	1642
f 2357 	2311 	1642
f 2312 	1821 	1642
f 1642 	1539 	1519
f 1642 	1623 	1539
f 1521 	1642 	1519
f 5320 	5754 	1642
f 1642 	5878 	5879
f 5320 	1642 	5879
f 5763 	5694 	1642
f 2010 	5340 	1642
f 5340 	5352 	1642
f 5695 	1642 	1763
f 5694 	1763 	1642
f 1642 	5695 	5567
f 1642 	5567 	5348
f 5351 	1642 	5348
f 5351 	2010 	1642
f 5474 	1642 	5352
f 5474 	5475 	1642
f 5189 	1642 	5154
f 1642 	5156 	5154
f 5106 	5149 	1642
f 5189 	5106 	1642
f 5475 	5156 	1642
f 5754 	5763 	1642
f 1521 	5878 	1642
f 1642 	1624 	1623
f 1642 	1625 	1624
f 1642 	1798 	1625
f 1642 	1799 	1798
f 1642 	1800 	1799
f 1820 	1800 	1642
f 1642 	2311 	2312
f 1642 	2634 	2635
f 6511 	1642 	1637
f 5149 	1637 	1642
f 1642 	3435 	3406
f 1642 	4671 	3693
f 4715 	4826 	1642
f 4826 	4671 	1642
f 5036 	4715 	1642
f 3694 	3721 	1642
f 3721 	1778 	1642
f 1642 	3693 	3694
f 3722 	3559 	1642
f 3559 	3560 	1642
f 1778 	3722 	1642
f 1642 	3560 	3561
f 3496 	1642 	3495
f 3497 	3436 	1642
f 1642 	3436 	3435
f 3496 	3497 	1642
f 1642 	3561 	3498
f 1642 	3498 	3495
f 6512 	122 	1642
f 122 	119 	1642
f 115 	1642 	119
f 1642 	226 	124
f 1642 	244 	2666
f 124 	238 	1642
f 241 	242 	1642
f 242 	244 	1642
f 1642 	2666 	2679
f 2679 	2681 	1642
f 2682 	2686 	1642
f 2686 	2690 	1642
f 3271 	1793 	1642
f 1642 	2690 	3271
f 3290 	3291 	1642
f 3291 	1794 	1642
f 1642 	1793 	3290
f 238 	241 	1642
f 123 	222 	1642
f 115 	123 	1642
f 1642 	3295 	3367
f 3372 	3373 	1642
f 3373 	1797 	1642
f 1658 	1625 	1795
f 3367 	3372 	1642
f 1642 	1794 	3294
f 1797 	1801 	1642
f 3294 	3295 	1642
f 1801 	3610 	1642
f 3224 	1673 	1642
f 3610 	3224 	1642
f 1642 	222 	226
f 6511 	6512 	1642
f 1804 	1800 	1805
f 1804 	1809 	1800
f 1809 	1799 	1800
f 1811 	1799 	1810
f 1809 	1810 	1799
f 1816 	1815 	1798
f 1814 	1798 	1815
f 1798 	1799 	1816
f 1811 	1816 	1799
f 1814 	1817 	1798
f 1796 	1798 	1817
f 1795 	1798 	1796
f 1795 	1625 	1798
f 1840 	1800 	1820
f 1821 	1830 	1829
f 1821 	1835 	1830
f 1821 	2312 	1835
f 1829 	1837 	1821
f 1837 	1838 	1820
f 1837 	1820 	1821
f 1838 	1839 	1820
f 1840 	1806 	1800
f 1806 	1805 	1800
f 1839 	1840 	1820
f 1794 	3291 	3294
f 3373 	3610 	1797
f 1673 	3087 	1642
f 1836 	1835 	2312
f 2010 	5351 	5340
f 1642 	4679 	4708
f 1778 	3721 	3722
f 1642 	4287 	5036
f 2495 	1869 	2312
f 3224 	3087 	1673
f 1801 	1797 	3610
f 2342 	134 	136
f 5695 	1763 	5694
f 2363 	2362 	2357
f 2362 	2366 	2357
f 2394 	1642 	2428
f 1642 	2435 	2433
f 2342 	2397 	134
f 134 	2409 	2460
f 2440 	2460 	2409
f 2397 	2409 	134
f 2460 	2446 	2445
f 2460 	2441 	2446
f 1642 	2473 	2435
f 1642 	2474 	2473
f 2441 	2460 	2440
f 2467 	2460 	2468
f 2445 	2468 	2460
f 2474 	1642 	2475
f 2478 	2477 	2311
f 2480 	2508 	2467
f 2477 	2481 	2311
f 2485 	2311 	2481
f 2311 	2357 	2478
f 2368 	2478 	2357
f 2366 	2368 	2357
f 2311 	2485 	2484
f 2311 	2484 	2312
f 2495 	2312 	2484
f 2497 	2508 	2480
f 2475 	1642 	2505
f 2507 	2505 	1642
f 2508 	2510 	2511
f 2508 	2511 	2507
f 1642 	2508 	2507
f 2526 	2510 	2525
f 2508 	2525 	2510
f 2524 	2541 	2525
f 2508 	2532 	2525
f 2533 	2508 	2497
f 2460 	2467 	2508
f 2532 	2508 	2533
f 2524 	2540 	2541
f 2526 	2525 	2541
f 1836 	2312 	1869
f 2637 	2634 	2638
f 2635 	2646 	2645
f 2644 	2635 	2645
f 2637 	2647 	2634
f 2647 	2646 	2634
f 2635 	2634 	2646
f 2644 	2648 	2635
f 2905 	2686 	2682
f 2648 	2649 	2635
f 2635 	2649 	2357
f 2363 	2357 	2649
f 2731 	2737 	2703
f 2690 	2711 	3271
f 2716 	2712 	2690
f 2711 	2690 	2712
f 2743 	2748 	2704
f 2701 	2710 	2686
f 2710 	2715 	2686
f 2690 	2686 	2715
f 2715 	2714 	2690
f 2714 	2713 	2690
f 2716 	2690 	2713
f 2731 	2703 	2732
f 2700 	2803 	2703
f 2704 	2703 	2745
f 2745 	2703 	2737
f 2745 	2744 	2704
f 2743 	2704 	2744
f 2749 	2718 	2747
f 2748 	2747 	2718
f 2749 	2750 	2718
f 2753 	2718 	2750
f 2718 	2704 	2748
f 2753 	2720 	2718
f 2666 	244 	2754
f 244 	257 	2754
f 2752 	2720 	2753
f 2752 	2756 	2720
f 2758 	2666 	2757
f 2757 	2666 	2754
f 2634 	2720 	2638
f 2756 	2759 	2720
f 2639 	2638 	2720
f 2759 	2639 	2720
f 2666 	2765 	2764
f 2764 	2763 	2666
f 3409 	2798 	2700
f 2797 	2700 	2798
f 2800 	2700 	2797
f 2735 	2703 	2803
f 2732 	2703 	2735
f 2800 	2803 	2700
f 2763 	2762 	2666
f 2762 	2766 	2666
f 2766 	2835 	2666
f 2765 	2666 	2758
f 2681 	2679 	2838
f 2834 	2838 	2679
f 2835 	2834 	2679
f 2844 	2843 	2681
f 2844 	2681 	2846
f 2847 	2846 	2681
f 2901 	2900 	2682
f 2900 	2905 	2682
f 2843 	2901 	2682
f 2904 	2686 	2905
f 2904 	2702 	2686
f 2701 	2686 	2702
f 2848 	2681 	2849
f 2838 	2849 	2681
f 2681 	2848 	2917
f 2682 	2681 	2843
f 2847 	2681 	2917
f 2679 	2666 	2835
f 2682 	1642 	2681
f 3269 	1793 	3266
f 3271 	3267 	1793
f 3266 	1793 	3267
f 3276 	3288 	1793
f 3269 	3276 	1793
f 3271 	3279 	3267
f 3522 	3532 	3294
f 3284 	3283 	3290
f 3287 	3290 	3283
f 3285 	1793 	3288
f 3285 	3284 	3290
f 3310 	3271 	2711
f 3279 	3271 	3312
f 3310 	3312 	3271
f 3316 	3315 	3290
f 3315 	3319 	3290
f 3316 	3290 	3313
f 3287 	3314 	3290
f 3313 	3290 	3314
f 3290 	3366 	3318
f 3366 	3290 	3319
f 3291 	3508 	3294
f 3418 	3417 	3407
f 3406 	3418 	3407
f 3416 	3419 	3407
f 3431 	3407 	3419
f 3409 	3407 	3431
f 3406 	3415 	3414
f 3416 	3407 	3417
f 3414 	3418 	3406
f 2798 	3409 	2799
f 3424 	2799 	3409
f 4040 	3295 	3294
f 3434 	3425 	3409
f 3409 	3431 	3434
f 3424 	3409 	3425
f 3476 	3485 	3436
f 3444 	3435 	3441
f 3442 	3441 	3435
f 3444 	3469 	3435
f 3406 	3435 	3469
f 3415 	3406 	3473
f 3469 	3473 	3406
f 3475 	3474 	3436
f 3477 	3436 	3474
f 3476 	3436 	3477
f 3481 	3475 	3497
f 3435 	3436 	3485
f 3485 	3442 	3435
f 3497 	3491 	3481
f 3515 	3513 	3291
f 3513 	3506 	3291
f 3506 	3505 	3291
f 3508 	3291 	3505
f 3317 	3291 	3318
f 3317 	3512 	3291
f 3290 	3318 	3291
f 3515 	3291 	3512
f 3522 	3294 	3518
f 3519 	3518 	3294
f 3508 	3519 	3294
f 3475 	3436 	3497
f 3537 	3534 	3498
f 3536 	3498 	3534
f 3498 	3536 	3495
f 3536 	3535 	3495
f 3538 	3496 	3539
f 3496 	3540 	3539
f 3535 	3540 	3495
f 3496 	3495 	3540
f 3491 	3497 	3550
f 3552 	3550 	3497
f 3497 	3496 	3552
f 3538 	3552 	3496
f 3622 	3621 	3498
f 3537 	3498 	3553
f 3564 	3563 	3565
f 3565 	3563 	3566
f 3561 	3560 	3563
f 3566 	3563 	3568
f 3563 	3571 	3568
f 3722 	3574 	3559
f 3574 	3563 	3559
f 3577 	3576 	3574
f 3579 	3581 	3574
f 3576 	3579 	3574
f 3574 	3584 	3563
f 3581 	3584 	3574
f 3526 	3527 	3294
f 3526 	3294 	3528
f 3528 	3294 	3529
f 3533 	3529 	3294
f 3532 	3531 	3294
f 3294 	3531 	3533
f 3295 	4039 	3367
f 6211 	3610 	3373
f 3559 	3563 	3560
f 3577 	3574 	3604
f 3563 	3584 	3609
f 3563 	3609 	3571
f 3563 	3615 	3561
f 3614 	3561 	3615
f 3290 	1793 	3285
f 3553 	3498 	3554
f 3610 	6199 	3224
f 3554 	3498 	3621
f 3498 	3561 	3622
f 3614 	3622 	3561
f 3563 	3564 	3615
f 3629 	3604 	3574
f 3574 	3725 	3629
f 3087 	3224 	6427
f 5330 	3696 	3694
f 3693 	5330 	3694
f 3713 	5330 	5393
f 3712 	5330 	3713
f 3716 	3713 	5393
f 3721 	3725 	3722
f 3574 	3722 	3725
f 3725 	3728 	3727
f 3630 	3725 	4122
f 3729 	3725 	3721
f 3762 	3729 	3763
f 3762 	3764 	3729
f 3725 	3729 	3764
f 3728 	3725 	3764
f 3696 	3721 	3694
f 3721 	3696 	3729
f 3767 	3770 	3729
f 3770 	3763 	3729
f 3769 	3768 	3696
f 3767 	3696 	3768
f 3773 	3769 	3696
f 3696 	3767 	3729
f 3773 	3696 	3775
f 5330 	3775 	3696
f 3712 	3775 	5330
f 6545 	4157 	1642
f 1642 	1262 	1263
f 3994 	4045 	3995
f 3994 	4003 	4045
f 3995 	4045 	4006
f 143 	4006 	4045
f 4045 	4003 	4008
f 105 	106 	143
f 4006 	143 	106
f 4017 	4045 	4019
f 4008 	4020 	4045
f 129 	143 	4023
f 4023 	143 	4045
f 4038 	3367 	4039
f 4062 	3367 	4038
f 3295 	4040 	4037
f 4035 	3295 	4037
f 4036 	3295 	4035
f 4039 	3295 	4036
f 4040 	3294 	3527
f 4017 	4016 	4056
f 4045 	4017 	4056
f 4020 	4019 	4045
f 4050 	4056 	4016
f 4054 	4053 	4056
f 4056 	4053 	4055
f 4057 	4054 	4056
f 4056 	4050 	4057
f 4063 	3367 	4062
f 4023 	4045 	4059
f 4059 	4045 	4056
f 3367 	4068 	4067
f 4067 	4072 	3367
f 4071 	4066 	3367
f 4068 	3367 	4069
f 3367 	4063 	4069
f 4071 	3367 	4072
f 4065 	3367 	4066
f 4100 	4117 	4098
f 4099 	4098 	4117
f 4055 	4102 	4056
f 3630 	3629 	3725
f 3727 	4122 	3725
f 1258 	1262 	1642
f 1274 	1258 	1642
f 4117 	4100 	4104
f 4189 	4153 	4151
f 4117 	4056 	4102
f 4117 	4102 	4099
f 4059 	4056 	4117
f 4059 	4117 	4151
f 4188 	4187 	4189
f 4188 	4189 	4104
f 4117 	4104 	4189
f 4189 	4151 	4117
f 4207 	4242 	4153
f 4187 	4202 	4189
f 4242 	4205 	4204
f 4242 	4207 	4205
f 4207 	4153 	4202
f 4189 	4202 	4153
f 4204 	4199 	4242
f 4246 	4265 	4198
f 4199 	4265 	4242
f 4265 	4274 	4273
f 4272 	4265 	4273
f 4303 	4287 	4320
f 4304 	4287 	4303
f 4305 	4287 	4304
f 4308 	4310 	4287
f 4199 	4198 	4265
f 4265 	4309 	4274
f 4309 	4265 	4246
f 5036 	4287 	4328
f 4310 	4328 	4287
f 4311 	4316 	4315
f 4272 	4271 	4311
f 4316 	4311 	4271
f 4272 	4311 	4265
f 1642 	4157 	4320
f 1642 	4320 	4287
f 4313 	4327 	4326
f 4325 	5036 	4324
f 4326 	4323 	4313
f 4322 	4313 	4323
f 4331 	4313 	4311
f 4327 	4313 	4331
f 4315 	4331 	4311
f 4338 	5098 	4337
f 4322 	4393 	4313
f 4443 	4442 	4399
f 4446 	4445 	4398
f 4398 	4447 	4446
f 4399 	4398 	4445
f 4398 	4405 	4451
f 4451 	4450 	4398
f 4447 	4398 	4450
f 4445 	4443 	4399
f 4474 	4451 	4405
f 4405 	4476 	4474
f 4405 	4313 	4393
f 4393 	4395 	4405
f 4476 	4405 	4395
f 4399 	4442 	4567
f 4572 	4609 	4571
f 4609 	4399 	4567
f 4567 	4571 	4609
f 4621 	4620 	4609
f 4324 	5036 	4328
f 4305 	4308 	4287
f 4621 	4609 	4572
f 4678 	4687 	4679
f 4685 	4684 	4679
f 4687 	4685 	4679
f 4678 	4618 	4617
f 4617 	4690 	4678
f 4690 	4687 	4678
f 4671 	4696 	3693
f 4705 	4704 	5336
f 4609 	4620 	4678
f 4620 	4618 	4678
f 4679 	4723 	4708
f 4761 	4709 	4728
f 4752 	4751 	4710
f 4710 	4754 	5126
f 4709 	4756 	4710
f 4684 	4723 	4679
f 4708 	4729 	4728
f 4723 	4732 	4708
f 4708 	4732 	4729
f 5139 	5126 	4754
f 4751 	4754 	4710
f 4752 	4710 	4756
f 4709 	4759 	4756
f 4708 	4728 	4709
f 4709 	4761 	4759
f 4840 	4722 	4721
f 4929 	4721 	4930
f 4724 	4930 	4721
f 4836 	4826 	4716
f 4855 	4836 	4716
f 4826 	4715 	4716
f 4671 	4826 	4836
f 4839 	4840 	4721
f 4722 	4834 	4718
f 4718 	4834 	4719
f 4722 	4840 	4834
f 4855 	4719 	4834
f 4719 	4855 	4716
f 4721 	4929 	4841
f 4721 	4841 	4839
f 4944 	5293 	4945
f 4945 	5255 	4950
f 4946 	4937 	4724
f 4930 	4724 	4937
f 4834 	5336 	4699
f 4696 	4836 	4699
f 4957 	4956 	4840
f 4956 	4995 	4840
f 4995 	4998 	4840
f 4997 	4706 	4834
f 5336 	4834 	4705
f 4706 	4705 	4834
f 4957 	4840 	4838
f 4839 	4838 	4840
f 5002 	4840 	4998
f 4840 	5002 	4834
f 4997 	4834 	5002
f 4696 	4671 	4836
f 4834 	4699 	4855
f 4855 	4699 	4836
f 4325 	4336 	5036
f 5036 	5256 	5257
f 5036 	5257 	5255
f 5237 	5228 	5036
f 5226 	5225 	5036
f 5246 	5241 	5036
f 5314 	5295 	5036
f 5237 	5036 	5241
f 5315 	5036 	5316
f 5036 	5318 	5317
f 5036 	5317 	5316
f 5036 	5315 	5321
f 5084 	5082 	5036
f 5098 	5087 	5036
f 5036 	5087 	5084
f 4987 	5036 	4988
f 5082 	5084 	5083
f 5078 	5036 	5082
f 5084 	5087 	5089
f 5084 	5092 	5083
f 5084 	5089 	5092
f 5090 	5087 	5094
f 5089 	5087 	5090
f 5107 	5102 	5087
f 5094 	5087 	5102
f 5036 	4336 	5098
f 5109 	5104 	5087
f 5267 	5165 	5087
f 5107 	5087 	5103
f 5098 	5262 	5087
f 5267 	5087 	5269
f 5103 	5087 	5104
f 5111 	5121 	5106
f 5121 	5120 	832
f 5120 	5121 	5111
f 5207 	5206 	5120
f 835 	832 	5120
f 5136 	5134 	5126
f 5131 	5140 	5134
f 835 	5120 	5135
f 5137 	5135 	5120
f 5139 	5136 	5126
f 835 	5135 	839
f 5036 	4721 	4722
f 5149 	870 	6433
f 5106 	5121 	5149
f 870 	5149 	967
f 5149 	5121 	967
f 5226 	5036 	5228
f 5164 	5154 	5156
f 5109 	5087 	5110
f 5036 	5163 	5161
f 5161 	5166 	5036
f 5269 	5087 	5262
f 5166 	5168 	5036
f 5164 	5216 	5154
f 5163 	5036 	5170
f 4987 	4986 	5036
f 5167 	5036 	5168
f 5274 	5098 	5177
f 4336 	4337 	5098
f 5177 	5098 	4338
f 5098 	5274 	5275
f 4716 	4715 	5036
f 5140 	5130 	5129
f 5143 	5140 	5129
f 5140 	5131 	5130
f 5126 	5134 	5140
f 5219 	5164 	5174
f 5195 	5189 	5216
f 5111 	5106 	5195
f 5195 	5106 	5189
f 5120 	5195 	5201
f 5195 	5120 	5111
f 5202 	5201 	5203
f 5210 	5120 	5206
f 5210 	5137 	5120
f 5202 	5207 	5201
f 5120 	5201 	5207
f 4719 	5036 	4718
f 4716 	5036 	4719
f 5036 	4722 	4718
f 5220 	5164 	5219
f 5036 	5255 	5293
f 5292 	5220 	5222
f 5216 	5164 	5220
f 5201 	5195 	5216
f 5225 	5233 	5036
f 5271 	5256 	5036
f 4721 	5036 	4724
f 5314 	5036 	5233
f 5246 	5036 	5235
f 5036 	5239 	5236
f 5236 	5235 	5036
f 5239 	5036 	5248
f 5293 	4724 	5036
f 5260 	5098 	5275
f 5261 	5098 	5260
f 5258 	5256 	5259
f 5098 	5263 	5262
f 5264 	5098 	5261
f 5263 	5098 	5264
f 5268 	5165 	5267
f 5266 	5276 	5256
f 5258 	5266 	5256
f 5265 	5165 	5268
f 5110 	5087 	5165
f 5271 	5270 	5256
f 5259 	5256 	5270
f 5036 	5273 	5271
f 5220 	5201 	5216
f 5219 	5222 	5220
f 5273 	5036 	5294
f 5296 	5220 	5292
f 5203 	5201 	5298
f 5220 	5299 	5201
f 5298 	5201 	5299
f 5299 	5220 	5296
f 5256 	5305 	5257
f 5304 	5257 	5305
f 5305 	5256 	5276
f 4944 	4942 	5293
f 5309 	5257 	5304
f 5311 	5257 	5309
f 5216 	5189 	5154
f 4946 	4724 	5293
f 5293 	4942 	4946
f 5294 	5036 	5295
f 5078 	4988 	5036
f 5170 	5036 	4986
f 5167 	5319 	5036
f 5319 	5318 	5036
f 5249 	5036 	5321
f 5248 	5036 	5249
f 5255 	4945 	5293
f 5257 	5323 	5255
f 5323 	4951 	5255
f 4950 	5255 	4951
f 5311 	5328 	5257
f 5257 	5326 	5323
f 5326 	5257 	5328
f 5333 	5332 	5336
f 5336 	5332 	5335
f 5336 	5335 	5393
f 5393 	5335 	5334
f 5330 	3693 	4696
f 4699 	5393 	5330
f 4699 	5336 	5393
f 5330 	4696 	4699
f 5348 	5364 	5351
f 5364 	5619 	5365
f 5365 	5369 	5364
f 5368 	5364 	5369
f 5364 	5371 	5351
f 5371 	5340 	5351
f 5340 	5512 	5352
f 5368 	5381 	5364
f 5364 	5381 	5371
f 5381 	5383 	5371
f 5382 	5371 	5383
f 5384 	5371 	5385
f 5382 	5385 	5371
f 5386 	5371 	5384
f 5388 	5336 	4704
f 5333 	5336 	5337
f 5388 	5337 	5336
f 5393 	5334 	5394
f 5398 	5393 	5399
f 5394 	5399 	5393
f 5398 	3716 	5393
f 5470 	5164 	5471
f 5174 	5164 	5175
f 5470 	5175 	5164
f 5483 	5486 	5484
f 5486 	5164 	5475
f 5483 	5496 	5486
f 5496 	5498 	5486
f 5486 	5474 	5518
f 5474 	5486 	5475
f 5164 	5156 	5475
f 5498 	5471 	5164
f 5164 	5486 	5498
f 5340 	5371 	5512
f 5512 	5474 	5352
f 5474 	5512 	5518
f 5556 	5538 	5512
f 5537 	5512 	5538
f 5512 	5537 	5518
f 5536 	5518 	5537
f 5371 	5386 	5512
f 5518 	5484 	5486
f 5536 	5548 	5518
f 5484 	5518 	5485
f 5548 	5485 	5518
f 5556 	5512 	5386
f 5673 	5591 	5615
f 5143 	5142 	5140
f 5140 	5142 	5590
f 5641 	5613 	5695
f 5613 	5612 	5695
f 5617 	5615 	5591
f 5591 	5618 	5617
f 5567 	5614 	5619
f 5618 	5591 	5621
f 5622 	5621 	5591
f 5591 	5590 	5622
f 5623 	5622 	5590
f 5348 	5567 	5619
f 5619 	5364 	5348
f 5142 	5627 	5590
f 5614 	5612 	5628
f 5590 	5627 	5623
f 5628 	5630 	5614
f 5634 	5619 	5636
f 5636 	5619 	5637
f 5619 	5614 	5637
f 5614 	5630 	5637
f 5366 	5365 	5619
f 5639 	5366 	5619
f 5634 	5639 	5619
f 5614 	5695 	5612
f 5629 	5646 	5648
f 5629 	5650 	5646
f 5655 	5650 	5629
f 5629 	5591 	5673
f 5673 	5655 	5629
f 5648 	5647 	5629
f 5614 	5567 	5695
f 5736 	5589 	5695
f 5680 	5724 	5722
f 5723 	5738 	5694
f 5739 	5724 	5680
f 5737 	5694 	5738
f 5694 	5737 	5695
f 5680 	5722 	5721
f 5736 	5695 	5737
f 5721 	5728 	5680
f 5726 	6248 	5727
f 5727 	5680 	5728
f 5589 	5588 	5695
f 5588 	5641 	5695
f 5811 	5824 	5754
f 5774 	5773 	5763
f 5772 	5763 	5773
f 5694 	5763 	5772
f 5725 	5694 	5772
f 5723 	5694 	5725
f 5680 	5751 	5739
f 5679 	5799 	5680
f 5800 	5799 	5679
f 5680 	5799 	5751
f 5803 	5754 	5320
f 5679 	5629 	5647
f 5679 	5647 	5800
f 5803 	5810 	5754
f 5810 	5811 	5754
f 5824 	5823 	5763
f 5774 	5763 	5823
f 5763 	5754 	5824
f 5847 	5320 	5848
f 5847 	5804 	5320
f 5803 	5320 	5804
f 5848 	5320 	5879
f 5878 	1521 	5971
f 5971 	1521 	5895
f 5971 	5980 	5878
f 5981 	5878 	5980
f 5981 	5984 	5878
f 5985 	5879 	5986
f 5878 	5984 	5879
f 5984 	5986 	5879
f 5879 	5989 	5988
f 5988 	5849 	5879
f 5989 	5879 	5985
f 5848 	5879 	5849
f 3224 	6429 	6427
f 3373 	3372 	6211
f 6211 	3372 	6331
f 6199 	3610 	6211
f 6250 	6249 	6248
f 5680 	5727 	6248
f 6248 	5726 	6250
f 6331 	3372 	3367
f 6249 	6264 	6248
f 4065 	6256 	3367
f 6264 	6285 	6248
f 6286 	113 	107
f 6285 	6286 	107
f 107 	6248 	6285
f 6336 	3367 	6256
f 6331 	6345 	6344
f 6345 	6331 	6346
f 3367 	6336 	6331
f 6340 	6331 	6342
f 6347 	6331 	6340
f 6346 	6331 	6347
f 6335 	6331 	6336
f 6342 	6331 	6335
f 6344 	6360 	6331
f 6368 	6331 	6360
f 6363 	6331 	6364
f 6363 	6361 	6331
f 6364 	6331 	6366
f 6368 	6366 	6331
f 6211 	6447 	6199
f 6361 	6362 	6331
f 6393 	6331 	6362
f 6393 	6395 	6331
f 6394 	6331 	6395
f 6211 	6331 	6394
f 6397 	6211 	6394
f 1642 	294 	1355
f 1642 	1276 	6421
f 1642 	2389 	294
f 1642 	6421 	1272
f 3224 	6199 	6429
f 6429 	6432 	6427
f 6432 	129 	4023
f 6432 	4023 	6427
f 6477 	129 	6432
f 6427 	4023 	3087
f 645 	6443 	977
f 977 	6486 	645
f 6447 	6429 	6199
f 645 	123 	6443
f 6445 	119 	6455
f 122 	6512 	6455
f 6512 	6456 	6455
f 6443 	123 	6452
f 6456 	6476 	6455
f 6462 	6454 	6211
f 6453 	6467 	6454
f 6458 	6459 	6211
f 6459 	6462 	6211
f 6457 	6467 	6453
f 6460 	6458 	6211
f 6467 	6211 	6454
f 6211 	6467 	6447
f 977 	6443 	6470
f 6469 	6467 	6468
f 6457 	6468 	6467
f 5149 	6433 	6451
f 6451 	6511 	5149
f 6433 	6456 	6451
f 6470 	6443 	6452
f 6466 	6211 	6465
f 6470 	6471 	776
f 6211 	6466 	6461
f 6211 	6461 	6460
f 6211 	6397 	6465
f 776 	6471 	780
f 6474 	6433 	870
f 870 	967 	6474
f 6474 	6456 	6433
f 6456 	6474 	6476
f 6469 	6475 	6467
f 6476 	6471 	6445
f 6455 	6476 	6445
f 6476 	6474 	967
f 967 	778 	6476
f 780 	6471 	778
f 6471 	6476 	778
f 6429 	6477 	6432
f 6447 	6477 	6429
f 990 	984 	977
f 143 	129 	6477
f 6445 	6471 	6470
f 6481 	6467 	6475
f 983 	982 	977
f 984 	983 	977
f 988 	986 	977
f 6486 	977 	986
f 6482 	645 	6483
f 6483 	645 	6486
f 6484 	645 	6482
f 6485 	645 	6484
f 716 	606 	751
f 6494 	6493 	606
f 6467 	6489 	6488
f 6493 	751 	606
f 6495 	6494 	606
f 6485 	6496 	645
f 6491 	6467 	6481
f 606 	645 	6495
f 6496 	6495 	645
f 6491 	6492 	6467
f 6452 	6445 	6470
f 6489 	6467 	6490
f 6492 	6490 	6467
f 6477 	6447 	143
f 143 	6447 	140
f 1637 	5149 	6511
f 6467 	6488 	6504
f 6507 	140 	6506
f 6505 	6506 	6467
f 6509 	140 	6510
f 6505 	6467 	6508
f 6508 	6467 	6504
f 140 	6509 	121
f 6510 	140 	6507
f 6467 	6506 	140
f 6512 	6511 	6451
f 6447 	6467 	140
f 6512 	6451 	6456
f 2389 	1642 	2391
f 1642 	1355 	1356
f 1642 	1356 	1359
f 387 	389 	1642
f 6544 	6545 	1642
f 1642 	391 	6544
f 6546 	4157 	6545
f 6552 	6553 	4157
f 4157 	6546 	6550
f 4157 	6550 	6551
f 4157 	6551 	6552
f 4319 	4320 	4157
f 6553 	4319 	4157
# 1176 faces

g group_0_16748800

usemtl color_16748800
s 0

f 64 	149 	67
f 68 	152 	46
f 4381 	72 	71
f 72 	304 	73
f 75 	305 	76
f 73 	305 	75
f 67 	149 	68
f 80 	308 	62
f 63 	148 	64
f 152 	68 	149
f 305 	73 	304
f 307 	79 	306
f 80 	79 	307
f 149 	64 	148
f 18 	85 	99
f 45 	18 	99
f 76 	305 	306
f 76 	306 	79
f 62 	308 	63
f 308 	80 	307
f 148 	63 	308
f 46 	152 	55
f 152 	155 	159
f 152 	159 	55
f 155 	163 	159
f 155 	161 	163
f 167 	190 	164
f 161 	168 	163
f 161 	165 	168
f 349 	2101 	190
f 165 	171 	168
f 165 	169 	171
f 169 	177 	181
f 181 	171 	169
f 184 	189 	180
f 173 	180 	189
f 177 	185 	181
f 177 	183 	185
f 183 	186 	187
f 188 	189 	184
f 189 	190 	173
f 183 	187 	185
f 191 	189 	188
f 191 	188 	192
f 186 	194 	187
f 186 	193 	194
f 193 	196 	194
f 193 	195 	196
f 195 	197 	198
f 195 	198 	196
f 200 	148 	308
f 201 	149 	148
f 148 	200 	201
f 149 	201 	152
f 155 	152 	201
f 200 	202 	204
f 200 	204 	201
f 201 	161 	155
f 201 	204 	161
f 208 	204 	202
f 208 	202 	207
f 204 	208 	165
f 2016 	2101 	211
f 204 	165 	161
f 218 	208 	207
f 349 	298 	2101
f 218 	207 	215
f 208 	218 	169
f 217 	211 	2101
f 170 	190 	167
f 211 	212 	2016
f 208 	169 	165
f 216 	217 	2101
f 218 	177 	169
f 215 	224 	225
f 224 	231 	232
f 224 	232 	225
f 215 	225 	218
f 177 	218 	225
f 157 	150 	6134
f 223 	231 	224
f 223 	230 	231
f 231 	234 	232
f 225 	183 	177
f 225 	232 	183
f 232 	234 	186
f 232 	186 	183
f 193 	186 	234
f 248 	236 	234
f 248 	250 	236
f 234 	236 	193
f 250 	239 	236
f 236 	195 	193
f 236 	239 	195
f 237 	245 	239
f 237 	243 	245
f 239 	245 	197
f 239 	197 	195
f 245 	243 	266
f 264 	266 	243
f 245 	266 	269
f 269 	197 	245
f 230 	246 	248
f 248 	231 	230
f 234 	231 	248
f 246 	250 	248
f 246 	249 	250
f 249 	416 	251
f 250 	249 	237
f 251 	237 	249
f 250 	237 	239
f 251 	254 	243
f 243 	254 	264
f 251 	243 	237
f 254 	253 	302
f 264 	254 	302
f 270 	268 	85
f 281 	282 	3345
f 341 	287 	286
f 341 	342 	287
f 342 	343 	288
f 292 	291 	554
f 292 	554 	555
f 259 	258 	555
f 293 	292 	555
f 293 	555 	258
f 555 	949 	259
f 260 	259 	949
f 953 	85 	268
f 288 	287 	342
f 289 	288 	343
f 295 	198 	197
f 197 	269 	295
f 267 	953 	268
f 18 	270 	85
f 343 	553 	290
f 301 	253 	421
f 302 	253 	301
f 266 	3730 	269
f 341 	286 	284
f 3733 	295 	269
f 290 	289 	343
f 291 	290 	553
f 267 	952 	953
f 309 	307 	306
f 307 	309 	310
f 296 	216 	2101
f 307 	310 	308
f 308 	310 	200
f 309 	313 	310
f 311 	313 	309
f 310 	313 	202
f 310 	202 	200
f 2017 	2016 	209
f 212 	213 	2016
f 311 	315 	316
f 315 	319 	316
f 313 	311 	316
f 313 	207 	202
f 313 	316 	207
f 319 	315 	318
f 316 	319 	215
f 319 	224 	215
f 223 	224 	319
f 316 	215 	207
f 223 	319 	318
f 305 	324 	306
f 324 	309 	306
f 324 	311 	309
f 324 	328 	311
f 263 	951 	265
f 267 	265 	952
f 554 	291 	553
f 951 	952 	265
f 284 	281 	340
f 340 	341 	284
f 173 	190 	170
f 299 	296 	2101
f 298 	299 	2101
f 350 	351 	508
f 351 	350 	3433
f 340 	355 	341
f 354 	355 	340
f 355 	380 	341
f 341 	380 	342
f 354 	358 	355
f 356 	358 	354
f 347 	361 	356
f 356 	361 	358
f 347 	363 	361
f 347 	348 	363
f 350 	508 	348
f 383 	355 	358
f 363 	372 	361
f 508 	363 	348
f 372 	363 	509
f 342 	382 	343
f 380 	382 	342
f 355 	383 	380
f 380 	384 	382
f 383 	384 	380
f 385 	383 	358
f 361 	385 	358
f 385 	386 	383
f 384 	383 	386
f 386 	525 	384
f 372 	385 	361
f 385 	393 	386
f 517 	518 	392
f 515 	799 	518
f 522 	2018 	527
f 328 	333 	315
f 515 	516 	799
f 318 	315 	333
f 328 	315 	311
f 333 	396 	318
f 396 	400 	318
f 318 	400 	223
f 400 	413 	230
f 400 	230 	223
f 464 	396 	333
f 230 	413 	246
f 413 	415 	246
f 414 	416 	415
f 415 	249 	246
f 415 	416 	249
f 2691 	2383 	520
f 417 	416 	414
f 417 	444 	419
f 417 	420 	416
f 417 	419 	420
f 251 	416 	420
f 419 	253 	420
f 419 	421 	253
f 420 	254 	251
f 420 	253 	254
f 426 	396 	409
f 409 	425 	426
f 396 	426 	400
f 425 	432 	426
f 425 	430 	432
f 426 	432 	413
f 415 	413 	432
f 426 	413 	400
f 430 	441 	414
f 441 	417 	414
f 414 	432 	430
f 432 	414 	415
f 441 	444 	417
f 443 	447 	444
f 443 	485 	447
f 444 	447 	419
f 421 	419 	447
f 304 	455 	305
f 305 	455 	324
f 455 	328 	324
f 455 	457 	328
f 457 	333 	328
f 464 	333 	457
f 459 	455 	304
f 459 	460 	457
f 459 	457 	455
f 460 	464 	457
f 460 	461 	464
f 409 	464 	461
f 409 	461 	467
f 464 	409 	396
f 4460 	472 	467
f 467 	425 	409
f 472 	425 	467
f 472 	475 	430
f 430 	475 	441
f 472 	430 	425
f 436 	435 	156
f 474 	479 	481
f 438 	4813 	435
f 437 	4813 	438
f 439 	4815 	437
f 481 	475 	474
f 441 	475 	481
f 1128 	1721 	1102
f 479 	494 	443
f 485 	443 	494
f 479 	443 	481
f 481 	444 	441
f 481 	443 	444
f 1125 	365 	1126
f 486 	1126 	365
f 1124 	365 	1125
f 489 	447 	485
f 489 	421 	447
f 494 	3183 	485
f 1127 	365 	1128
f 385 	372 	393
f 1721 	1128 	365
f 508 	509 	363
f 509 	531 	372
f 508 	511 	509
f 508 	351 	511
f 509 	533 	531
f 799 	392 	518
f 521 	517 	2691
f 382 	556 	343
f 392 	2691 	517
f 558 	382 	384
f 520 	521 	2691
f 384 	525 	558
f 525 	386 	526
f 386 	393 	526
f 372 	531 	393
f 393 	532 	526
f 531 	532 	393
f 541 	526 	532
f 533 	509 	511
f 533 	535 	531
f 531 	535 	532
f 536 	351 	352
f 536 	511 	351
f 511 	536 	538
f 536 	540 	538
f 533 	511 	538
f 352 	513 	536
f 513 	540 	536
f 513 	514 	540
f 547 	538 	540
f 541 	532 	542
f 535 	542 	532
f 533 	544 	535
f 538 	544 	533
f 544 	545 	535
f 535 	545 	542
f 545 	820 	542
f 544 	538 	547
f 544 	548 	545
f 547 	548 	544
f 540 	549 	547
f 549 	540 	514
f 549 	809 	547
f 809 	548 	547
f 809 	810 	548
f 514 	519 	549
f 553 	343 	556
f 556 	560 	553
f 556 	565 	560
f 558 	556 	382
f 558 	565 	556
f 785 	558 	525
f 525 	526 	793
f 793 	785 	525
f 560 	554 	553
f 554 	562 	555
f 560 	562 	554
f 562 	955 	555
f 602 	6173 	601
f 591 	6173 	590
f 590 	6173 	592
f 598 	867 	597
f 614 	6173 	602
f 601 	6176 	603
f 603 	6176 	604
f 604 	6176 	569
f 607 	569 	608
f 592 	6173 	593
f 593 	6173 	614
f 644 	861 	619
f 643 	644 	619
f 861 	862 	618
f 620 	642 	619
f 621 	641 	620
f 627 	612 	569
f 627 	569 	628
f 628 	569 	629
f 636 	638 	635
f 634 	635 	638
f 637 	638 	636
f 638 	639 	634
f 639 	640 	634
f 640 	641 	634
f 621 	634 	641
f 642 	620 	641
f 643 	619 	642
f 618 	619 	861
f 2728 	1783 	1100
f 2730 	2729 	1104
f 2705 	696 	2706
f 701 	2724 	700
f 2699 	2697 	696
f 698 	2706 	696
f 708 	701 	700
f 708 	711 	701
f 717 	720 	708
f 708 	720 	711
f 701 	711 	705
f 705 	3625 	3582
f 711 	3625 	705
f 732 	717 	708
f 717 	724 	720
f 854 	718 	723
f 724 	717 	722
f 1056 	724 	722
f 698 	757 	699
f 699 	731 	732
f 699 	732 	700
f 732 	708 	700
f 731 	735 	737
f 731 	737 	732
f 717 	732 	737
f 735 	739 	737
f 735 	738 	739
f 737 	739 	722
f 737 	722 	717
f 738 	740 	741
f 741 	739 	738
f 739 	727 	722
f 739 	741 	727
f 750 	727 	741
f 740 	746 	741
f 750 	741 	746
f 746 	753 	754
f 746 	754 	750
f 754 	753 	1072
f 731 	699 	757
f 757 	735 	731
f 757 	759 	735
f 695 	762 	763
f 695 	763 	696
f 696 	757 	698
f 696 	763 	757
f 762 	765 	768
f 765 	779 	768
f 765 	777 	779
f 762 	768 	763
f 763 	768 	759
f 763 	759 	757
f 562 	560 	783
f 565 	783 	560
f 558 	785 	565
f 785 	787 	565
f 785 	795 	787
f 565 	787 	783
f 793 	795 	785
f 795 	960 	787
f 524 	520 	2383
f 5282 	5283 	801
f 526 	541 	793
f 799 	534 	800
f 800 	5282 	801
f 803 	793 	541
f 795 	793 	803
f 795 	803 	1024
f 804 	549 	519
f 519 	2673 	2675
f 2675 	940 	804
f 811 	804 	940
f 809 	549 	804
f 809 	811 	810
f 811 	809 	804
f 542 	816 	541
f 542 	820 	816
f 820 	821 	816
f 545 	548 	822
f 548 	810 	822
f 820 	545 	822
f 820 	825 	821
f 822 	825 	820
f 810 	888 	822
f 822 	888 	825
f 612 	609 	569
f 734 	939 	830
f 939 	734 	929
f 830 	939 	942
f 609 	608 	569
f 605 	604 	569
f 887 	845 	575
f 629 	569 	631
f 632 	569 	837
f 631 	569 	632
f 575 	844 	569
f 836 	950 	841
f 837 	569 	844
f 777 	782 	846
f 779 	777 	846
f 842 	945 	833
f 1329 	847 	836
f 847 	1140 	1138
f 852 	961 	847
f 851 	852 	847
f 596 	868 	855
f 597 	868 	596
f 768 	779 	859
f 859 	759 	768
f 738 	759 	859
f 862 	863 	617
f 617 	618 	862
f 863 	864 	617
f 864 	865 	617
f 616 	617 	866
f 865 	866 	617
f 866 	867 	616
f 599 	616 	867
f 868 	597 	867
f 884 	1165 	868
f 885 	871 	854
f 759 	738 	735
f 869 	859 	779
f 779 	846 	869
f 859 	869 	740
f 3863 	854 	871
f 869 	968 	970
f 875 	928 	874
f 877 	928 	875
f 575 	1025 	872
f 599 	867 	598
f 881 	6190 	883
f 883 	5950 	884
f 721 	879 	723
f 721 	725 	879
f 879 	885 	723
f 821 	886 	880
f 825 	886 	821
f 844 	575 	845
f 887 	575 	898
f 723 	885 	854
f 825 	889 	886
f 888 	889 	825
f 896 	920 	879
f 810 	890 	888
f 811 	890 	810
f 890 	891 	888
f 891 	889 	888
f 860 	858 	575
f 891 	908 	889
f 941 	890 	811
f 893 	895 	729
f 895 	725 	729
f 886 	894 	880
f 896 	879 	725
f 894 	903 	897
f 896 	725 	895
f 858 	856 	575
f 898 	575 	900
f 889 	901 	886
f 872 	860 	575
f 856 	857 	575
f 885 	879 	920
f 886 	901 	894
f 902 	575 	857
f 900 	575 	902
f 901 	903 	894
f 897 	906 	899
f 893 	904 	895
f 903 	906 	897
f 925 	1199 	926
f 921 	1199 	924
f 889 	908 	901
f 911 	2385 	910
f 908 	912 	901
f 946 	947 	908
f 908 	947 	912
f 901 	912 	903
f 912 	917 	903
f 1109 	1107 	938
f 903 	917 	906
f 910 	2385 	922
f 922 	797 	921
f 1199 	1200 	926
f 924 	1199 	925
f 891 	943 	908
f 926 	874 	927
f 907 	928 	877
f 1077 	1070 	920
f 927 	874 	928
f 931 	1111 	930
f 934 	1094 	933
f 935 	1094 	934
f 1110 	1109 	930
f 938 	930 	1109
f 811 	940 	941
f 941 	943 	890
f 893 	830 	942
f 2871 	941 	940
f 904 	893 	942
f 2869 	2871 	940
f 943 	941 	2890
f 891 	890 	943
f 946 	908 	943
f 942 	939 	1099
f 2892 	946 	943
f 929 	1347 	944
f 946 	2893 	947
f 1113 	833 	945
f 948 	917 	912
f 947 	948 	912
f 944 	1121 	929
f 2892 	2893 	946
f 947 	2912 	948
f 263 	260 	949
f 951 	263 	949
f 954 	842 	841
f 841 	950 	954
f 555 	955 	949
f 842 	954 	945
f 956 	955 	562
f 956 	562 	783
f 950 	1247 	954
f 783 	787 	958
f 783 	958 	956
f 1013 	956 	958
f 1142 	836 	847
f 958 	787 	960
f 961 	1141 	847
f 960 	795 	1024
f 949 	962 	951
f 955 	962 	949
f 951 	963 	952
f 962 	963 	951
f 970 	740 	869
f 859 	740 	738
f 869 	846 	968
f 968 	976 	970
f 968 	974 	976
f 746 	740 	970
f 753 	970 	976
f 970 	753 	746
f 974 	998 	978
f 974 	978 	976
f 980 	753 	976
f 976 	978 	980
f 980 	1072 	753
f 997 	1000 	871
f 1079 	980 	978
f 978 	981 	1079
f 782 	991 	846
f 853 	991 	782
f 991 	968 	846
f 991 	853 	992
f 991 	992 	974
f 1075 	896 	895
f 1075 	1077 	896
f 991 	974 	968
f 974 	992 	998
f 885 	997 	871
f 998 	992 	995
f 997 	885 	920
f 995 	999 	1001
f 1077 	920 	896
f 995 	1001 	998
f 998 	1001 	981
f 956 	1010 	955
f 955 	1010 	962
f 1010 	1012 	962
f 1010 	1014 	1012
f 962 	1012 	963
f 1013 	1010 	956
f 1013 	1014 	1010
f 960 	1017 	958
f 958 	1017 	1013
f 1013 	1018 	1014
f 1017 	1018 	1013
f 876 	872 	1021
f 1018 	1061 	1014
f 1025 	1021 	872
f 1026 	1017 	960
f 909 	907 	876
f 877 	878 	907
f 878 	876 	907
f 1071 	1018 	1017
f 999 	1027 	1001
f 1026 	960 	1024
f 998 	981 	978
f 1024 	1031 	1026
f 1021 	909 	876
f 1028 	1025 	575
f 803 	541 	816
f 1033 	1030 	575
f 1180 	1027 	999
f 816 	1029 	803
f 1001 	1027 	1089
f 816 	821 	1029
f 803 	1029 	1024
f 1028 	575 	1030
f 1029 	1031 	1024
f 1001 	1089 	981
f 1035 	575 	1036
f 1033 	575 	1035
f 1096 	1027 	1180
f 1068 	1067 	575
f 821 	880 	1029
f 1031 	1029 	880
f 1036 	575 	1037
f 1066 	1065 	575
f 3659 	3625 	711
f 1037 	575 	1038
f 711 	720 	3659
f 1039 	953 	963
f 952 	963 	953
f 1039 	1040 	953
f 1039 	1054 	1040
f 953 	1040 	85
f 720 	724 	3663
f 1039 	963 	1042
f 963 	1012 	1042
f 1046 	1047 	1045
f 1045 	1047 	1044
f 1043 	1044 	1047
f 1047 	1048 	1043
f 1048 	1049 	1043
f 1049 	1050 	1043
f 1041 	1043 	1050
f 1050 	1051 	1041
f 937 	1041 	1051
f 937 	1051 	1052
f 1053 	937 	1052
f 3663 	724 	3668
f 1042 	1054 	1039
f 3663 	3659 	720
f 722 	727 	1056
f 1012 	1014 	1057
f 1014 	1061 	1057
f 1057 	1042 	1012
f 1042 	1058 	1054
f 3668 	724 	1056
f 1057 	1058 	1042
f 1056 	727 	1064
f 1057 	1063 	1058
f 1061 	1063 	1057
f 1065 	1062 	575
f 1038 	575 	1062
f 727 	750 	1064
f 1067 	1066 	575
f 581 	1069 	575
f 1068 	575 	1069
f 1064 	750 	3839
f 1061 	1074 	1063
f 1026 	1071 	1017
f 997 	920 	1070
f 1018 	1073 	1061
f 1018 	1071 	1073
f 754 	1072 	3852
f 1073 	1074 	1061
f 1073 	1080 	1074
f 1078 	1080 	1073
f 904 	1075 	895
f 1031 	1076 	1026
f 1072 	980 	718
f 1076 	1071 	1026
f 1073 	1071 	1078
f 1076 	1078 	1071
f 1075 	904 	1081
f 718 	980 	1079
f 1082 	1076 	1031
f 1079 	981 	721
f 1075 	1081 	1196
f 880 	1082 	1031
f 1084 	365 	1083
f 1082 	1085 	1076
f 1079 	723 	718
f 1086 	365 	1084
f 1079 	721 	723
f 365 	1086 	583
f 1077 	1075 	1196
f 729 	1089 	1027
f 1076 	1085 	1078
f 1085 	1091 	1078
f 1077 	1235 	1070
f 721 	981 	1089
f 1097 	1094 	937
f 1093 	1097 	937
f 1095 	933 	1094
f 1092 	1093 	937
f 1053 	1092 	937
f 1078 	1091 	1080
f 936 	937 	1094
f 729 	1027 	1096
f 929 	1098 	939
f 1099 	939 	1098
f 1089 	725 	721
f 1089 	729 	725
f 1098 	1242 	1099
f 1096 	893 	729
f 1096 	830 	893
f 932 	1095 	931
f 933 	1095 	932
f 1131 	904 	942
f 1102 	1721 	1101
f 486 	365 	1127
f 1101 	1721 	1103
f 942 	1099 	1131
f 1103 	1721 	1105
f 1107 	1105 	938
f 936 	1094 	935
f 1721 	918 	1105
f 918 	916 	1105
f 1111 	931 	1095
f 916 	938 	1105
f 1110 	930 	1111
f 833 	1113 	944
f 1108 	1106 	1112
f 1119 	1114 	1117
f 1108 	762 	695
f 1122 	365 	1124
f 1121 	944 	1113
f 1108 	1112 	762
f 1112 	1123 	765
f 1098 	929 	1121
f 1250 	945 	1249
f 1112 	765 	762
f 945 	1237 	1113
f 1250 	1239 	945
f 1123 	777 	765
f 1123 	1129 	777
f 1082 	880 	894
f 1130 	1129 	1149
f 894 	897 	1082
f 1244 	1098 	1121
f 1082 	897 	1085
f 1085 	899 	1091
f 1129 	1130 	782
f 1131 	1081 	904
f 897 	899 	1085
f 1098 	1244 	1242
f 1129 	782 	777
f 2912 	2953 	948
f 1081 	1131 	1280
f 782 	1130 	853
f 1104 	1100 	1133
f 1223 	1133 	1100
f 1104 	1133 	1134
f 1136 	950 	1135
f 1142 	1135 	950
f 1142 	1137 	1135
f 1104 	1134 	1106
f 1112 	1106 	1134
f 1134 	1133 	1143
f 1249 	945 	954
f 847 	1138 	1142
f 1139 	1133 	1223
f 1146 	1138 	1145
f 1143 	1133 	1139
f 1134 	1123 	1112
f 950 	836 	1142
f 1134 	1143 	1123
f 1140 	1145 	1138
f 1138 	1146 	1147
f 1148 	1142 	1147
f 1138 	1147 	1142
f 1139 	1144 	1149
f 1137 	1142 	1148
f 1140 	847 	1141
f 1144 	1151 	1149
f 1087 	1088 	365
f 1139 	1149 	1143
f 1087 	365 	1090
f 1088 	1083 	365
f 1143 	1149 	1129
f 1090 	365 	1118
f 1119 	365 	1120
f 1115 	1116 	1114
f 1116 	1117 	1114
f 1120 	365 	1122
f 1118 	1119 	1117
f 1143 	1129 	1123
f 1119 	1118 	365
f 1151 	1144 	1150
f 1130 	1149 	1151
f 987 	1192 	3886
f 915 	2012 	914
f 1152 	1151 	1150
f 914 	2046 	911
f 1150 	1284 	1152
f 918 	1721 	919
f 1151 	1152 	1154
f 1152 	1159 	1154
f 1721 	1234 	919
f 1155 	1000 	997
f 1151 	1154 	1130
f 853 	1130 	1154
f 1155 	997 	1070
f 1000 	1155 	1157
f 1152 	1284 	1158
f 1159 	1152 	1158
f 853 	1154 	1162
f 1154 	1159 	1162
f 1162 	992 	853
f 1159 	1158 	1167
f 1159 	1167 	1169
f 1159 	1169 	1162
f 6173 	6177 	601
f 6175 	569 	6176
f 1163 	6173 	591
f 6173 	1163 	1164
f 1167 	1173 	1175
f 1167 	1175 	1169
f 1169 	995 	1162
f 1162 	995 	992
f 1169 	999 	995
f 999 	1169 	1175
f 1179 	1175 	1173
f 1173 	1216 	1179
f 1180 	1175 	1179
f 1175 	1180 	999
f 1216 	1181 	1179
f 1179 	1181 	1184
f 1179 	1184 	1180
f 1184 	1096 	1180
f 830 	1096 	1184
f 1167 	1158 	1189
f 1000 	1157 	987
f 1157 	1192 	987
f 1189 	1191 	1173
f 1070 	1236 	1155
f 1189 	1173 	1167
f 1070 	1235 	1236
f 1157 	1155 	1260
f 873 	874 	926
f 882 	6193 	881
f 1197 	6184 	882
f 1195 	873 	926
f 1200 	1195 	926
f 1199 	921 	798
f 2061 	2060 	1721
f 1191 	1215 	1216
f 1191 	1216 	1173
f 1215 	1219 	1216
f 1215 	1218 	1219
f 1181 	1216 	1219
f 1332 	1333 	1218
f 1218 	1333 	1348
f 1218 	1348 	1219
f 1223 	1100 	502
f 502 	1222 	1223
f 1222 	1224 	1225
f 2012 	915 	1153
f 1077 	1196 	1235
f 2025 	2026 	1403
f 1233 	1232 	2012
f 1153 	1233 	2012
f 1283 	1196 	1081
f 1260 	1236 	1352
f 1238 	1113 	1237
f 1237 	945 	1239
f 1297 	1121 	1113
f 1240 	1113 	1238
f 1121 	1297 	1244
f 1278 	1131 	1099
f 1131 	1278 	1280
f 1283 	1081 	1280
f 5730 	5708 	1008
f 855 	868 	1166
f 1113 	1240 	1243
f 1243 	1298 	1113
f 1297 	1304 	1244
f 1244 	1303 	1306
f 1306 	1286 	1244
f 1245 	950 	1246
f 1246 	950 	1136
f 1247 	950 	1245
f 1253 	1156 	1008
f 1248 	954 	1247
f 954 	1248 	1249
f 5757 	5756 	1253
f 1222 	1225 	1223
f 1139 	1223 	1225
f 1157 	1313 	1192
f 1192 	1315 	1308
f 5901 	5900 	1253
f 5902 	5901 	1253
f 5896 	1156 	5897
f 5900 	5898 	1156
f 5894 	1156 	1259
f 1259 	1156 	5896
f 5893 	1535 	5892
f 1535 	1156 	5892
f 1155 	1236 	1260
f 1224 	1254 	1268
f 1196 	1267 	1235
f 1224 	1268 	1225
f 1267 	1330 	1235
f 1225 	1144 	1139
f 1267 	1338 	1330
f 1144 	1225 	1268
f 1236 	1235 	1330
f 1254 	1271 	1275
f 1271 	1282 	1275
f 1330 	1352 	1236
f 1254 	1275 	1268
f 1268 	1150 	1144
f 1268 	1275 	1150
f 1335 	1267 	1283
f 1271 	1281 	1282
f 1099 	1242 	1278
f 1275 	1284 	1150
f 1242 	1288 	1278
f 1267 	1196 	1283
f 1284 	1275 	1282
f 1285 	1242 	1286
f 1282 	1296 	1284
f 1289 	1278 	1288
f 1288 	1242 	1285
f 1290 	1280 	1291
f 1291 	1280 	1293
f 1278 	1293 	1280
f 1278 	1289 	1293
f 1281 	1292 	1294
f 1280 	1341 	1283
f 1343 	1283 	1341
f 1282 	1281 	1294
f 1296 	1282 	1294
f 1301 	1294 	1292
f 1294 	1305 	1296
f 1294 	1301 	1305
f 1297 	1113 	1298
f 1158 	1284 	1296
f 1298 	1300 	1297
f 1244 	1302 	1303
f 1292 	1299 	1301
f 1302 	1244 	1304
f 1304 	1297 	1300
f 1242 	1244 	1286
f 1296 	1305 	1189
f 1189 	1158 	1296
f 1314 	1301 	1299
f 1305 	1191 	1189
f 1314 	1299 	1312
f 1313 	1157 	1260
f 1313 	1315 	1192
f 1316 	1305 	1301
f 1301 	1314 	1316
f 1350 	1309 	1308
f 1191 	1305 	1316
f 1321 	1316 	1314
f 1315 	1350 	1308
f 1215 	1191 	1316
f 1438 	1313 	1437
f 1431 	1432 	1315
f 1312 	1317 	1318
f 1317 	1324 	1318
f 1312 	1318 	1314
f 1314 	1318 	1321
f 1316 	1321 	1215
f 1324 	1317 	1323
f 1318 	1325 	1321
f 1318 	1324 	1325
f 1325 	1218 	1321
f 1321 	1218 	1215
f 1323 	1331 	1324
f 1324 	1332 	1325
f 1324 	1331 	1332
f 1332 	1218 	1325
f 1331 	1323 	1329
f 1334 	1267 	1335
f 1336 	1330 	1337
f 1338 	1337 	1330
f 1338 	1267 	1334
f 1336 	1339 	1330
f 1330 	1339 	1340
f 1280 	1290 	1341
f 1342 	1343 	1341
f 1343 	1345 	1283
f 1335 	1283 	1345
f 734 	1184 	1181
f 734 	1181 	1347
f 734 	830 	1184
f 929 	734 	1347
f 1219 	1348 	1347
f 1219 	1347 	1181
f 833 	1348 	1333
f 944 	1348 	833
f 1348 	944 	1347
f 1351 	1309 	1350
f 836 	1331 	1329
f 1331 	836 	841
f 1310 	1309 	1351
f 841 	1332 	1331
f 1332 	841 	842
f 842 	1333 	1332
f 1351 	1429 	1310
f 842 	833 	1333
f 847 	1329 	851
f 1439 	1440 	1315
f 1313 	1439 	1315
f 1431 	1315 	1430
f 1441 	1430 	1315
f 1350 	1315 	1432
f 1435 	1433 	1350
f 1350 	1433 	1351
f 1432 	1435 	1350
f 851 	1329 	850
f 1354 	1437 	1260
f 1353 	1354 	1260
f 1352 	1353 	1260
f 1352 	1357 	1353
f 1260 	1437 	1313
f 1438 	1439 	1313
f 1340 	1363 	1352
f 1340 	1352 	1330
f 1352 	1364 	1357
f 1363 	1364 	1352
f 1691 	1040 	1054
f 2074 	5999 	2140
f 1700 	1058 	1063
f 185 	1299 	1292
f 55 	1222 	502
f 1534 	948 	1132
f 2052 	2025 	1403
f 1551 	917 	948
f 6172 	6171 	569
f 99 	85 	1040
f 198 	295 	1323
f 1317 	196 	1323
f 1448 	1449 	1349
f 1310 	1429 	1346
f 1349 	1346 	1448
f 1448 	1346 	1429
f 168 	171 	1254
f 1433 	1434 	1351
f 1444 	1351 	1436
f 1434 	1436 	1351
f 1445 	1351 	1444
f 1441 	1315 	1440
f 163 	1224 	1222
f 1429 	1351 	1445
f 1448 	1429 	1447
f 1446 	1447 	1429
f 1445 	1446 	1429
f 1450 	1349 	1449
f 1452 	1349 	1450
f 1447 	1451 	1448
f 1451 	1449 	1448
f 1541 	1717 	899
f 1349 	1452 	1453
f 1453 	1454 	1349
f 1700 	1063 	1074
f 1546 	906 	1551
f 1454 	1455 	1349
f 1074 	1709 	1700
f 1091 	1717 	1080
f 1080 	1711 	1074
f 1709 	1074 	1711
f 1465 	1464 	99
f 1464 	45 	99
f 1469 	1686 	1470
f 2072 	1471 	2070
f 1468 	1686 	1469
f 1470 	2070 	1471
f 2072 	1478 	1477
f 1477 	1472 	2072
f 1471 	2072 	1472
f 1479 	2075 	1481
f 1777 	1484 	1483
f 1777 	1483 	1481
f 1484 	1779 	1486
f 2147 	1488 	1486
f 2147 	1489 	1488
f 1465 	1684 	1467
f 1685 	1468 	1467
f 1489 	2147 	2148
f 1091 	899 	1717
f 1688 	99 	1040
f 1040 	1691 	1688
f 194 	196 	1312
f 1546 	1541 	906
f 185 	1292 	1281
f 1080 	1717 	1711
f 899 	906 	1541
f 917 	1551 	906
f 1691 	1054 	1058
f 2775 	5796 	1008
f 1685 	1467 	1684
f 1468 	1685 	1686
f 2070 	1470 	1686
f 2147 	1486 	1779
f 1465 	99 	1684
f 1478 	2073 	1479
f 1777 	1481 	2075
f 1551 	948 	1660
f 5324 	1660 	1534
f 948 	1534 	1660
f 1696 	1691 	1058
f 1700 	1696 	1058
f 1547 	1541 	1546
f 1546 	1551 	1550
f 1541 	1547 	1542
f 1547 	1593 	1542
f 1547 	1546 	1550
f 295 	147 	1329
f 198 	1323 	196
f 1661 	1550 	1551
f 1591 	1542 	1593
f 1593 	1595 	1591
f 1596 	1593 	1547
f 1547 	1550 	1596
f 1596 	1600 	1593
f 1593 	1600 	1595
f 1670 	1596 	1550
f 1670 	1664 	1596
f 1613 	1615 	1604
f 1224 	168 	1254
f 163 	168 	1224
f 181 	185 	1281
f 1271 	171 	1281
f 181 	1281 	171
f 1604 	1615 	1606
f 1595 	1613 	1591
f 1613 	1595 	1644
f 1615 	1613 	1644
f 1595 	1648 	1644
f 1600 	1648 	1595
f 1648 	1652 	1644
f 1648 	1669 	1652
f 1661 	1551 	1660
f 1660 	5327 	1661
f 5327 	1660 	5338
f 1660 	5324 	5338
f 1600 	1664 	1666
f 1600 	1666 	1648
f 1648 	1666 	1669
f 850 	1329 	147
f 194 	1312 	1299
f 1550 	1661 	1670
f 1600 	1596 	1664
f 1670 	5347 	1664
f 99 	1687 	1684
f 99 	1688 	1687
f 1688 	1691 	1692
f 1688 	1692 	1687
f 1692 	1691 	1697
f 1691 	1696 	1697
f 1731 	1692 	1697
f 1701 	1696 	1700
f 1696 	1701 	1697
f 1700 	1707 	1701
f 1709 	1707 	1700
f 1709 	1711 	1712
f 1711 	1715 	1712
f 1709 	1712 	1707
f 1712 	1756 	1707
f 1711 	1717 	1715
f 1717 	1541 	1542
f 1717 	1542 	1715
f 1542 	1591 	1715
f 1685 	1684 	1718
f 1687 	1718 	1684
f 1718 	1720 	1685
f 1685 	1720 	1686
f 1720 	2078 	1686
f 1724 	1720 	1718
f 1687 	1692 	1723
f 1718 	1687 	1723
f 1723 	1724 	1718
f 1329 	1323 	295
f 1271 	1254 	171
f 1317 	1312 	196
f 1692 	1731 	1723
f 1731 	1732 	1723
f 1734 	1735 	1731
f 1731 	1735 	1732
f 1723 	1732 	1724
f 1734 	1731 	1697
f 1697 	1701 	1734
f 1707 	1736 	1701
f 1707 	1756 	1736
f 1701 	1736 	1734
f 1734 	1737 	1735
f 1736 	1737 	1734
f 1737 	1738 	1735
f 159 	1222 	55
f 159 	163 	1222
f 187 	1299 	185
f 187 	194 	1299
f 1833 	1752 	1754
f 1751 	1754 	1752
f 1757 	1737 	1736
f 1756 	1757 	1736
f 1757 	1767 	1737
f 1757 	1606 	1767
f 1737 	1767 	1738
f 1767 	1792 	1738
f 1768 	1756 	1712
f 1712 	1715 	1768
f 1604 	1756 	1768
f 1604 	1757 	1756
f 1604 	1606 	1757
f 1768 	1715 	1591
f 1591 	1613 	1768
f 1613 	1604 	1768
f 1484 	1777 	1779
f 1983 	1982 	1535
f 1721 	1535 	1982
f 2062 	2061 	1721
f 1781 	5420 	1786
f 1234 	1721 	2060
f 1871 	1788 	1787
f 1767 	1606 	1802
f 1792 	1767 	1802
f 1802 	1803 	1792
f 1606 	1615 	1807
f 1802 	1606 	1807
f 1802 	1808 	1803
f 1802 	1807 	1808
f 1812 	1807 	1615
f 1615 	1644 	1812
f 1812 	1813 	1807
f 1652 	1812 	1644
f 1813 	1808 	1807
f 1652 	1781 	1812
f 1813 	1812 	1781
f 1781 	1786 	1813
f 1819 	1847 	1822
f 1826 	3338 	1881
f 1790 	1788 	1872
f 1790 	1873 	1791
f 1791 	1873 	1911
f 1832 	1889 	1884
f 1866 	1535 	1867
f 1865 	1535 	1866
f 1825 	1819 	2142
f 2076 	2077 	1993
f 2077 	2143 	1993
f 1965 	2076 	1993
f 1825 	1847 	1819
f 1848 	1849 	1535
f 1843 	1844 	1993
f 1844 	1845 	1993
f 1964 	1965 	1993
f 1845 	1964 	1993
f 1988 	1986 	1535
f 1984 	1983 	1535
f 1986 	1985 	1535
f 1859 	1860 	1535
f 1989 	1535 	1860
f 1865 	1864 	1535
f 1862 	1861 	1535
f 1861 	1859 	1535
f 1863 	1862 	1535
f 1864 	1863 	1535
f 1849 	1868 	1535
f 1752 	1908 	1787
f 1908 	1871 	1787
f 1825 	1874 	1847
f 1871 	1872 	1788
f 1872 	1873 	1790
f 1957 	1873 	1956
f 1803 	1825 	1792
f 1791 	1911 	1880
f 1825 	1803 	1874
f 1874 	1803 	1877
f 1877 	1879 	1874
f 1872 	1871 	1953
f 1803 	1808 	1877
f 1954 	1955 	1872
f 1791 	1880 	3324
f 1882 	1832 	1826
f 1882 	1826 	1881
f 1883 	1877 	1808
f 1813 	1883 	1808
f 1780 	1877 	1883
f 1883 	5408 	1780
f 1877 	1780 	1879
f 1884 	1886 	1755
f 1786 	1883 	1813
f 1883 	1786 	5408
f 1832 	1882 	1889
f 1889 	1882 	1926
f 5374 	1890 	1879
f 1884 	1893 	1886
f 1889 	1893 	1884
f 1833 	1899 	1752
f 1898 	1752 	1899
f 1901 	1898 	1900
f 1900 	1898 	1899
f 1901 	1904 	1898
f 1906 	1898 	1904
f 1898 	1908 	1752
f 1908 	1918 	1871
f 1898 	1906 	1908
f 1916 	1908 	1906
f 1919 	1871 	1918
f 1951 	1871 	1919
f 1916 	1918 	1908
f 1954 	1872 	1953
f 1872 	1956 	1873
f 1921 	1880 	1911
f 1921 	1881 	1880
f 1881 	1924 	1882
f 1926 	1882 	1924
f 1921 	1924 	1881
f 1924 	1921 	1968
f 1924 	2132 	1926
f 1968 	2132 	1924
f 1893 	1930 	1886
f 1933 	1946 	1929
f 1889 	1932 	1893
f 1932 	1889 	1926
f 1930 	1893 	1934
f 1932 	1934 	1893
f 1931 	2137 	1789
f 1789 	1939 	1931
f 1931 	1939 	1933
f 1939 	1948 	1933
f 1934 	1932 	2165
f 1933 	1948 	1946
f 1928 	1941 	1777
f 1777 	1941 	1779
f 1941 	2166 	1779
f 1929 	1942 	1928
f 1928 	1942 	1941
f 1942 	1944 	1941
f 1946 	1942 	1929
f 1946 	1947 	1942
f 1946 	1950 	1947
f 1942 	1947 	1944
f 1952 	1871 	1951
f 1952 	1953 	1871
f 1956 	1872 	1955
f 1868 	1867 	1535
f 1959 	1911 	1958
f 1873 	1958 	1911
f 1957 	1958 	1873
f 2399 	2400 	1993
f 2143 	2399 	1993
f 1992 	1993 	2400
f 1991 	1992 	2400
f 1911 	2149 	1921
f 1967 	2150 	1911
f 1959 	1967 	1911
f 1921 	2149 	1968
f 1858 	1841 	1993
f 1857 	1858 	1993
f 1841 	1842 	1993
f 1842 	1843 	1993
f 1856 	1857 	1993
f 1976 	1993 	1975
f 1977 	1993 	1976
f 1978 	1993 	1977
f 1980 	1993 	1979
f 1970 	1993 	1980
f 1979 	1993 	1978
f 1982 	2004 	1721
f 1985 	1984 	1535
f 1971 	1972 	1993
f 1970 	1971 	1993
f 1972 	1973 	1993
f 1994 	1974 	1993
f 1974 	1975 	1993
f 1973 	1855 	1993
f 1855 	1856 	1993
f 1996 	1721 	1998
f 1998 	1721 	1999
f 2000 	1999 	1721
f 2002 	2001 	1721
f 2001 	2000 	1721
f 2004 	2003 	1721
f 2003 	2002 	1721
f 2400 	6353 	1991
f 6353 	6354 	1991
f 2015 	2014 	2101
f 2046 	914 	2013
f 2008 	2104 	2031
f 2100 	2101 	2031
f 2032 	2031 	2101
f 2014 	2032 	2101
f 1997 	2029 	1996
f 2022 	2023 	2052
f 2024 	2052 	2023
f 2021 	2022 	2052
f 2025 	2052 	2024
f 2026 	2027 	1403
f 2027 	2012 	1403
f 1232 	1403 	2012
f 2029 	1997 	2028
f 2009 	2008 	2028
f 1997 	2019 	2028
f 2019 	2009 	2028
f 2030 	2028 	2008
f 2031 	2030 	2008
f 1948 	1950 	1946
f 2036 	2052 	2035
f 2020 	2052 	2036
f 2035 	2052 	2034
f 2063 	1721 	2037
f 2037 	1721 	2038
f 2041 	1996 	2042
f 2038 	1721 	2039
f 2039 	1721 	2040
f 2040 	1996 	2041
f 2042 	1996 	2043
f 2043 	1996 	2029
f 1950 	2049 	1894
f 2044 	1789 	1822
f 1789 	2044 	1939
f 2045 	1948 	1939
f 1988 	1535 	1989
f 1996 	2040 	1721
f 2013 	914 	2012
f 2047 	911 	2046
f 2047 	2385 	911
f 2045 	1939 	2044
f 2045 	2049 	1948
f 1948 	2049 	1950
f 2020 	2021 	2052
f 2051 	2044 	1822
f 2053 	2054 	2052
f 2054 	2055 	2052
f 2055 	2056 	2052
f 2034 	2052 	2057
f 2056 	2057 	2052
f 1822 	1847 	2051
f 2051 	2058 	2044
f 2051 	2067 	2058
f 2044 	2058 	2045
f 2045 	2058 	1895
f 1896 	1895 	2058
f 2063 	2062 	1721
f 2045 	1895 	2049
f 2049 	3182 	1894
f 1895 	3182 	2049
f 1847 	1874 	2065
f 2065 	2051 	1847
f 2065 	2067 	2051
f 2058 	2067 	1896
f 1874 	1879 	2065
f 2065 	1890 	2067
f 1879 	1890 	2065
f 1890 	5414 	2067
f 2067 	5414 	1896
f 1853 	1852 	5999
f 1535 	5999 	1848
f 1851 	1848 	5999
f 1852 	1851 	5999
f 2072 	2073 	1478
f 2075 	1479 	2073
f 1990 	1991 	6355
f 6354 	6355 	1991
f 1686 	2078 	2070
f 2070 	2079 	2072
f 2078 	2079 	2070
f 2079 	2134 	2072
f 2072 	2134 	2073
f 2085 	2078 	1720
f 1720 	1724 	2085
f 2085 	2086 	2078
f 2086 	2079 	2078
f 2086 	2085 	2092
f 1724 	1732 	2091
f 2091 	2085 	1724
f 2091 	2092 	2085
f 2094 	2091 	1732
f 1735 	2094 	1732
f 2094 	2097 	2091
f 164 	190 	2101
f 2016 	2015 	2101
f 2104 	2102 	2031
f 2102 	2100 	2031
f 2385 	2695 	922
f 2091 	2097 	2092
f 2097 	2139 	2092
f 2157 	2158 	1968
f 1738 	2094 	1735
f 1968 	2158 	2132
f 2142 	2097 	2094
f 2142 	1819 	2097
f 2163 	1932 	1926
f 2086 	2135 	2079
f 2079 	2135 	2134
f 2135 	2146 	2134
f 1930 	1934 	2136
f 2135 	2086 	2137
f 2137 	2086 	2092
f 1931 	2135 	2137
f 2097 	1819 	2139
f 1932 	2163 	2165
f 2137 	2092 	2139
f 2139 	1789 	2137
f 1819 	1822 	2139
f 2139 	1822 	1789
f 2094 	1738 	2142
f 1963 	1990 	6275
f 6355 	6275 	1990
f 1738 	1792 	2142
f 6276 	6277 	1963
f 1792 	1825 	2142
f 2073 	2145 	2075
f 2134 	2145 	2073
f 2075 	2145 	1777
f 1928 	1777 	2145
f 2135 	1931 	2146
f 2146 	2145 	2134
f 1929 	1928 	2145
f 2146 	1929 	2145
f 1931 	1933 	2146
f 2146 	1933 	1929
f 2149 	1911 	2150
f 2150 	2152 	2149
f 2154 	2149 	2153
f 2152 	2153 	2149
f 1968 	2156 	2157
f 2154 	2156 	1968
f 2154 	1968 	2149
f 2159 	2132 	2158
f 1947 	1950 	2160
f 2162 	2132 	2161
f 2159 	2161 	2132
f 3251 	2155 	2160
f 1950 	1894 	2160
f 2132 	2163 	1926
f 2163 	2171 	2165
f 2167 	2171 	2163
f 2162 	2167 	2163
f 2162 	2163 	2132
f 1779 	2166 	2147
f 2168 	2165 	2169
f 2147 	2166 	2170
f 2169 	2165 	2171
f 2168 	2183 	2165
f 2183 	2184 	2165
f 2172 	2136 	1934
f 2172 	1934 	2165
f 2172 	2175 	2136
f 2165 	2184 	2172
f 2184 	2188 	2172
f 2186 	2189 	2172
f 2172 	2189 	2175
f 2175 	2138 	2136
f 2193 	2138 	2175
f 2193 	2175 	2192
f 2191 	2192 	2175
f 2186 	2172 	2188
f 2175 	2189 	2190
f 2175 	2190 	2191
f 2196 	2872 	2195
f 2212 	2872 	2196
f 2194 	2195 	2872
f 2194 	2205 	2198
f 2194 	2198 	2195
f 2200 	2193 	2201
f 2147 	2170 	2148
f 2193 	2192 	2201
f 2200 	2202 	2193
f 2194 	2193 	2203
f 2202 	2203 	2193
f 1941 	1944 	2166
f 2203 	2205 	2194
f 2166 	1944 	2206
f 2166 	2206 	2170
f 2155 	2206 	1944
f 1944 	1947 	2155
f 2206 	2155 	3249
f 1947 	2160 	2155
f 55 	502 	1783
f 1783 	46 	55
f 213 	209 	2016
f 158 	157 	6134
f 2358 	2356 	6134
f 2355 	158 	6134
f 2356 	2355 	6134
f 2359 	2358 	6134
f 2017 	209 	2018
f 522 	523 	2018
f 1853 	5999 	1854
f 1854 	5999 	2074
f 6275 	6276 	1963
f 1962 	1963 	6277
f 1755 	2654 	3503
f 513 	352 	2630
f 2630 	2651 	2652
f 2652 	513 	2630
f 514 	513 	2652
f 2659 	514 	2652
f 3503 	2654 	2622
f 2655 	2651 	2622
f 2654 	2655 	2622
f 2655 	2656 	2651
f 2656 	2652 	2651
f 2654 	1755 	1886
f 2654 	2660 	2655
f 1886 	2660 	2654
f 2656 	2659 	2652
f 2659 	519 	514
f 2655 	2661 	2656
f 2659 	2656 	2662
f 2673 	519 	2659
f 527 	2018 	209
f 2661 	2655 	2660
f 2661 	2662 	2656
f 1886 	1930 	2660
f 2664 	2661 	2660
f 2664 	2660 	1930
f 2612 	3193 	2613
f 2613 	3193 	2614
f 2615 	2827 	2665
f 2665 	2828 	2667
f 2829 	2667 	2828
f 1930 	2136 	2664
f 804 	519 	2675
f 2662 	2673 	2659
f 2683 	2869 	2675
f 2675 	2869 	940
f 2664 	2676 	2661
f 2661 	2676 	2662
f 2673 	2662 	2677
f 2676 	2677 	2662
f 2677 	2683 	2673
f 2675 	2673 	2683
f 2872 	2683 	2677
f 2664 	2136 	2138
f 2138 	2676 	2664
f 2677 	2676 	2689
f 2382 	2018 	523
f 2689 	2676 	2138
f 2872 	2677 	2689
f 2383 	2382 	523
f 523 	524 	2383
f 798 	921 	797
f 2695 	797 	922
f 695 	696 	2697
f 2709 	696 	2707
f 2705 	2707 	696
f 2699 	696 	2709
f 2708 	2709 	2707
f 2830 	2669 	2829
f 2717 	698 	2719
f 2706 	698 	2717
f 2721 	2830 	2722
f 2669 	2830 	2721
f 700 	2724 	2723
f 2727 	2726 	3582
f 1100 	1104 	2728
f 1108 	695 	2736
f 2696 	2736 	695
f 2697 	2696 	695
f 699 	2719 	698
f 2719 	699 	2723
f 700 	2723 	699
f 1489 	2148 	1491
f 2725 	2724 	701
f 701 	705 	2725
f 2726 	2725 	705
f 3191 	2739 	3190
f 502 	1100 	1783
f 2729 	2728 	1104
f 1104 	1106 	2730
f 2734 	2730 	1106
f 1106 	1108 	2734
f 2736 	2734 	1108
f 3193 	2742 	2741
f 3191 	3193 	2740
f 2741 	2740 	3193
f 2742 	3193 	2612
f 2615 	2614 	3193
f 1491 	2148 	2738
f 2740 	2739 	3191
f 2738 	3190 	2739
f 2828 	2665 	2827
f 2667 	2829 	2669
f 2832 	2722 	2830
f 2551 	2534 	2832
f 2722 	2832 	2534
f 4891 	2755 	2751
f 2832 	2770 	2551
f 3024 	2760 	2776
f 2780 	2822 	2783
f 2783 	2822 	2786
f 2823 	2786 	2822
f 2851 	2751 	2769
f 2804 	2806 	2801
f 2804 	2812 	2806
f 2811 	2812 	2804
f 2806 	2816 	2808
f 2812 	2816 	2806
f 2808 	2780 	3048
f 2816 	2780 	2808
f 2812 	2826 	2816
f 2816 	2821 	2780
f 4801 	4736 	2824
f 2822 	2780 	2821
f 2823 	2824 	2786
f 4801 	2824 	2823
f 2824 	4736 	2751
f 2826 	2821 	2816
f 2840 	2833 	3043
f 2840 	2841 	2833
f 2833 	2841 	2836
f 2836 	2842 	2839
f 2841 	2842 	2836
f 2842 	2768 	2839
f 3048 	2780 	2783
f 3048 	2783 	2840
f 2840 	2786 	2841
f 2783 	2786 	2840
f 2786 	2851 	2841
f 2851 	2842 	2841
f 2851 	2769 	2842
f 569 	6092 	2775
f 2824 	2751 	2851
f 2842 	2769 	2768
f 2786 	2824 	2851
f 2858 	2862 	2856
f 2689 	2138 	2193
f 2193 	2194 	2689
f 2871 	2890 	941
f 2683 	2874 	2869
f 2874 	2683 	2872
f 2874 	2876 	2869
f 2884 	2876 	2874
f 2869 	2876 	2871
f 2194 	2872 	2689
f 2872 	2212 	2874
f 2214 	2874 	2212
f 2884 	2874 	2215
f 2214 	2215 	2874
f 2887 	2876 	2884
f 2890 	2892 	943
f 2912 	947 	2893
f 2871 	2896 	2890
f 2876 	2896 	2871
f 2896 	2897 	2890
f 2910 	2909 	2896
f 2890 	2897 	2892
f 2903 	2876 	2902
f 2887 	2902 	2876
f 2903 	2906 	2876
f 2876 	2906 	2907
f 2876 	2907 	2896
f 2908 	2897 	2909
f 2897 	2896 	2909
f 2907 	2910 	2896
f 2920 	2897 	2911
f 2908 	2911 	2897
f 2920 	2921 	2897
f 2892 	2913 	2893
f 2897 	2913 	2892
f 2912 	2893 	2923
f 2913 	2923 	2893
f 2927 	2912 	2926
f 2927 	2933 	2912
f 2923 	2926 	2912
f 2897 	2921 	2913
f 2928 	2913 	2921
f 2923 	2913 	2931
f 2930 	2931 	2913
f 2930 	2913 	2928
f 2931 	2926 	2923
f 2933 	2944 	2912
f 3066 	2945 	3065
f 2945 	3066 	2948
f 2865 	2760 	3024
f 1132 	948 	2953
f 2944 	2953 	2912
f 2858 	2957 	2862
f 2954 	2957 	2858
f 2957 	2960 	2862
f 2862 	2960 	2865
f 2960 	2761 	2865
f 2865 	2761 	2760
f 2957 	2954 	2836
f 2833 	2836 	2954
f 2836 	2839 	2957
f 2960 	2957 	2839
f 2960 	2767 	2761
f 2839 	2767 	2960
f 2768 	2767 	2839
f 2830 	3012 	2832
f 2965 	2832 	3012
f 2832 	2965 	2770
f 3012 	2970 	2965
f 2965 	2771 	2770
f 2965 	2970 	2771
f 2970 	2773 	2771
f 2973 	2773 	2970
f 2973 	2774 	2773
f 2977 	2774 	2973
f 2948 	3067 	3005
f 3005 	3068 	3008
f 3069 	3008 	3068
f 2977 	2776 	2774
f 3069 	3010 	3009
f 3069 	3009 	3008
f 2829 	3012 	2830
f 3069 	3014 	3010
f 3012 	3016 	2970
f 3345 	3020 	3343
f 3017 	3343 	3018
f 3018 	3343 	3020
f 3016 	3019 	2973
f 3345 	282 	3020
f 3014 	3341 	3017
f 3016 	2973 	2970
f 3345 	340 	281
f 2943 	3065 	2945
f 3067 	2948 	3066
f 3068 	3005 	3067
f 3021 	2977 	3019
f 3019 	2977 	2973
f 3023 	3021 	3158
f 3023 	3024 	3021
f 3158 	2856 	3023
f 2856 	2862 	3023
f 2943 	2932 	2940
f 3024 	2977 	3021
f 3024 	2776 	2977
f 3023 	2865 	3024
f 2862 	2865 	3023
f 3028 	3080 	3027
f 3032 	3034 	3029
f 3183 	494 	3004
f 3268 	3055 	3032
f 3057 	3034 	3032
f 3037 	3038 	3036
f 3040 	3041 	3037
f 3040 	2808 	3041
f 3037 	3041 	3038
f 3041 	3043 	3038
f 3044 	3090 	3030
f 2801 	2806 	3040
f 3040 	2806 	2808
f 2808 	3048 	3041
f 3041 	3048 	3043
f 3048 	2840 	3043
f 3054 	3118 	3051
f 3053 	3079 	3055
f 3055 	3057 	3032
f 3034 	2856 	3158
f 2359 	6134 	2360
f 3059 	3225 	3058
f 6134 	6133 	2360
f 1753 	1751 	3061
f 3061 	1751 	1752
f 2580 	2579 	6133
f 2579 	2594 	6133
f 2596 	6133 	2594
f 2581 	2580 	6133
f 2584 	2583 	6133
f 3065 	2943 	2940
f 2589 	6133 	2583
f 2581 	6133 	2589
f 3071 	3065 	2940
f 2940 	3027 	3071
f 3066 	3065 	3073
f 2621 	2625 	3848
f 2619 	2621 	3848
f 2597 	6133 	2624
f 2584 	6133 	2597
f 6133 	3848 	2624
f 2625 	2624 	3848
f 2623 	2620 	3848
f 2627 	2626 	3848
f 3071 	3073 	3065
f 3034 	3057 	2856
f 2632 	2627 	3488
f 2626 	2623 	3848
f 2642 	2633 	3488
f 3036 	3079 	3053
f 3036 	3038 	3079
f 3027 	3080 	3071
f 3079 	3081 	3055
f 3080 	3082 	3071
f 2642 	3488 	2641
f 2641 	3488 	2772
f 3073 	3071 	3082
f 3055 	3081 	3057
f 2620 	2619 	3848
f 3057 	2858 	2856
f 3081 	2858 	3057
f 2633 	2632 	3488
f 3079 	3083 	3081
f 2779 	2782 	3486
f 2777 	2779 	3483
f 3083 	3079 	3038
f 3083 	2954 	3081
f 2782 	2781 	3486
f 2772 	3488 	2643
f 3083 	2833 	2954
f 3081 	2954 	2858
f 3083 	3038 	3043
f 3028 	3030 	3084
f 2785 	2643 	3486
f 2784 	2785 	3486
f 2781 	2784 	3486
f 3084 	3080 	3028
f 3043 	2833 	3083
f 3080 	3086 	3082
f 3193 	3085 	2827
f 3080 	3084 	3086
f 2827 	3085 	3088
f 3092 	3086 	3084
f 2827 	3088 	2828
f 3089 	2829 	2828
f 2828 	3088 	3089
f 2829 	3089 	3012
f 2790 	4653 	2787
f 3084 	3030 	3090
f 3085 	3253 	3091
f 2795 	2791 	3483
f 2789 	4650 	4416
f 3085 	3093 	3088
f 3090 	3092 	3084
f 2791 	2793 	3483
f 2796 	2778 	3483
f 3097 	3090 	3044
f 3097 	3100 	3090
f 3090 	3100 	3092
f 3092 	3100 	3101
f 3044 	3047 	3097
f 3047 	3050 	3102
f 3047 	3102 	3097
f 3102 	3104 	3097
f 3097 	3104 	3100
f 3100 	3111 	3101
f 3100 	3104 	3111
f 3115 	3117 	3104
f 3104 	3117 	3111
f 3102 	3050 	3113
f 3113 	3050 	3051
f 3102 	3115 	3104
f 3113 	3115 	3102
f 3051 	3118 	3113
f 3115 	3113 	3119
f 3118 	3119 	3113
f 3119 	3121 	3115
f 3119 	3222 	3121
f 3115 	3121 	3117
f 3119 	3118 	3221
f 3133 	3066 	3073
f 3133 	3067 	3066
f 3067 	3133 	3135
f 3137 	3133 	3073
f 3067 	3135 	3068
f 3073 	3082 	3137
f 3133 	3138 	3135
f 3137 	3138 	3133
f 3082 	3086 	3139
f 3137 	3082 	3139
f 3139 	3141 	3137
f 3137 	3141 	3138
f 3086 	3092 	3145
f 3145 	3139 	3086
f 3139 	3147 	3141
f 3145 	3147 	3139
f 3085 	3091 	3093
f 3092 	3101 	3145
f 3088 	3093 	3151
f 3101 	3169 	3145
f 3155 	3151 	3093
f 3145 	3169 	3147
f 3088 	3151 	3089
f 3089 	3151 	3016
f 3089 	3016 	3012
f 3068 	3153 	3069
f 3135 	3153 	3068
f 3153 	3347 	3069
f 3091 	3029 	3154
f 3029 	3034 	3154
f 3093 	3091 	3154
f 3154 	3155 	3093
f 3138 	3157 	3135
f 3151 	3019 	3016
f 3155 	3019 	3151
f 3135 	3157 	3153
f 3158 	3154 	3034
f 3161 	3157 	3138
f 3154 	3158 	3155
f 3155 	3021 	3019
f 3021 	3155 	3158
f 3141 	3161 	3138
f 3147 	3163 	3141
f 3163 	3161 	3141
f 2827 	2615 	3193
f 3163 	3363 	3161
f 3162 	3339 	3164
f 3190 	2738 	2148
f 4791 	3164 	3165
f 3163 	3203 	3363
f 3163 	3202 	3203
f 2801 	3286 	3167
f 3173 	2801 	3167
f 3165 	3364 	3325
f 3165 	3325 	3166
f 5464 	3175 	3171
f 3171 	3175 	3173
f 3173 	2804 	2801
f 3175 	2804 	3173
f 3175 	2811 	2804
f 3177 	4897 	3180
f 3369 	3177 	3181
f 3180 	3181 	3177
f 1895 	1896 	3184
f 3182 	1895 	3184
f 3184 	3167 	3182
f 3183 	3189 	485
f 3184 	3173 	3167
f 3171 	3184 	1896
f 3189 	3183 	3186
f 3171 	3173 	3184
f 2148 	2170 	3194
f 2170 	3196 	3194
f 3200 	3209 	3186
f 3004 	3033 	3183
f 3033 	3031 	3200
f 3031 	3035 	3200
f 3200 	3186 	3033
f 2778 	2777 	3483
f 3486 	3483 	2779
f 2793 	2794 	3483
f 3033 	3186 	3183
f 3204 	3169 	3101
f 3204 	3206 	3169
f 3169 	3202 	3147
f 3169 	3206 	3202
f 3147 	3202 	3163
f 3213 	3039 	3218
f 3101 	3111 	3204
f 3035 	3207 	3200
f 3202 	3208 	3203
f 3207 	3209 	3200
f 3206 	3208 	3202
f 3207 	3381 	3209
f 3208 	3396 	3203
f 3111 	3210 	3204
f 3117 	3210 	3111
f 3210 	3212 	3204
f 3207 	3035 	3213
f 3204 	3212 	3206
f 3212 	3270 	3206
f 3270 	3208 	3206
f 3121 	3217 	3117
f 3451 	3216 	3214
f 3117 	3217 	3210
f 3212 	3210 	3272
f 3054 	3058 	3219
f 3219 	3118 	3054
f 3219 	3221 	3118
f 3058 	3225 	3219
f 3219 	3226 	3221
f 3225 	3226 	3219
f 3119 	3221 	3222
f 3121 	3222 	3281
f 3227 	3228 	3222
f 3226 	3227 	3221
f 3222 	3221 	3227
f 2170 	2206 	3196
f 2206 	3249 	3196
f 3249 	2155 	3251
f 3251 	2160 	3273
f 3194 	3190 	2148
f 3191 	3190 	3252
f 3194 	3252 	3190
f 3191 	3252 	3253
f 3252 	3256 	3253
f 3191 	3253 	3193
f 3085 	3193 	3253
f 3194 	3196 	3255
f 3255 	3252 	3194
f 3213 	3035 	3039
f 3256 	3252 	3255
f 3091 	3253 	3256
f 3259 	3255 	3196
f 3196 	3249 	3259
f 3260 	4550 	3258
f 3255 	3261 	3256
f 3075 	3263 	3077
f 3255 	3259 	3261
f 3256 	3261 	3029
f 3263 	3075 	3260
f 3261 	3032 	3029
f 3256 	3029 	3091
f 3249 	3265 	3259
f 3322 	3226 	3225
f 3251 	3265 	3249
f 3265 	3268 	3259
f 3261 	3259 	3268
f 3268 	3032 	3261
f 3268 	3265 	3053
f 3053 	3055 	3268
f 3208 	3270 	3437
f 3210 	3217 	3272
f 2160 	1894 	3273
f 3282 	3272 	3217
f 1894 	3278 	3273
f 3274 	3270 	3212
f 3251 	3275 	3265
f 3251 	3273 	3275
f 3272 	3274 	3212
f 3275 	3053 	3265
f 3274 	3277 	3270
f 1894 	3182 	3278
f 3278 	3280 	3273
f 3273 	3280 	3275
f 3275 	3036 	3053
f 3217 	3121 	3281
f 3280 	3036 	3275
f 3182 	3167 	3278
f 3278 	3286 	3280
f 3282 	3217 	3281
f 3282 	3289 	3272
f 3278 	3167 	3286
f 3286 	3037 	3280
f 3286 	3040 	3037
f 3303 	3289 	3282
f 3272 	3289 	3274
f 3280 	3037 	3036
f 3277 	3274 	3297
f 3289 	3297 	3274
f 2801 	3040 	3286
f 3222 	3228 	3281
f 3281 	3228 	3302
f 3302 	3282 	3281
f 3282 	3302 	3303
f 3303 	3308 	3289
f 3289 	3308 	3297
f 3297 	3308 	1755
f 3503 	3297 	1755
f 3077 	3263 	3214
f 3338 	3302 	3228
f 1826 	3303 	3302
f 3077 	3214 	3218
f 1826 	3302 	3338
f 3218 	3216 	3213
f 1826 	1832 	3303
f 3218 	3214 	3216
f 3303 	1832 	3308
f 1884 	1755 	3308
f 1832 	1884 	3308
f 3061 	3320 	3059
f 3258 	3454 	3260
f 3059 	3320 	3225
f 3457 	3263 	3260
f 3320 	3322 	3225
f 3260 	3454 	3457
f 3226 	3322 	3227
f 3323 	3227 	3322
f 3323 	3324 	3227
f 3227 	3324 	3228
f 3061 	1787 	3320
f 3061 	1752 	1787
f 1787 	1788 	3320
f 3320 	1788 	3322
f 1788 	1790 	3322
f 3322 	1790 	3323
f 1790 	1791 	3323
f 3323 	1791 	3324
f 3324 	3338 	3228
f 3338 	3324 	1880
f 1880 	1881 	3338
f 3162 	3177 	3478
f 3069 	3341 	3014
f 3343 	3017 	3341
f 3478 	3339 	3162
f 3069 	3347 	3341
f 3153 	3157 	3349
f 3360 	3349 	3157
f 3347 	3153 	3349
f 3341 	3355 	3343
f 3347 	3355 	3341
f 3349 	3356 	3347
f 3355 	3347 	3356
f 3360 	3157 	3161
f 3360 	3362 	3349
f 3349 	3362 	3356
f 3364 	3165 	3164
f 3360 	3161 	3363
f 3364 	3164 	3339
f 3360 	3365 	3362
f 3363 	3365 	3360
f 3365 	3376 	3362
f 3258 	3166 	3470
f 3470 	3166 	3325
f 3454 	3258 	3470
f 3203 	3388 	3363
f 3339 	3613 	3364
f 3616 	3364 	3613
f 3388 	3392 	3365
f 3343 	3355 	3345
f 3368 	3345 	3355
f 3177 	3369 	3370
f 3368 	354 	3345
f 3345 	354 	340
f 3374 	3368 	3355
f 3356 	3374 	3355
f 3374 	356 	3368
f 3368 	356 	354
f 3362 	3375 	3356
f 3356 	3375 	3374
f 3374 	347 	356
f 3189 	489 	485
f 3375 	347 	3374
f 3377 	3379 	3189
f 489 	3189 	3379
f 3189 	3186 	3377
f 3209 	3377 	3186
f 489 	3380 	421
f 489 	3379 	3380
f 421 	3380 	301
f 3375 	3362 	3376
f 3209 	3381 	3384
f 3203 	3396 	3388
f 3384 	3377 	3209
f 3365 	3363 	3388
f 3379 	3377 	3541
f 3208 	3437 	3396
f 3375 	3376 	348
f 3376 	350 	348
f 3375 	348 	347
f 3376 	3365 	3392
f 3392 	350 	3376
f 3388 	3398 	3392
f 3483 	3484 	2795
f 3388 	3396 	3398
f 3398 	3433 	3392
f 3438 	3398 	3396
f 3392 	3433 	350
f 3437 	3438 	3396
f 3437 	3499 	3438
f 3489 	2643 	3488
f 3213 	3216 	3449
f 3213 	3449 	3207
f 3449 	3381 	3207
f 3214 	3263 	3458
f 3214 	3458 	3451
f 3449 	3216 	3395
f 3451 	3395 	3216
f 3451 	3651 	3395
f 3457 	3458 	3263
f 3488 	2627 	3848
f 3454 	3605 	3457
f 3457 	3606 	3458
f 3470 	3325 	3619
f 3325 	3618 	3619
f 3482 	3339 	3478
f 3479 	3478 	3480
f 3471 	3472 	3339
f 3482 	3471 	3339
f 3482 	3478 	3479
f 3364 	3617 	3325
f 3364 	3616 	3617
f 3370 	3490 	3177
f 2794 	2796 	3483
f 3486 	2643 	3489
f 3487 	3177 	3490
f 3177 	3487 	3478
f 3277 	3437 	3270
f 3493 	3487 	3492
f 3277 	3499 	3437
f 3490 	3492 	3487
f 3487 	3493 	3494
f 3478 	3487 	3480
f 3494 	3480 	3487
f 3438 	3499 	3500
f 3277 	3297 	3503
f 3277 	3503 	3499
f 3499 	2622 	3500
f 3503 	2622 	3499
f 2622 	2651 	3500
f 3398 	3511 	3433
f 3438 	3511 	3398
f 351 	3433 	352
f 3511 	352 	3433
f 3500 	3511 	3438
f 3511 	3500 	2630
f 2651 	2630 	3500
f 2630 	352 	3511
f 302 	3631 	3632
f 301 	3380 	3525
f 3524 	3525 	3380
f 301 	3631 	302
f 301 	3525 	3631
f 3524 	3541 	3642
f 3541 	3377 	3384
f 3541 	3524 	3379
f 3379 	3524 	3380
f 3546 	3384 	3381
f 3530 	3541 	3384
f 3546 	3530 	3384
f 3642 	3541 	3530
f 4858 	4857 	3583
f 3449 	3395 	3591
f 3585 	3583 	3590
f 3449 	3591 	3381
f 3590 	3689 	3585
f 3591 	3546 	3381
f 3592 	3691 	3590
f 3605 	3700 	3705
f 3605 	3705 	3606
f 3706 	3606 	3705
f 3606 	3706 	3707
f 3454 	3717 	3605
f 3606 	3457 	3605
f 3612 	3339 	3611
f 3472 	3611 	3339
f 3613 	3339 	3612
f 3618 	3325 	3617
f 3620 	3470 	3619
f 3454 	3470 	3717
f 3470 	3620 	3624
f 3624 	3718 	3470
f 3730 	266 	3634
f 264 	302 	3632
f 264 	3634 	266
f 264 	3632 	3634
f 3524 	3643 	3525
f 3524 	3642 	3643
f 3525 	3643 	3636
f 3631 	3525 	3636
f 3796 	3530 	3546
f 3797 	3642 	3530
f 3797 	3530 	3796
f 3636 	3643 	3833
f 3546 	3591 	3647
f 3647 	3796 	3546
f 3807 	3796 	3808
f 3451 	3699 	3651
f 3395 	3652 	3591
f 3625 	3671 	3582
f 3663 	3676 	3659
f 3582 	3671 	3583
f 3671 	3590 	3583
f 3659 	3673 	3625
f 3659 	3676 	3673
f 3625 	3673 	3671
f 3671 	3592 	3590
f 3673 	3592 	3671
f 3673 	3678 	3592
f 3676 	3678 	3673
f 3663 	3679 	3676
f 3668 	3679 	3663
f 3676 	3679 	3680
f 3676 	3680 	3678
f 3679 	3759 	3680
f 3668 	3686 	3679
f 3759 	3679 	3686
f 3589 	3890 	3888
f 3589 	3737 	3890
f 3585 	3689 	3586
f 3691 	3689 	3590
f 3395 	3651 	3652
f 3592 	3678 	3692
f 3647 	3591 	3652
f 3803 	3647 	3652
f 3651 	3709 	3710
f 3651 	3710 	3817
f 3651 	3815 	3652
f 3815 	3802 	3652
f 3817 	3815 	3651
f 3652 	3800 	3803
f 3458 	3699 	3451
f 3458 	3606 	3699
f 3605 	3701 	3700
f 3701 	3605 	3703
f 3708 	3699 	3707
f 3707 	3699 	3606
f 3709 	3651 	3711
f 3699 	3711 	3651
f 3699 	3708 	3711
f 3715 	3703 	3605
f 3717 	3470 	3718
f 3718 	3719 	3717
f 3605 	3717 	3715
f 3720 	3715 	3717
f 3717 	3719 	3720
f 3691 	3592 	3692
f 3691 	3692 	3746
f 3731 	3692 	3678
f 3678 	3680 	3731
f 269 	3730 	3733
f 3689 	3736 	3586
f 3586 	3736 	3587
f 3825 	3730 	3634
f 3589 	3587 	3737
f 3736 	3737 	3587
f 3733 	3730 	3855
f 3739 	3736 	3689
f 3691 	3739 	3689
f 3829 	3828 	3742
f 3739 	3740 	3736
f 3739 	3748 	3740
f 3742 	3632 	3631
f 3736 	3740 	3737
f 3631 	3636 	3742
f 3746 	3739 	3691
f 3746 	3748 	3739
f 3692 	3750 	3746
f 3731 	3750 	3692
f 3746 	3750 	3751
f 3746 	3751 	3748
f 3748 	3751 	3965
f 3750 	3731 	3813
f 3680 	3759 	3761
f 3731 	3680 	3761
f 3784 	3780 	6133
f 3743 	3447 	2534
f 3787 	3783 	6133
f 3783 	3784 	6133
f 2534 	2551 	3743
f 3779 	3849 	6133
f 3778 	3779 	6133
f 3782 	3778 	6133
f 2576 	2360 	6133
f 3780 	3781 	6133
f 3742 	3735 	3632
f 3632 	3735 	3634
f 3735 	3825 	3634
f 3836 	3837 	3636
f 3840 	3829 	3742
f 3642 	3843 	3643
f 3831 	3833 	3643
f 3797 	3798 	3642
f 3798 	3799 	3642
f 3799 	3842 	3642
f 3805 	3647 	3803
f 3806 	3796 	3807
f 3647 	3808 	3796
f 3647 	3805 	3808
f 3796 	3806 	3809
f 3796 	3809 	3811
f 3796 	3811 	3797
f 3797 	3812 	3798
f 3797 	3811 	3812
f 3800 	3652 	3801
f 3802 	3801 	3652
f 3813 	3731 	3761
f 3759 	3686 	3818
f 3818 	3819 	3759
f 3818 	3823 	3819
f 3865 	3823 	3818
f 3759 	3819 	3761
f 3819 	3820 	3761
f 3761 	3820 	3813
f 3819 	3824 	3820
f 3823 	3824 	3819
f 3826 	3824 	3823
f 3730 	3825 	3855
f 3826 	4011 	3824
f 3827 	3735 	3828
f 3735 	3742 	3828
f 3827 	3830 	3735
f 3859 	3735 	3830
f 3859 	3860 	3735
f 3861 	3862 	3825
f 1056 	3834 	3668
f 3832 	3643 	3843
f 3831 	3643 	3832
f 1056 	1064 	3834
f 3833 	3835 	3636
f 3836 	3636 	3835
f 3686 	3668 	3834
f 3742 	3636 	3838
f 3837 	3838 	3636
f 750 	754 	3839
f 3838 	3840 	3742
f 1064 	3841 	3834
f 3642 	3842 	3843
f 3841 	1064 	3839
f 3834 	3841 	3844
f 3844 	3686 	3834
f 3844 	3818 	3686
f 754 	3852 	3839
f 3841 	3839 	3846
f 3841 	3847 	3844
f 3846 	3847 	3841
f 3848 	6133 	3849
f 3846 	3850 	3847
f 147 	295 	3870
f 3852 	3846 	3839
f 1072 	3854 	3852
f 1072 	718 	3854
f 3854 	3858 	3852
f 3855 	3856 	3733
f 3857 	3733 	3856
f 3825 	3735 	3860
f 3854 	3863 	3858
f 3855 	3825 	3862
f 3852 	3858 	3846
f 3860 	3861 	3825
f 3858 	3850 	3846
f 3862 	3856 	3855
f 854 	3854 	718
f 3854 	854 	3863
f 3858 	3881 	3850
f 3881 	3858 	3863
f 3844 	3847 	3865
f 3818 	3844 	3865
f 3866 	3865 	3847
f 3733 	3867 	3868
f 3733 	3868 	3870
f 3857 	3867 	3733
f 3866 	3847 	3850
f 3866 	3869 	3865
f 3865 	3869 	3823
f 3869 	3826 	3823
f 3733 	3870 	295
f 3881 	3871 	3850
f 3850 	3871 	3866
f 3866 	3872 	3869
f 3871 	3872 	3866
f 3872 	3874 	3869
f 3869 	3874 	3826
f 3884 	3872 	3871
f 3883 	3884 	3871
f 3872 	3878 	3874
f 3878 	4094 	3874
f 3881 	3863 	3882
f 3882 	3863 	871
f 3881 	3883 	3871
f 3882 	3883 	3881
f 3884 	3878 	3872
f 871 	1000 	3882
f 3882 	987 	3883
f 1000 	987 	3882
f 987 	3886 	3883
f 3883 	3886 	3884
f 4112 	3884 	3886
f 3886 	1308 	4112
f 1192 	1308 	3886
f 3888 	3890 	3889
f 3891 	3889 	3890
f 3899 	3903 	6133
f 3891 	4018 	3889
f 6133 	6131 	3899
f 3895 	3890 	3737
f 3896 	3891 	3890
f 3895 	3896 	3890
f 3781 	3782 	6133
f 3903 	3906 	6133
f 3896 	3962 	4022
f 3895 	3737 	3740
f 3906 	3911 	6133
f 3911 	3946 	6133
f 5970 	4009 	3900
f 3928 	3945 	3911
f 3937 	3947 	3934
f 3943 	3845 	6133
f 3907 	3900 	4010
f 3934 	3947 	3928
f 3947 	3945 	3928
f 3943 	6133 	3946
f 3948 	3947 	3937
f 3786 	3787 	6133
f 3845 	3786 	6133
f 3946 	3911 	3945
f 3927 	3895 	3740
f 3927 	3740 	3748
f 3927 	3962 	3895
f 3895 	3962 	3896
f 4010 	3985 	3907
f 3748 	3965 	3927
f 3927 	3965 	3969
f 3927 	3969 	3962
f 3913 	3979 	3966
f 3972 	3966 	3979
f 3751 	3750 	3986
f 3980 	3975 	3979
f 3975 	3972 	3979
f 3750 	3813 	3986
f 3751 	3986 	3988
f 3986 	3991 	3988
f 3751 	3988 	3965
f 3965 	3990 	3969
f 3988 	3990 	3965
f 3979 	3913 	3985
f 3986 	3997 	3991
f 3988 	3993 	3990
f 3991 	3993 	3988
f 3993 	4049 	3990
f 3813 	3997 	3986
f 3997 	3813 	3820
f 3820 	3824 	4000
f 4000 	3997 	3820
f 4002 	3991 	3997
f 4000 	4002 	3997
f 4002 	4004 	3991
f 4004 	3993 	3991
f 3913 	3907 	3985
f 3824 	4011 	4000
f 4002 	4000 	4014
f 4011 	4014 	4000
f 4014 	4015 	4002
f 4004 	4002 	4015
f 4015 	4064 	4004
f 4011 	4086 	4014
f 4014 	4093 	4015
f 4018 	3517 	3889
f 4021 	4018 	3891
f 3891 	3896 	4021
f 3896 	4022 	4021
f 4024 	4022 	3962
f 3962 	3969 	4024
f 3990 	4048 	3969
f 3990 	4049 	4048
f 3969 	4048 	4024
f 4004 	4051 	3993
f 3993 	4051 	4049
f 4051 	4004 	4064
f 4015 	4103 	4064
f 3826 	4084 	4011
f 3826 	3874 	4084
f 4084 	4086 	4011
f 4084 	4095 	4086
f 4093 	4014 	4086
f 3874 	4094 	4084
f 4094 	4095 	4084
f 4095 	4096 	4086
f 4086 	4096 	4093
f 4112 	3878 	3884
f 3878 	4116 	4094
f 4116 	4118 	4094
f 4144 	4096 	4095
f 4015 	4093 	4103
f 4096 	4105 	4093
f 4093 	4105 	4103
f 4105 	4096 	4147
f 4147 	4096 	4144
f 4116 	3878 	4112
f 4095 	4094 	4118
f 4118 	4144 	4095
f 4112 	1309 	4116
f 1308 	1309 	4112
f 4118 	4116 	1310
f 1309 	1310 	4116
f 4118 	1346 	4144
f 1310 	1346 	4118
f 1346 	1349 	4144
f 1349 	4147 	4144
f 1349 	1455 	4147
f 1455 	1456 	4147
f 4249 	6139 	4248
f 4252 	4470 	4250
f 6144 	6145 	5846
f 4253 	4470 	4252
f 4257 	6338 	5869
f 4245 	4470 	4253
f 4254 	4245 	4253
f 4277 	4557 	4279
f 4183 	4182 	4468
f 4182 	4285 	4468
f 4285 	4283 	4468
f 4468 	4470 	4183
f 4250 	4470 	4251
f 4381 	4289 	4258
f 4381 	4258 	4251
f 71 	4289 	4381
f 4280 	4279 	4557
f 4557 	4559 	4280
f 3743 	4900 	3447
f 4900 	4901 	4293
f 4901 	4553 	4295
f 4381 	4251 	4470
f 4554 	4555 	4266
f 4555 	4556 	4270
f 4293 	3447 	4900
f 4294 	4293 	4901
f 4266 	4264 	4554
f 4270 	4266 	4555
f 4283 	4559 	4468
f 72 	4381 	304
f 4263 	4295 	4553
f 4264 	4553 	4554
f 4277 	4270 	4556
f 4277 	4556 	4557
f 4295 	4294 	4901
f 4397 	4406 	4649
f 4106 	4397 	4649
f 4111 	4815 	4110
f 4110 	4815 	439
f 4114 	4815 	4111
f 4115 	4815 	4114
f 4150 	4109 	4816
f 4649 	4816 	4109
f 4107 	4106 	4649
f 459 	304 	4381
f 4386 	460 	459
f 467 	461 	4456
f 4456 	4460 	467
f 4381 	4386 	459
f 4647 	4648 	4406
f 4648 	4649 	4406
f 4408 	4651 	4411
f 4411 	4647 	4406
f 4413 	4651 	4414
f 4414 	4651 	4410
f 4410 	4651 	4408
f 4415 	4651 	4413
f 2789 	2788 	4650
f 3061 	4105 	4147
f 2787 	4650 	2788
f 4650 	2787 	4653
f 4127 	4150 	4816
f 4124 	4815 	4115
f 4416 	4650 	4415
f 4651 	4415 	4650
f 4386 	4389 	460
f 4388 	4456 	4389
f 4388 	4455 	4456
f 4389 	4456 	461
f 4389 	461 	460
f 4455 	4459 	4460
f 4456 	4455 	4460
f 4459 	4570 	4462
f 4459 	4463 	4460
f 4459 	4462 	4463
f 4463 	472 	4460
f 4463 	475 	472
f 4463 	4462 	474
f 4462 	4465 	474
f 474 	475 	4463
f 4465 	479 	474
f 4245 	4183 	4470
f 4468 	4473 	4470
f 4468 	4472 	4473
f 4470 	4473 	4386
f 4473 	4389 	4386
f 4470 	4386 	4381
f 4472 	4388 	4473
f 4472 	4475 	4388
f 4388 	4389 	4473
f 4475 	4478 	4455
f 4478 	4459 	4455
f 4475 	4455 	4388
f 4478 	4570 	4459
f 4496 	494 	479
f 4496 	3004 	494
f 5514 	4485 	4487
f 4487 	4625 	5514
f 3051 	3050 	4051
f 4486 	4490 	4465
f 4628 	4489 	4627
f 4629 	4627 	4489
f 4628 	4630 	4489
f 4486 	4465 	4462
f 4489 	4630 	4492
f 4632 	4633 	4492
f 4490 	4496 	4465
f 4490 	4494 	4496
f 4495 	2811 	3175
f 4496 	479 	4465
f 3004 	4526 	3033
f 3044 	4022 	4024
f 4495 	4522 	2811
f 4494 	3004 	4496
f 2811 	4524 	2812
f 4522 	4524 	2811
f 4524 	2826 	2812
f 3061 	4147 	1456
f 4675 	4501 	4500
f 4652 	4502 	4501
f 4513 	4514 	4511
f 4109 	4108 	4649
f 4502 	4516 	4512
f 4513 	4512 	4516
f 4513 	4516 	4507
f 4513 	4507 	4514
f 3051 	4051 	4064
f 4507 	4508 	4514
f 156 	2604 	4341
f 4344 	156 	4342
f 4341 	4342 	156
f 3059 	4103 	4105
f 2790 	2795 	3484
f 4521 	4522 	4495
f 3058 	3054 	4103
f 4529 	4593 	4524
f 4593 	2826 	4524
f 4498 	4526 	4494
f 4498 	4525 	4526
f 4521 	4511 	4514
f 4526 	3004 	4494
f 4521 	4527 	4522
f 4528 	4525 	4499
f 4527 	4521 	4514
f 4525 	3031 	4526
f 4525 	4528 	3031
f 4526 	3031 	3033
f 4528 	4535 	3039
f 4528 	3035 	3031
f 4528 	3039 	3035
f 4527 	4529 	4522
f 4528 	4499 	4535
f 4537 	4550 	4540
f 4533 	4540 	4542
f 4533 	4542 	4534
f 4534 	4542 	4545
f 4534 	4545 	4535
f 4535 	4545 	3039
f 4545 	3218 	3039
f 4550 	4537 	4799
f 4542 	4540 	3075
f 4540 	4550 	3075
f 4542 	3075 	3077
f 3077 	4545 	4542
f 4545 	3077 	3218
f 4799 	3258 	4550
f 3260 	3075 	4550
f 4264 	4263 	4553
f 4283 	4280 	4559
f 4559 	4561 	4472
f 4561 	4475 	4472
f 4559 	4472 	4468
f 4576 	4562 	4561
f 4475 	4561 	4562
f 4565 	4562 	4581
f 4562 	4478 	4475
f 4562 	4565 	4478
f 4565 	4568 	4570
f 4565 	4570 	4478
f 4576 	4557 	4556
f 4556 	4575 	4576
f 4576 	4561 	4559
f 4559 	4557 	4576
f 4575 	4580 	4581
f 4575 	4581 	4576
f 4562 	4576 	4581
f 4580 	4583 	4586
f 4583 	4591 	4586
f 4583 	4589 	4591
f 4580 	4586 	4581
f 4581 	4586 	4565
f 4583 	4615 	4589
f 4586 	4591 	4568
f 4595 	4568 	4591
f 4586 	4568 	4565
f 4527 	4680 	4529
f 4522 	4529 	4524
f 4594 	4591 	4589
f 4595 	4591 	4594
f 4527 	4514 	4508
f 4527 	4508 	4680
f 4108 	4107 	4649
f 4486 	4570 	4568
f 4568 	4595 	4486
f 4486 	4462 	4570
f 3058 	4103 	3059
f 4594 	4610 	4595
f 4610 	4594 	4608
f 2940 	3517 	4018
f 4595 	4610 	4490
f 4595 	4490 	4486
f 4608 	4611 	4498
f 3027 	2940 	4018
f 4018 	4021 	3027
f 4611 	4525 	4498
f 4610 	4608 	4498
f 4610 	4494 	4490
f 4610 	4498 	4494
f 4525 	4611 	4499
f 4021 	3028 	3027
f 4622 	4589 	4615
f 4624 	5514 	4625
f 4624 	4629 	4489
f 4624 	4625 	4626
f 4589 	4622 	4725
f 4626 	4629 	4624
f 4701 	4725 	4622
f 4632 	4492 	4630
f 3028 	4021 	4022
f 4653 	2790 	3484
f 4634 	4675 	4633
f 4126 	4127 	4816
f 4822 	4823 	4645
f 4645 	4823 	4646
f 4647 	4411 	4651
f 4827 	4828 	4646
f 4502 	4654 	4516
f 4502 	4652 	4654
f 4655 	4516 	4654
f 4655 	4794 	4749
f 4652 	4670 	4669
f 4669 	4785 	4652
f 4652 	4785 	4654
f 4675 	4500 	4492
f 4049 	4051 	3050
f 4501 	4675 	4652
f 4652 	4675 	4672
f 4643 	4672 	4675
f 4492 	4633 	4675
f 3030 	3028 	4022
f 4672 	4643 	4644
f 4670 	4652 	4672
f 4022 	3044 	3030
f 4634 	4643 	4675
f 4631 	4611 	4608
f 4636 	4611 	4631
f 4635 	4686 	4636
f 4635 	4683 	4686
f 4636 	4686 	4499
f 4686 	4535 	4499
f 4636 	4499 	4611
f 4507 	4516 	4655
f 4682 	4533 	4683
f 4749 	4507 	4655
f 4682 	4691 	4533
f 4507 	4749 	4508
f 4683 	4533 	4534
f 4508 	4740 	4680
f 4534 	4686 	4683
f 4680 	4821 	4645
f 4535 	4686 	4534
f 2826 	4693 	2821
f 4593 	4693 	2826
f 2822 	2821 	4695
f 4691 	4537 	4540
f 4693 	4695 	2821
f 4691 	4540 	4533
f 2822 	4697 	2823
f 4695 	4697 	2822
f 4697 	4801 	2823
f 4698 	4619 	4769
f 4698 	4701 	4619
f 4645 	4646 	4593
f 4693 	4593 	4646
f 4105 	3061 	3059
f 4593 	4529 	4645
f 4529 	4680 	4645
f 4024 	4048 	3044
f 4049 	3050 	4048
f 1456 	1753 	3061
f 3044 	4048 	3047
f 4701 	4622 	4619
f 4048 	3050 	3047
f 4589 	4725 	4594
f 4698 	4731 	4701
f 4698 	4727 	4731
f 4631 	4725 	4701
f 4631 	4701 	4731
f 4725 	4631 	4608
f 3051 	4064 	3054
f 4725 	4608 	4594
f 4064 	4103 	3054
f 4727 	4734 	4635
f 4683 	4635 	4734
f 4731 	4727 	4635
f 4731 	4635 	4636
f 4731 	4636 	4631
f 4742 	4821 	4680
f 4741 	4742 	4680
f 4740 	4741 	4680
f 4734 	4972 	4682
f 4740 	4743 	4741
f 4734 	4682 	4683
f 4822 	4645 	4821
f 4555 	4744 	4575
f 4744 	4580 	4575
f 4556 	4555 	4575
f 4739 	4747 	4740
f 4740 	4748 	4743
f 4746 	4580 	4744
f 4747 	4748 	4740
f 4746 	4583 	4580
f 4583 	4746 	4615
f 4553 	4901 	4755
f 4553 	4755 	4757
f 4553 	4757 	4554
f 4554 	4744 	4555
f 4757 	4744 	4554
f 4755 	4763 	4757
f 4755 	4762 	4763
f 4757 	4763 	4746
f 4757 	4746 	4744
f 4984 	4765 	4762
f 4762 	4765 	4766
f 4762 	4766 	4763
f 4763 	4615 	4746
f 4763 	4766 	4615
f 4765 	4619 	4766
f 4619 	4765 	4769
f 4619 	4622 	4766
f 4766 	4622 	4615
f 4791 	4796 	4771
f 4772 	4799 	4537
f 3164 	4789 	3162
f 4796 	3165 	3166
f 4786 	4787 	4654
f 4786 	4654 	4785
f 4787 	4788 	4654
f 4897 	3162 	4789
f 4790 	4655 	4788
f 4654 	4788 	4655
f 4792 	4749 	4793
f 4793 	4749 	4794
f 4655 	4790 	4794
f 4772 	4771 	4796
f 4792 	4797 	4749
f 4799 	4772 	4796
f 4738 	4749 	4797
f 4740 	4749 	4739
f 4740 	4508 	4749
f 4738 	4739 	4749
f 4803 	4695 	4693
f 4816 	4814 	4126
f 4693 	4646 	4803
f 4803 	4805 	4695
f 4125 	4814 	4124
f 4695 	4805 	4697
f 4697 	4833 	4801
f 4813 	437 	4815
f 4803 	4829 	4805
f 4831 	4829 	4803
f 4125 	4126 	4814
f 4814 	4815 	4124
f 4646 	4824 	4825
f 4824 	4646 	4823
f 4825 	4827 	4646
f 4803 	4646 	4828
f 4831 	4803 	4828
f 4805 	4830 	4832
f 4697 	4805 	4833
f 4830 	4805 	4829
f 4849 	4833 	4805
f 4850 	4833 	4849
f 2751 	4736 	4891
f 4801 	4842 	4736
f 4801 	4833 	4842
f 4844 	4888 	4736
f 4844 	4736 	4843
f 4842 	4843 	4736
f 4845 	4846 	4842
f 4846 	4843 	4842
f 4805 	4832 	4847
f 4805 	4847 	4849
f 4833 	4851 	4845
f 4842 	4833 	4845
f 4833 	4850 	4851
f 4800 	2727 	3582
f 4891 	4736 	4888
f 4789 	3164 	4791
f 4857 	4800 	3583
f 3582 	3583 	4800
f 3165 	4796 	4791
f 4796 	3166 	4799
f 4799 	3166 	3258
f 4896 	4895 	3586
f 4895 	4894 	3586
f 3179 	3180 	4897
f 3586 	3587 	4896
f 4897 	3177 	3162
f 3589 	3888 	4899
f 705 	3582 	2726
f 3583 	3585 	4858
f 4894 	4858 	3585
f 4894 	3585 	3586
f 4898 	4896 	3587
f 4899 	4898 	3589
f 3587 	3589 	4898
f 4909 	4902 	3888
f 4903 	4915 	4908
f 4902 	4899 	3888
f 3888 	3889 	4909
f 4910 	4909 	3889
f 3889 	3517 	4910
f 3517 	4782 	4910
f 4905 	4912 	4914
f 4903 	4905 	4914
f 4915 	4903 	4914
f 4908 	4915 	4691
f 4537 	4691 	4915
f 4908 	4691 	4682
f 4912 	4771 	4914
f 4771 	4912 	4917
f 4914 	4771 	4772
f 4915 	4914 	4772
f 4537 	4915 	4772
f 4917 	4791 	4771
f 4917 	4789 	4791
f 4918 	4698 	4769
f 4918 	5013 	4962
f 4962 	4727 	4918
f 4727 	4962 	4734
f 4918 	4727 	4698
f 4919 	4970 	4960
f 4969 	4970 	4919
f 4970 	4972 	4960
f 4972 	4962 	4960
f 4734 	4962 	4972
f 5034 	5035 	4905
f 4905 	4969 	5034
f 4903 	4970 	4969
f 4905 	4903 	4969
f 4908 	4970 	4903
f 4972 	4970 	4908
f 4972 	4908 	4682
f 4980 	4900 	3743
f 4901 	4900 	4982
f 4980 	4982 	4900
f 4755 	4901 	4982
f 4980 	4983 	4984
f 4984 	4982 	4980
f 4982 	4762 	4755
f 4982 	4984 	4762
f 4983 	4989 	4984
f 4983 	4985 	4989
f 4984 	4989 	4765
f 5003 	4989 	4985
f 4990 	5003 	4985
f 5003 	4769 	4989
f 4918 	4769 	5003
f 4989 	4769 	4765
f 5003 	4990 	5013
f 5010 	5013 	4990
f 5010 	4960 	5013
f 5003 	5013 	4918
f 4919 	4960 	5010
f 4960 	4962 	5013
f 5033 	4969 	4919
f 5034 	4969 	5033
f 5037 	4912 	5035
f 5035 	4912 	4905
f 5037 	4917 	4912
f 5037 	5039 	4917
f 5039 	4897 	4789
f 5039 	4789 	4917
f 3743 	5042 	4980
f 5044 	4983 	5042
f 5042 	4983 	4980
f 5044 	5047 	4985
f 5044 	4985 	4983
f 5058 	4990 	5047
f 4990 	5058 	5010
f 5047 	4990 	4985
f 5059 	5010 	5058
f 5033 	4919 	5059
f 5059 	4919 	5010
f 3517 	2940 	4782
f 156 	435 	5068
f 5068 	5069 	156
f 5070 	156 	5069
f 5064 	156 	5070
f 2932 	4782 	2940
f 5064 	5065 	156
f 5115 	5068 	435
f 5114 	5115 	435
f 5181 	5178 	5065
f 156 	5065 	5179
f 5181 	5065 	5183
f 5178 	5179 	5065
f 5065 	5066 	5232
f 5232 	5230 	5065
f 5230 	5183 	5065
f 192 	5240 	191
f 5240 	192 	5242
f 5234 	5066 	5238
f 5247 	5238 	5066
f 5252 	5247 	5066
f 5234 	5232 	5066
f 2771 	5047 	5044
f 2774 	5058 	5047
f 5282 	800 	534
f 516 	534 	799
f 5283 	6268 	801
f 2774 	5059 	5058
f 5035 	2767 	5037
f 5035 	5034 	2767
f 5421 	5338 	5325
f 5418 	1781 	1652
f 6050 	6048 	2775
f 5327 	5341 	1661
f 5341 	1670 	1661
f 5327 	5338 	5501
f 5501 	5422 	5327
f 5421 	5430 	5338
f 5324 	5325 	5338
f 5341 	5347 	1670
f 5347 	5353 	1664
f 5347 	5433 	5353
f 5341 	5327 	5422
f 1664 	5353 	1666
f 5455 	1666 	5353
f 5455 	1669 	1666
f 1669 	5455 	5456
f 1780 	5374 	1879
f 5410 	5374 	1780
f 1780 	5408 	5410
f 3171 	1896 	5414
f 1890 	5415 	5414
f 1890 	5374 	5415
f 27 	884 	26
f 5414 	5415 	5464
f 5414 	5464 	3171
f 5374 	5472 	5415
f 5410 	5472 	5374
f 5418 	1652 	1669
f 5418 	5420 	1781
f 1198 	6180 	1197
f 5456 	5418 	1669
f 5456 	5490 	5418
f 5338 	5500 	5501
f 2768 	5039 	5037
f 2751 	4897 	5039
f 5431 	5341 	5422
f 2760 	5034 	5033
f 5430 	5505 	5338
f 5341 	5431 	5347
f 5033 	5059 	2760
f 2768 	5037 	2767
f 28 	884 	27
f 5431 	5433 	5347
f 5547 	5431 	5546
f 5455 	5515 	5456
f 5456 	5517 	5490
f 1786 	5489 	5408
f 2751 	3179 	4897
f 2551 	5042 	3743
f 5472 	5473 	5415
f 5473 	5464 	5415
f 5473 	4495 	5464
f 4521 	4495 	5473
f 5464 	4495 	3175
f 5489 	1786 	5420
f 5490 	5420 	5418
f 5420 	5490 	5491
f 5420 	5491 	5489
f 5491 	5492 	5489
f 5034 	2761 	2767
f 5490 	4500 	5491
f 5489 	5494 	5408
f 5489 	5492 	5494
f 5408 	5494 	5410
f 5495 	5472 	5410
f 5494 	5495 	5410
f 5495 	4511 	5472
f 5495 	5494 	4512
f 5495 	4513 	4511
f 5473 	5472 	4511
f 4511 	4521 	5473
f 5500 	5506 	5507
f 5500 	5507 	5501
f 5506 	5500 	5508
f 5505 	5500 	5338
f 5509 	5501 	5507
f 5511 	5422 	5510
f 5543 	5422 	5542
f 5501 	5510 	5422
f 5509 	5510 	5501
f 5546 	5422 	5544
f 5543 	5544 	5422
f 5422 	5546 	5431
f 5505 	5508 	5500
f 5431 	5550 	5433
f 5353 	5514 	5455
f 5433 	5514 	5353
f 5514 	5515 	5455
f 5515 	5517 	5456
f 2761 	5034 	2760
f 2755 	3179 	2751
f 5515 	4489 	5517
f 2771 	5044 	5042
f 4500 	5517 	4492
f 4489 	4492 	5517
f 5517 	4500 	5490
f 5491 	4501 	5492
f 5491 	4500 	4501
f 4502 	5492 	4501
f 5494 	5492 	4512
f 5492 	4502 	4512
f 5059 	2776 	2760
f 4513 	5495 	4512
f 5047 	2771 	2773
f 5059 	2774 	2776
f 2769 	2751 	5039
f 2770 	5042 	2551
f 2770 	2771 	5042
f 5047 	2773 	2774
f 2769 	5039 	2768
f 5511 	5542 	5422
f 5551 	5433 	5550
f 5547 	5550 	5431
f 4483 	5514 	4482
f 5433 	4482 	5514
f 4482 	5433 	4484
f 5551 	4484 	5433
f 4483 	4485 	5514
f 5514 	4624 	5515
f 4624 	4489 	5515
f 5703 	5702 	1008
f 5699 	5735 	1008
f 5698 	5699 	1008
f 5698 	1008 	5700
f 5700 	1008 	5701
f 5701 	1008 	5702
f 5704 	5705 	1253
f 5752 	1253 	5756
f 5704 	1253 	5706
f 5707 	5706 	1008
f 5733 	5732 	1008
f 1008 	5706 	1253
f 5716 	5750 	5715
f 5715 	5750 	5713
f 5712 	5713 	5750
f 5717 	5834 	5716
f 5750 	5743 	5712
f 5718 	5834 	5717
f 5719 	5836 	5718
f 5730 	1008 	5729
f 5729 	1008 	5731
f 5731 	1008 	5732
f 5735 	5734 	1008
f 5734 	5733 	1008
f 5710 	5743 	5742
f 5745 	5744 	5761
f 5743 	5762 	5742
f 5746 	5759 	5747
f 5745 	5760 	5746
f 5748 	5747 	1253
f 5760 	5759 	5746
f 5705 	5749 	1253
f 5748 	1253 	5749
f 5708 	5707 	1008
f 5710 	5711 	5743
f 5902 	1253 	5753
f 5752 	5753 	1253
f 5757 	5747 	5759
f 1253 	5747 	5757
f 5760 	5745 	5761
f 5761 	5744 	5762
f 5744 	5742 	5762
f 5767 	5768 	6064
f 5767 	6065 	5766
f 5769 	6064 	5768
f 5770 	5875 	5769
f 6065 	6066 	5766
f 5818 	5819 	5789
f 5820 	5821 	5789
f 5819 	5820 	5789
f 5782 	5789 	5821
f 5781 	5782 	5821
f 5784 	5783 	1008
f 5703 	1008 	5783
f 5785 	1008 	5786
f 5786 	1008 	5787
f 5787 	1008 	5788
f 5791 	5792 	5790
f 5792 	5793 	5790
f 5793 	5794 	5790
f 5794 	5816 	5790
f 5789 	5790 	5816
f 5797 	5796 	2775
f 5788 	1008 	5795
f 5784 	1008 	5785
f 5795 	1008 	5796
f 5797 	2775 	5798
f 5802 	2775 	5805
f 5798 	2775 	5802
f 5805 	2775 	5806
f 2775 	369 	5809
f 5808 	2775 	5809
f 5807 	2775 	5808
f 2775 	5807 	5806
f 5780 	5781 	5821
f 5779 	5780 	5821
f 5816 	5817 	5789
f 5817 	5818 	5789
f 5778 	5779 	5821
f 5821 	5822 	5778
f 5777 	5778 	5822
f 5776 	5777 	5822
f 5822 	5836 	5776
f 5815 	5776 	5836
f 5720 	5836 	5719
f 5830 	5854 	5831
f 5832 	5831 	5880
f 5750 	5716 	5834
f 5711 	5712 	5743
f 5834 	5718 	5836
f 5720 	5815 	5836
f 5832 	5880 	5837
f 5861 	5850 	5860
f 5880 	5877 	5837
f 5877 	5876 	5839
f 5839 	5837 	5877
f 5812 	5809 	4255
f 5853 	5829 	5852
f 5854 	5830 	5853
f 5852 	5829 	5855
f 5855 	5829 	5856
f 5856 	5829 	5858
f 5827 	5828 	5858
f 5889 	5860 	5850
f 5850 	5812 	4255
f 5829 	5853 	5830
f 4255 	5889 	5850
f 5865 	5870 	6206
f 5867 	6243 	5866
f 5871 	6206 	5870
f 5866 	6206 	5871
f 5841 	5839 	5876
f 5838 	5841 	5876
f 5827 	5858 	5829
f 5873 	5838 	5876
f 5875 	5770 	5874
f 5771 	5873 	5874
f 5876 	5874 	5873
f 5880 	5831 	5854
f 4247 	6143 	5846
f 4255 	5809 	6542
f 5860 	5858 	5828
f 5843 	5844 	6146
f 5845 	6146 	5844
f 4256 	4257 	5843
f 5869 	5843 	4257
f 5897 	1156 	5898
f 1156 	1253 	5900
f 6066 	6067 	5908
f 6067 	5922 	5908
f 5908 	5764 	6066
f 5764 	5765 	6066
f 5765 	5766 	6066
f 5915 	5916 	5924
f 5914 	5915 	5924
f 5916 	5917 	5924
f 5917 	5918 	5924
f 5913 	5914 	5924
f 5918 	5919 	5924
f 5919 	5920 	5924
f 5920 	5921 	5924
f 5921 	5904 	5924
f 5904 	5905 	5924
f 5923 	5924 	5905
f 5912 	5913 	5924
f 5911 	5912 	5924
f 5911 	5924 	5925
f 5911 	5925 	5926
f 5999 	1535 	5932
f 5998 	2141 	5999
f 5932 	1535 	5931
f 5931 	1535 	5934
f 5934 	1535 	5937
f 5938 	1535 	5893
f 5937 	1535 	5938
f 5894 	5892 	1156
f 26 	884 	5441
f 5441 	884 	5440
f 5969 	6205 	5970
f 5440 	884 	5950
f 5950 	883 	5969
f 1165 	884 	28
f 5974 	6025 	5976
f 4010 	3900 	4009
f 4030 	5970 	4033
f 4009 	5970 	4030
f 5976 	6025 	5977
f 5977 	6024 	5998
f 5926 	6003 	6004
f 5926 	6004 	6005
f 5926 	6005 	6006
f 5926 	6006 	6007
f 5926 	6007 	6008
f 5926 	6008 	6009
f 5926 	6009 	5911
f 6013 	6291 	6014
f 6014 	6287 	6015
f 6288 	6356 	6015
f 6003 	5926 	6016
f 5974 	6015 	6356
f 2140 	5999 	2141
f 6026 	6025 	5974
f 2398 	2141 	5998
f 6024 	2398 	5998
f 6025 	6024 	5977
f 6298 	6031 	6151
f 6297 	6052 	6298
f 6028 	6151 	6031
f 6029 	6149 	6028
f 6030 	6157 	6029
f 5864 	6165 	6030
f 5865 	6165 	5864
f 6049 	6298 	6052
f 6068 	6069 	2775
f 6047 	6045 	2775
f 6046 	369 	2775
f 6045 	6046 	2775
f 6031 	6298 	6049
f 6052 	6297 	6053
f 6060 	6076 	6107
f 6106 	6107 	6076
f 6107 	6108 	6060
f 6108 	6109 	6060
f 6109 	6110 	6060
f 6059 	6060 	6110
f 5922 	5923 	5907
f 5907 	5908 	5922
f 6065 	5767 	6064
f 5906 	5907 	5923
f 5905 	5906 	5923
f 6064 	5769 	6063
f 5771 	5874 	5770
f 6063 	5769 	5875
f 6068 	2775 	6070
f 6050 	2775 	6069
f 6048 	6047 	2775
f 6071 	6070 	2775
f 6071 	2775 	6072
f 6075 	2488 	6074
f 6078 	6079 	6077
f 6079 	6080 	6077
f 6080 	6082 	6077
f 6076 	6077 	6082
f 6082 	6083 	6076
f 6083 	6084 	6076
f 6084 	6106 	6076
f 2489 	2488 	6075
f 6088 	2514 	6086
f 6089 	2514 	6088
f 6072 	2775 	6090
f 6090 	2775 	2852
f 2852 	2775 	6092
f 6092 	569 	6094
f 6094 	569 	6095
f 6097 	2515 	6093
f 6091 	2515 	6089
f 6095 	569 	6096
f 2506 	6129 	2500
f 6057 	6059 	6110
f 6093 	2515 	6091
f 6111 	6112 	6056
f 6056 	6057 	6111
f 6110 	6111 	6057
f 6055 	6056 	6112
f 6112 	6113 	6055
f 367 	6139 	4249
f 6074 	2488 	6073
f 2502 	6085 	2504
f 2504 	6086 	2512
f 6073 	2515 	6097
f 370 	5809 	369
f 2512 	6086 	2514
f 2515 	6073 	2488
f 2514 	6089 	2515
f 6099 	6100 	6114
f 6044 	6042 	6114
f 6100 	6044 	6114
f 6114 	6116 	6099
f 6042 	6043 	6114
f 6113 	6114 	6043
f 6116 	6136 	6099
f 6136 	6137 	6099
f 6098 	6099 	6137
f 368 	6098 	6137
f 6062 	6055 	6113
f 6043 	6062 	6113
f 6086 	2504 	6085
f 2518 	2527 	6127
f 2527 	2528 	6127
f 2517 	2518 	6127
f 2519 	2517 	6127
f 2520 	6127 	2521
f 6104 	1408 	6118
f 297 	3892 	6124
f 6126 	6124 	3892
f 2500 	6085 	2502
f 6118 	6183 	6121
f 6121 	6187 	6123
f 2522 	6129 	2523
f 2521 	6129 	2522
f 6085 	2500 	6129
f 6186 	25 	6123
f 2523 	6129 	2506
f 6124 	6123 	25
f 6137 	6138 	368
f 6139 	367 	6138
f 367 	368 	6138
f 6140 	6141 	4248
f 4247 	4248 	6141
f 6139 	6140 	4248
f 6141 	6143 	4247
f 6144 	5846 	6143
f 6145 	6146 	5846
f 5845 	5846 	6146
f 373 	5843 	6146
f 1166 	868 	1165
f 1508 	6257 	1402
f 6184 	1197 	6180
f 6150 	6028 	6149
f 2378 	2377 	5868
f 5867 	5868 	2376
f 3892 	3893 	6126
f 6131 	6132 	3899
f 3893 	3898 	6126
f 6156 	6228 	6155
f 2946 	6155 	2947
f 2946 	2949 	6155
f 6157 	6030 	6165
f 2949 	2950 	6155
f 6158 	6155 	2950
f 6160 	6159 	2950
f 6159 	6158 	2950
f 6162 	6161 	2950
f 6160 	2950 	6161
f 6162 	2950 	2956
f 6207 	6204 	883
f 2424 	2423 	5867
f 6206 	5866 	6218
f 6165 	5865 	6164
f 6191 	883 	6190
f 6188 	883 	6192
f 6096 	569 	6169
f 6169 	569 	6170
f 6171 	6170 	569
f 6193 	882 	6184
f 6172 	569 	6174
f 6174 	569 	6175
f 6173 	1164 	6103
f 607 	605 	569
f 6190 	881 	6193
f 6176 	601 	6177
f 6101 	6102 	6173
f 6177 	6173 	6178
f 6178 	6173 	6102
f 6101 	6173 	6103
f 1408 	6104 	1164
f 6183 	6118 	6182
f 6103 	1164 	6104
f 6186 	6123 	6187
f 6182 	6118 	1408
f 297 	6124 	25
f 6187 	6121 	6183
f 6189 	6195 	883
f 6195 	6207 	883
f 1402 	6257 	1198
f 6192 	883 	6191
f 6188 	6189 	883
f 6205 	5969 	6204
f 5990 	5970 	6205
f 6149 	6029 	6157
f 2376 	2373 	5867
f 6235 	6236 	5867
f 6218 	5866 	6220
f 6235 	5867 	6237
f 6246 	6237 	5867
f 4033 	5970 	5990
f 6164 	5865 	6206
f 6204 	5969 	883
f 2423 	2422 	5867
f 2371 	2370 	5867
f 6220 	5866 	6240
f 6240 	5866 	6242
f 5867 	6236 	6243
f 2373 	2372 	5867
f 2372 	2374 	5867
f 2371 	5867 	2374
f 2378 	5868 	2379
f 6233 	2406 	5868
f 2379 	5868 	2406
f 6242 	5866 	6243
f 6241 	6261 	1508
f 6246 	5867 	2422
f 6238 	6265 	6241
f 5867 	2452 	2424
f 6258 	1198 	6257
f 2453 	5867 	2370
f 2452 	5867 	2453
f 6263 	1508 	6262
f 6238 	801 	6269
f 6268 	6269 	801
f 6180 	1198 	6258
f 6262 	1508 	6261
f 6257 	1508 	6263
f 6266 	6241 	6265
f 6261 	6241 	6266
f 6269 	6265 	6238
f 6301 	6334 	2401
f 6356 	6026 	5974
f 6288 	6015 	6287
f 6012 	6294 	6011
f 6061 	6295 	6012
f 6011 	6294 	6013
f 6058 	6295 	6061
f 6053 	6297 	6054
f 6287 	6014 	6289
f 6289 	6014 	6291
f 6054 	6296 	6058
f 6291 	6013 	6293
f 6295 	6058 	6296
f 6293 	6013 	6294
f 6294 	6012 	6295
f 6296 	6054 	6297
f 6151 	6028 	6150
f 2401 	2080 	6282
f 2006 	2007 	6281
f 6281 	6282 	2080
f 2080 	2006 	6281
f 6302 	712 	6334
f 6130 	712 	6302
f 6127 	712 	6130
f 2554 	2553 	6127
f 2520 	2519 	6127
f 2528 	2552 	6127
f 2552 	2554 	6127
f 6129 	2521 	6127
f 2560 	2558 	6127
f 712 	6127 	2558
f 2563 	712 	2556
f 2564 	712 	2563
f 2553 	2560 	6127
f 2558 	2557 	712
f 2557 	2555 	712
f 2567 	2574 	712
f 2555 	2556 	712
f 2567 	712 	2565
f 2565 	712 	2564
f 2572 	2573 	712
f 6132 	6126 	3898
f 2947 	6155 	6226
f 6226 	6155 	6227
f 6227 	6155 	6228
f 6228 	6156 	6229
f 154 	6229 	6134
f 150 	153 	6134
f 6156 	6134 	6229
f 153 	154 	6134
f 3898 	3899 	6132
f 2596 	2576 	6133
f 2570 	712 	2569
f 712 	2574 	2572
f 2569 	712 	2573
f 2585 	156 	2582
f 713 	2401 	6334
f 6339 	6341 	5868
f 2377 	2376 	5868
f 5868 	5869 	6339
f 6338 	6339 	5869
f 6230 	6231 	5868
f 6341 	6230 	5868
f 6231 	6233 	5868
f 1961 	1962 	6278
f 6283 	6301 	2401
f 2570 	2577 	712
f 2582 	156 	2577
f 712 	2577 	156
f 2591 	156 	2585
f 2590 	2592 	156
f 2593 	156 	2595
f 2590 	156 	2591
f 2592 	2595 	156
f 2593 	2598 	156
f 2598 	2600 	156
f 2600 	2601 	156
f 2601 	2602 	156
f 2602 	2604 	156
f 6278 	6279 	1961
f 1960 	1961 	6280
f 2007 	1960 	6281
f 6279 	6280 	1961
f 6280 	6281 	1960
f 6542 	5809 	370
f 5828 	5861 	5860
f 374 	5843 	373
f 6543 	5843 	374
f 4256 	5843 	6543
f 6559 	156 	6557
f 4344 	6558 	156
f 6557 	156 	6558
f 6561 	156 	6562
f 6559 	6560 	156
f 6561 	436 	156
f 6562 	156 	6560
f 5114 	435 	4813
f 6334 	712 	713
f 6282 	6283 	2401
f 6277 	6278 	1962
# 3856 faces

g group_0_16768282

usemtl color_16768282
s 0

f 26 	5441 	6186
f 173 	170 	5245
f 164 	156 	5245
f 5244 	5245 	156
f 170 	167 	5245
f 173 	5243 	180
f 180 	5243 	184
f 188 	184 	5243
f 364 	1721 	365
f 4249 	4248 	5889
f 6156 	6155 	373
f 377 	374 	379
f 374 	375 	376
f 375 	374 	377
f 322 	1524 	323
f 1525 	1526 	323
f 569 	568 	575
f 568 	5449 	364
f 583 	581 	364
f 568 	364 	575
f 581 	575 	364
f 583 	364 	365
f 596 	1163 	597
f 617 	616 	593
f 592 	593 	616
f 616 	599 	592
f 591 	590 	597
f 638 	637 	627
f 612 	627 	637
f 608 	609 	637
f 607 	608 	635
f 598 	597 	590
f 599 	598 	590
f 590 	592 	599
f 593 	614 	617
f 614 	602 	617
f 618 	617 	602
f 602 	601 	618
f 601 	603 	618
f 619 	618 	603
f 603 	604 	619
f 620 	619 	604
f 604 	605 	620
f 799 	800 	797
f 801 	798 	800
f 798 	797 	800
f 621 	620 	605
f 634 	621 	605
f 605 	607 	634
f 635 	634 	607
f 636 	635 	608
f 637 	636 	608
f 609 	612 	637
f 627 	628 	638
f 639 	638 	628
f 628 	629 	639
f 640 	639 	629
f 629 	631 	640
f 641 	640 	631
f 631 	632 	641
f 642 	641 	632
f 632 	837 	642
f 887 	898 	861
f 855 	1164 	596
f 1164 	1163 	596
f 837 	844 	642
f 643 	642 	844
f 844 	845 	643
f 644 	643 	845
f 861 	644 	845
f 845 	887 	861
f 862 	861 	898
f 900 	902 	863
f 902 	857 	863
f 864 	863 	857
f 866 	865 	858
f 858 	860 	866
f 867 	866 	860
f 868 	867 	860
f 875 	874 	1197
f 1198 	1197 	874
f 872 	876 	868
f 884 	868 	876
f 860 	872 	868
f 876 	878 	884
f 883 	884 	878
f 878 	877 	883
f 881 	883 	877
f 882 	881 	877
f 856 	858 	865
f 865 	864 	856
f 857 	856 	864
f 863 	862 	900
f 898 	900 	862
f 910 	938 	911
f 914 	911 	916
f 916 	918 	914
f 915 	914 	918
f 919 	915 	918
f 934 	933 	927
f 916 	911 	938
f 930 	938 	910
f 910 	922 	930
f 931 	930 	922
f 922 	921 	931
f 921 	924 	931
f 932 	931 	924
f 924 	925 	932
f 925 	926 	932
f 933 	932 	926
f 926 	927 	933
f 927 	928 	934
f 935 	934 	928
f 928 	907 	935
f 936 	935 	907
f 909 	937 	907
f 937 	936 	907
f 1008 	1156 	1007
f 1033 	1045 	1030
f 1030 	1044 	1028
f 1028 	1044 	1025
f 1043 	1041 	1025
f 1043 	1025 	1044
f 1038 	1046 	1037
f 1036 	1037 	1046
f 1062 	1046 	1038
f 937 	909 	1041
f 909 	1021 	1041
f 1021 	1025 	1041
f 1044 	1030 	1045
f 1046 	1045 	1033
f 1033 	1035 	1046
f 1062 	1065 	1046
f 1047 	1046 	1065
f 1065 	1066 	1047
f 1066 	1067 	1047
f 1048 	1047 	1067
f 1035 	1036 	1046
f 1069 	581 	1048
f 1068 	1069 	1048
f 1051 	583 	1052
f 1067 	1068 	1048
f 1049 	1048 	581
f 1051 	1050 	581
f 1050 	1049 	581
f 581 	583 	1051
f 1086 	1097 	583
f 1053 	583 	1092
f 1092 	583 	1093
f 1088 	1087 	1094
f 1097 	1083 	1094
f 1090 	1118 	1095
f 1052 	583 	1053
f 1093 	583 	1097
f 1083 	1097 	1084
f 1084 	1097 	1086
f 1111 	1095 	1117
f 1118 	1117 	1095
f 1088 	1094 	1083
f 1105 	1107 	1115
f 1103 	1105 	1115
f 1116 	1115 	1109
f 1109 	1110 	1116
f 1095 	1094 	1090
f 1124 	1125 	1114
f 1122 	1124 	1114
f 1119 	1120 	1114
f 1122 	1114 	1120
f 1126 	486 	1114
f 1125 	1126 	1114
f 1128 	1102 	1114
f 1127 	1128 	1114
f 486 	1127 	1114
f 1101 	1103 	1115
f 1102 	1101 	1115
f 1115 	1114 	1102
f 1087 	1090 	1094
f 1117 	1116 	1110
f 1107 	1109 	1115
f 1110 	1111 	1117
f 1153 	915 	919
f 591 	597 	1163
f 1166 	1408 	855
f 1164 	855 	1408
f 1165 	6182 	1166
f 965 	1525 	964
f 965 	971 	1525
f 1535 	1533 	1156
f 1508 	1402 	873
f 877 	875 	882
f 1197 	882 	875
f 1530 	364 	277
f 1533 	1721 	364
f 919 	1233 	1153
f 919 	1234 	1233
f 1007 	1006 	568
f 5434 	993 	989
f 2775 	1008 	1007
f 972 	971 	5428
f 972 	5428 	989
f 873 	1195 	6241
f 6241 	1508 	873
f 1198 	874 	1402
f 1195 	1200 	6241
f 1200 	1199 	6241
f 6241 	1199 	6238
f 1525 	323 	1524
f 1232 	1233 	1234
f 1234 	2060 	1403
f 1403 	1232 	1234
f 2052 	1403 	2060
f 1005 	5446 	1006
f 5449 	568 	1006
f 569 	2775 	568
f 28 	6183 	1165
f 27 	6187 	28
f 6183 	6182 	1165
f 5434 	989 	5428
f 2375 	5439 	2369
f 5446 	1005 	5405
f 874 	873 	1402
f 798 	6238 	1199
f 801 	6238 	798
f 285 	283 	1538
f 321 	323 	1526
f 280 	1543 	1544
f 273 	280 	1527
f 1535 	1721 	1533
f 1522 	283 	1526
f 285 	1538 	1543
f 364 	1530 	1533
f 1544 	1527 	280
f 321 	1526 	283
f 273 	1527 	1530
f 1522 	1538 	283
f 312 	285 	1543
f 280 	312 	1543
f 1530 	277 	273
f 964 	1525 	1524
f 1526 	971 	1522
f 972 	989 	1522
f 1005 	1006 	1527
f 1538 	1522 	989
f 989 	1543 	1538
f 1543 	993 	1544
f 994 	1005 	1544
f 1849 	1848 	1841
f 1842 	1841 	1848
f 1854 	1845 	1853
f 1845 	1844 	1853
f 1852 	1853 	1844
f 1844 	1843 	1852
f 1964 	1845 	1854
f 1851 	1852 	1843
f 1843 	1842 	1851
f 1848 	1851 	1842
f 1863 	1864 	1972
f 1972 	1971 	1863
f 1855 	1973 	1865
f 1864 	1865 	1973
f 1973 	1972 	1864
f 1865 	1866 	1855
f 1856 	1855 	1866
f 1866 	1867 	1856
f 1857 	1856 	1867
f 1849 	1858 	1868
f 1868 	1857 	1867
f 1841 	1858 	1849
f 1857 	1868 	1858
f 2007 	2008 	1960
f 1961 	1960 	2009
f 1854 	2074 	1964
f 1971 	1970 	1859
f 1859 	1861 	1971
f 1861 	1862 	1971
f 1862 	1863 	1971
f 1974 	1982 	1975
f 1976 	1975 	1983
f 1982 	1983 	1975
f 1984 	1985 	1977
f 1977 	1976 	1984
f 1983 	1984 	1976
f 1980 	1979 	1988
f 1970 	1980 	1989
f 1985 	1986 	1979
f 1860 	1970 	1989
f 1859 	1970 	1860
f 1979 	1978 	1985
f 1978 	1977 	1985
f 1988 	1989 	1980
f 1986 	1988 	1979
f 2019 	1997 	1961
f 1962 	1961 	1997
f 1990 	1963 	1998
f 1997 	1996 	1962
f 1992 	1991 	2000
f 1999 	2000 	1991
f 2000 	2001 	1992
f 1991 	1990 	1999
f 1998 	1999 	1990
f 2003 	2004 	1994
f 1974 	1994 	2004
f 1994 	1993 	2003
f 1982 	1974 	2004
f 2002 	2003 	1993
f 1993 	1992 	2002
f 2001 	2002 	1992
f 2008 	2009 	1960
f 2014 	2015 	2027
f 2012 	2027 	2015
f 2015 	2016 	2012
f 2013 	2012 	2016
f 2013 	2016 	2017
f 1996 	1998 	1963
f 1963 	1962 	1996
f 2019 	1961 	2009
f 2020 	2042 	2021
f 2021 	2043 	2022
f 2023 	2022 	2029
f 2029 	2028 	2023
f 2028 	2030 	2023
f 2024 	2023 	2030
f 2030 	2031 	2024
f 2025 	2024 	2031
f 2026 	2025 	2031
f 2031 	2032 	2026
f 2014 	2027 	2032
f 2026 	2032 	2027
f 2038 	2039 	2057
f 2034 	2057 	2039
f 2040 	2034 	2039
f 2041 	2035 	2040
f 2042 	2020 	2041
f 2029 	2022 	2043
f 2043 	2021 	2042
f 2036 	2041 	2020
f 2035 	2041 	2036
f 2034 	2040 	2035
f 2046 	2013 	2017
f 2017 	2018 	2046
f 2047 	2046 	2018
f 2060 	2061 	2053
f 2053 	2052 	2060
f 2054 	2053 	2062
f 2061 	2062 	2053
f 2062 	2063 	2054
f 2055 	2054 	2063
f 2063 	2037 	2055
f 2037 	2038 	2056
f 2057 	2056 	2038
f 2056 	2055 	2037
f 971 	1526 	1525
f 1530 	1006 	1533
f 1007 	1533 	1006
f 1007 	1156 	1533
f 2074 	2140 	1965
f 1965 	1964 	2074
f 2008 	2080 	2104
f 2104 	2401 	2102
f 2007 	2006 	2008
f 2018 	2382 	2047
f 2398 	2077 	2141
f 2140 	2141 	2076
f 2076 	1965 	2140
f 2076 	2141 	2077
f 2143 	2077 	2398
f 2080 	2008 	2006
f 2365 	2375 	2364
f 2383 	2047 	2382
f 2047 	2383 	2385
f 392 	2385 	2691
f 2691 	2385 	2383
f 1527 	1544 	1005
f 972 	1522 	971
f 993 	1543 	989
f 994 	1544 	993
f 1530 	1527 	1006
f 2398 	6024 	2399
f 2399 	2143 	2398
f 2080 	2401 	2104
f 964 	3792 	2369
f 2369 	3792 	2375
f 964 	1524 	3792
f 2587 	2588 	2586
f 712 	2101 	713
f 2102 	2401 	2100
f 3804 	2364 	2375
f 2375 	3792 	3804
f 3822 	2364 	3804
f 2385 	392 	2695
f 797 	2695 	799
f 799 	2695 	392
f 5424 	5425 	964
f 2365 	5396 	2375
f 5439 	2375 	5392
f 1007 	568 	2775
f 3804 	3821 	3822
f 2606 	3821 	3804
f 3900 	3907 	3893
f 3893 	3892 	3900
f 3899 	3954 	3903
f 3949 	3950 	3903
f 3907 	3913 	3893
f 3966 	3982 	3893
f 3906 	3903 	3950
f 3911 	3906 	3950
f 3982 	3978 	3893
f 3928 	3911 	3950
f 3934 	3928 	3950
f 3899 	3898 	3954
f 3948 	3937 	3950
f 3937 	3934 	3950
f 3949 	3903 	3954
f 3913 	3966 	3893
f 3978 	3953 	3898
f 3953 	3954 	3898
f 3972 	3975 	3982
f 3981 	3982 	3975
f 3975 	3980 	3981
f 3966 	3972 	3982
f 3898 	3893 	3978
f 2562 	2586 	3792
f 322 	2562 	1524
f 2586 	2588 	3804
f 3804 	3792 	2586
f 3792 	1524 	2562
f 2606 	3804 	2588
f 4247 	5846 	5860
f 4248 	4247 	5860
f 2550 	6338 	4259
f 5178 	5251 	5179
f 5179 	5251 	156
f 5183 	5251 	5181
f 5243 	173 	5245
f 5178 	5181 	5251
f 5230 	5250 	5183
f 5247 	5254 	5238
f 5234 	5238 	5232
f 5242 	192 	5243
f 188 	5243 	192
f 167 	164 	5245
f 5253 	5254 	5247
f 5232 	5238 	5230
f 5230 	5238 	5254
f 5251 	5183 	5250
f 5244 	156 	5251
f 5247 	5252 	5253
f 5254 	5250 	5230
f 5391 	5392 	2375
f 5440 	5950 	25
f 5392 	5438 	5439
f 25 	6186 	5441
f 5440 	25 	5441
f 994 	5405 	1005
f 5449 	1006 	5446
f 5446 	273 	5449
f 277 	364 	5449
f 277 	5449 	273
f 322 	5424 	2562
f 2586 	2562 	5439
f 322 	323 	5424
f 312 	5435 	285
f 5425 	5424 	323
f 285 	5434 	283
f 312 	280 	5435
f 5438 	2587 	5439
f 5423 	2562 	5424
f 5434 	285 	5435
f 5405 	5435 	280
f 273 	5446 	280
f 5405 	280 	5446
f 5423 	5439 	2562
f 5427 	323 	321
f 5425 	323 	5427
f 321 	283 	5427
f 5428 	5427 	283
f 5428 	283 	5434
f 2586 	5439 	2587
f 5777 	5776 	5703
f 5702 	5703 	5776
f 5703 	5783 	5777
f 5776 	5815 	5702
f 5708 	5744 	5707
f 5706 	5707 	5744
f 5704 	5706 	5744
f 5729 	5731 	5710
f 5711 	5710 	5731
f 5731 	5732 	5711
f 5712 	5711 	5732
f 5713 	5712 	5732
f 5732 	5733 	5713
f 5733 	5734 	5713
f 5715 	5713 	5734
f 5734 	5735 	5715
f 5716 	5715 	5735
f 5735 	5699 	5716
f 5717 	5716 	5699
f 5699 	5698 	5717
f 5718 	5717 	5698
f 5698 	5700 	5718
f 5719 	5718 	5700
f 5746 	5747 	5745
f 5747 	5749 	5745
f 5748 	5749 	5747
f 5744 	5745 	5749
f 5744 	5749 	5705
f 5705 	5704 	5744
f 5744 	5708 	5730
f 5710 	5742 	5729
f 5730 	5729 	5742
f 5744 	5730 	5742
f 5752 	5756 	5764
f 5756 	5757 	5765
f 5765 	5764 	5756
f 5768 	5767 	5760
f 5766 	5765 	5757
f 5757 	5759 	5766
f 5767 	5766 	5759
f 5743 	5771 	5762
f 5770 	5769 	5762
f 5760 	5767 	5759
f 5761 	5762 	5769
f 5769 	5768 	5761
f 5760 	5761 	5768
f 5701 	5702 	5720
f 5720 	5719 	5701
f 5815 	5720 	5702
f 5778 	5777 	5784
f 5783 	5784 	5777
f 5780 	5779 	5786
f 5779 	5778 	5785
f 5787 	5780 	5786
f 5784 	5785 	5778
f 5782 	5781 	5787
f 5781 	5780 	5787
f 5785 	5786 	5779
f 5787 	5788 	5782
f 5788 	5795 	5789
f 5789 	5782 	5788
f 5790 	5789 	5795
f 5797 	5798 	5791
f 5798 	5802 	5791
f 5791 	5790 	5797
f 5796 	5797 	5790
f 5795 	5796 	5790
f 5805 	5806 	5791
f 5802 	5805 	5791
f 5792 	5791 	5807
f 5806 	5807 	5791
f 5807 	5808 	5793
f 5809 	5793 	5808
f 5793 	5792 	5807
f 5794 	5793 	5809
f 5817 	5816 	5850
f 5700 	5701 	5719
f 5809 	5812 	5794
f 5816 	5794 	5812
f 5812 	5850 	5816
f 5850 	5861 	5817
f 5818 	5817 	5861
f 5861 	5828 	5818
f 5828 	5827 	5818
f 5827 	5829 	5818
f 5820 	5819 	5830
f 5830 	5831 	5820
f 5821 	5820 	5831
f 5822 	5821 	5832
f 5831 	5832 	5821
f 5832 	5837 	5822
f 5837 	5839 	5822
f 5836 	5822 	5839
f 5839 	5841 	5836
f 5834 	5836 	5841
f 5841 	5838 	5834
f 5750 	5834 	5838
f 5846 	5845 	5858
f 5858 	5860 	5846
f 5845 	5844 	5858
f 5852 	5855 	5844
f 5853 	5852 	5844
f 5844 	5843 	5853
f 5829 	5830 	5819
f 5819 	5818 	5829
f 5865 	5864 	5874
f 5864 	6030 	5874
f 5875 	5874 	6030
f 5877 	5867 	5876
f 5867 	5866 	5876
f 5867 	5877 	5868
f 5866 	5871 	5876
f 5871 	5870 	5876
f 5870 	5865 	5876
f 5854 	5853 	5843
f 5869 	5854 	5843
f 5880 	5854 	5869
f 5868 	5877 	5869
f 5880 	5869 	5877
f 5771 	5743 	5873
f 5838 	5873 	5750
f 5750 	5873 	5743
f 5770 	5762 	5771
f 5855 	5856 	5844
f 5856 	5858 	5844
f 6098 	368 	4255
f 5900 	5901 	5905
f 5906 	5905 	5901
f 5905 	5904 	5900
f 5901 	5902 	5906
f 5907 	5906 	5902
f 5920 	5919 	5897
f 5896 	5897 	5919
f 5919 	5918 	5896
f 1259 	5896 	5918
f 5917 	5916 	5894
f 1259 	5917 	5894
f 5904 	5921 	5898
f 5898 	5900 	5904
f 5902 	5753 	5907
f 5908 	5907 	5753
f 5753 	5752 	5908
f 5764 	5908 	5752
f 5923 	6012 	5924
f 6012 	6011 	5924
f 5912 	5931 	5913
f 5913 	5934 	5914
f 5893 	5892 	5915
f 5914 	5937 	5915
f 5916 	5915 	5892
f 5917 	1259 	5918
f 5892 	5894 	5916
f 5897 	5898 	5920
f 5921 	5920 	5898
f 297 	25 	5950
f 3892 	297 	5969
f 5970 	3900 	3892
f 5970 	3892 	5969
f 5950 	5969 	297
f 5893 	5915 	5938
f 5937 	5914 	5934
f 5938 	5915 	5937
f 6003 	6015 	6004
f 6005 	6004 	5974
f 5974 	5976 	6005
f 6006 	6005 	5976
f 5976 	5977 	6006
f 6007 	6006 	5977
f 5977 	5998 	6007
f 6008 	6007 	5998
f 6009 	6008 	5998
f 5998 	5999 	6009
f 5999 	5932 	6009
f 5911 	6009 	5932
f 5931 	5912 	5932
f 5934 	5913 	5931
f 5911 	5932 	5912
f 5974 	6004 	6015
f 6015 	6016 	6014
f 6013 	6014 	6016
f 6016 	5926 	6013
f 6016 	6015 	6003
f 5926 	5925 	6013
f 6011 	6013 	5925
f 5925 	5924 	6011
f 6353 	2400 	6025
f 6026 	6353 	6025
f 6067 	6066 	6053
f 6052 	6053 	6066
f 6042 	6048 	6043
f 6053 	6054 	6067
f 5922 	6067 	6054
f 6054 	6058 	5922
f 6044 	6100 	6047
f 6050 	6055 	6048
f 6048 	6042 	6047
f 6044 	6047 	6042
f 6100 	6099 	6047
f 6043 	6048 	6062
f 5874 	5876 	5865
f 6062 	6048 	6055
f 6057 	6056 	6070
f 6056 	6055 	6069
f 6050 	6069 	6055
f 6063 	5875 	6029
f 6030 	6029 	5875
f 5923 	5922 	6058
f 6049 	6052 	6066
f 6066 	6065 	6049
f 6061 	5923 	6058
f 6031 	6049 	6065
f 6028 	6031 	6065
f 6065 	6064 	6028
f 6029 	6028 	6064
f 6064 	6063 	6029
f 6072 	6059 	6071
f 6060 	6059 	6072
f 6059 	6057 	6071
f 6070 	6071 	6057
f 6070 	6056 	6068
f 6069 	6068 	6056
f 6170 	6171 	6083
f 6072 	6076 	6060
f 6077 	6076 	6090
f 6072 	6090 	6076
f 6080 	6079 	6169
f 6096 	6169 	6079
f 6079 	6078 	6096
f 6169 	6170 	6080
f 6095 	6096 	6078
f 6094 	6095 	6078
f 6092 	6094 	6078
f 2852 	6092 	6078
f 6078 	6077 	2852
f 2852 	6077 	6090
f 6099 	6098 	369
f 6045 	6047 	6099
f 6046 	6045 	6099
f 369 	6046 	6099
f 6083 	6172 	6084
f 6106 	6174 	6107
f 6107 	6175 	6108
f 6109 	6177 	6110
f 6110 	6178 	6111
f 6112 	6111 	6102
f 6102 	6101 	6112
f 6101 	6103 	6112
f 6113 	6112 	6103
f 6103 	6104 	6113
f 6114 	6113 	6104
f 6150 	6149 	6130
f 6073 	6157 	6074
f 6074 	6157 	6075
f 6085 	6129 	6157
f 6086 	6085 	6157
f 6104 	6118 	6114
f 6093 	6157 	6097
f 6116 	6121 	6136
f 6089 	6157 	6091
f 6075 	6157 	2489
f 6137 	6136 	6123
f 6138 	6137 	6123
f 6091 	6157 	6093
f 6097 	6157 	6073
f 6129 	6127 	6149
f 6138 	6124 	6139
f 6140 	6126 	6141
f 6123 	6124 	6138
f 2490 	2489 	6157
f 6149 	6157 	6129
f 6141 	6126 	6143
f 6144 	6143 	6132
f 6131 	6133 	6144
f 6121 	6116 	6118
f 6123 	6136 	6121
f 6114 	6118 	6116
f 6132 	6143 	6126
f 6124 	6126 	6139
f 6139 	6126 	6140
f 6131 	6144 	6132
f 6145 	6144 	6133
f 6146 	6145 	6133
f 6133 	6134 	6146
f 373 	6146 	6134
f 6134 	6156 	373
f 374 	373 	6155
f 6158 	6159 	374
f 6155 	6158 	374
f 6160 	6161 	374
f 2955 	374 	6161
f 6159 	6160 	374
f 379 	374 	378
f 378 	374 	2951
f 2951 	374 	2952
f 2956 	2955 	6162
f 2952 	374 	2955
f 6161 	6162 	2955
f 6172 	6083 	6171
f 6083 	6082 	6170
f 6174 	6106 	6172
f 6084 	6172 	6106
f 6082 	6080 	6170
f 6175 	6107 	6174
f 6176 	6109 	6175
f 6178 	6110 	6177
f 6102 	6111 	6178
f 6176 	6177 	6109
f 6108 	6175 	6109
f 6183 	28 	6187
f 27 	26 	6187
f 1408 	1166 	6182
f 6186 	6187 	26
f 6220 	2417 	6218
f 6088 	6086 	6157
f 6230 	2380 	6231
f 6230 	2387 	2380
f 2403 	6233 	2380
f 2406 	6233 	2403
f 6231 	2380 	6233
f 2387 	6230 	2405
f 2411 	6235 	6237
f 6243 	2418 	6242
f 6242 	2418 	6240
f 2414 	6164 	2413
f 6218 	2417 	6206
f 6220 	6240 	2417
f 6236 	2418 	6243
f 2413 	6164 	2412
f 2412 	6164 	2415
f 2415 	6206 	2417
f 6235 	2411 	6236
f 2418 	6236 	2411
f 2417 	6240 	2418
f 6237 	6246 	2421
f 6237 	2421 	2420
f 6246 	2422 	2421
f 2420 	2411 	6237
f 6165 	2457 	6157
f 2456 	6157 	2457
f 6206 	2415 	6164
f 2454 	6157 	2456
f 2455 	6157 	2454
f 2463 	6164 	2462
f 2486 	6164 	2414
f 2457 	6164 	2458
f 2458 	6164 	2461
f 2461 	6164 	2463
f 2462 	6164 	2486
f 6164 	2457 	6165
f 6089 	6088 	6157
f 2494 	2493 	6157
f 2491 	2490 	6157
f 2496 	6157 	2455
f 2492 	2491 	6157
f 2493 	2492 	6157
f 2494 	6157 	2496
f 6275 	6289 	6276
f 6291 	6293 	6276
f 6277 	6276 	6293
f 6278 	6277 	6294
f 6293 	6294 	6277
f 6289 	6275 	6287
f 6279 	6278 	6295
f 6294 	6295 	6278
f 164 	2101 	156
f 2100 	2401 	2101
f 6283 	6282 	6297
f 6297 	6298 	6283
f 6301 	6283 	6298
f 6334 	6301 	6298
f 6282 	6281 	6297
f 6296 	6297 	6281
f 6295 	6296 	6280
f 6280 	6279 	6295
f 712 	156 	2101
f 6061 	6012 	5923
f 6281 	6280 	6296
f 6298 	6151 	6334
f 6302 	6334 	6151
f 6151 	6150 	6302
f 6130 	6302 	6150
f 6127 	6130 	6149
f 6339 	6338 	2542
f 2531 	2530 	6339
f 4257 	4260 	6338
f 6341 	6339 	2530
f 6341 	2407 	6230
f 2530 	2407 	6341
f 2531 	6339 	2542
f 2405 	6230 	2407
f 2542 	6338 	2543
f 2543 	6338 	2545
f 4256 	4260 	4257
f 2545 	6338 	2547
f 2547 	6338 	2549
f 2549 	6338 	2550
f 2400 	2399 	6024
f 6024 	6025 	2400
f 6291 	6276 	6289
f 6287 	6355 	6288
f 6356 	6354 	6026
f 6288 	6354 	6356
f 6355 	6287 	6275
f 6354 	6288 	6355
f 6353 	6026 	6354
f 5424 	964 	5423
f 994 	993 	5405
f 5435 	5405 	993
f 5860 	5889 	4248
f 368 	367 	4255
f 367 	4249 	5889
f 5889 	4255 	367
f 369 	6098 	370
f 370 	6098 	6542
f 6542 	6098 	4255
f 374 	376 	6543
f 5346 	5344 	4256
f 4259 	6338 	4260
f 5344 	5343 	4256
f 4260 	4256 	5343
f 6543 	376 	4256
f 5346 	4256 	5349
f 5349 	4256 	5350
f 5350 	4256 	376
f 713 	2101 	2401
f 5391 	2375 	5396
f 5423 	2369 	5439
f 2369 	5423 	964
f 965 	964 	5425
f 5427 	971 	5425
f 965 	5425 	971
f 5427 	5428 	971
f 5435 	993 	5434
# 911 faces

 #end of obj_0

